condition,distribution,representation,target_nodes,actual_nodes,h,method,valid,optimal,statuses,rss_max_MiB,primary_median_seconds,preprocess_median_seconds,model_median_seconds,solver_median_seconds,interpret_median_seconds,reconstruct_median_seconds,profile_variables,profile_constraints,profile_components,profile_max_component_candidates,residual_candidates
60,matplotlib,fielded,1000000,1011144,11/10,A0,6,0,"{""limit_feasible"": 6}",1021.28515625,28.475664400029927,0.021837899985257536,0.6265033000381663,26.650814799999353,0.1933921500458382,0.9329756000661291,409690.0,614535.0,1.0,204845.0,204845.0
61,pydantic,fielded,1000000,668703,11/10,A0,6,0,"{""limit_feasible"": 6}",794.3671875,27.834958350053057,0.012737350014504045,0.3748638000106439,26.742028899956495,0.12176190002355725,0.5493300000089221,237114.0,355671.0,1.0,118557.0,118557.0
68,matplotlib,fielded,1000000,1011144,5/4,A0,6,0,"{""limit_feasible"": 6}",1021.265625,28.538302299915813,0.02247289998922497,0.6451864000409842,26.582852799911052,0.1990918000228703,1.0307269499171525,409690.0,614535.0,1.0,204845.0,204845.0
69,pydantic,fielded,1000000,668703,5/4,A0,6,0,"{""limit_feasible"": 6}",773.76171875,28.359470700030215,0.015347699983976781,0.444898150046356,26.91067979997024,0.14400625007692724,0.760632949997671,237114.0,355671.0,1.0,118557.0,118557.0
76,matplotlib,fielded,1000000,1011144,3/2,A0,6,0,"{""limit_feasible"": 6}",1022.28515625,28.783863450051285,0.02654214994981885,0.7261507000075653,26.550587349920534,0.219636750058271,1.1572533999569714,409690.0,614535.0,1.0,204845.0,204845.0
77,pydantic,fielded,1000000,668703,3/2,A0,6,0,"{""limit_feasible"": 6}",784.16015625,27.93313749996014,0.013592750066891313,0.3956124499673024,26.683569799992256,0.126542350044474,0.6140697499504313,237114.0,355671.0,1.0,118557.0,118557.0
84,matplotlib,fielded,1000000,1011144,2,A0,6,0,"{""limit_feasible"": 6}",1022.03515625,28.639916050015017,0.022009899839758873,0.6194428500020877,26.81776884989813,0.19189484987873584,0.9301084999460727,409690.0,614535.0,1.0,204845.0,204845.0
85,pydantic,fielded,1000000,668703,2,A0,6,0,"{""limit_feasible"": 6}",789.93359375,27.93880264996551,0.012658950057812035,0.3737065999303013,26.837831799988635,0.12147909996565431,0.5529502000426874,237114.0,355671.0,1.0,118557.0,118557.0
92,matplotlib,fielded,1000000,1011144,32,A0,6,0,"{""limit_feasible"": 6}",1083.63671875,29.51595210004598,0.02212974987924099,0.6229175499174744,26.92340194992721,0.1921884500188753,1.6968305498594418,409690.0,614535.0,1.0,204845.0,204845.0
93,pydantic,fielded,1000000,668703,32,A0,6,0,"{""limit_feasible"": 6}",791.69921875,28.213961599999948,0.012903249943519768,0.3909342999982073,27.073147349999545,0.121989599977951,0.5938866999024413,237114.0,355671.0,1.0,118557.0,118557.0
94,aiohttp,fielded,1000000,426119,32,A0,6,0,"{""limit_feasible"": 6}",606.9296875,27.525191300000188,0.00905670000020109,0.2329954999995607,26.83300629999985,0.06738049999967188,0.3663465999998152,153492.0,230238.0,1.0,76746.0,76746.0
104,matplotlib,compact,10000000,1856156,11/10,A0,0,0,"{""METHOD_TIME_CAP"": 6}",1543.43359375,,,,,,,,,,,
108,matplotlib,fielded,10000000,3373699,11/10,A0,0,0,"{""METHOD_TIME_CAP"": 6}",2705.82421875,,,,,,,,,,,
112,matplotlib,compact,10000000,1856156,5/4,A0,0,0,"{""METHOD_TIME_CAP"": 6}",1548.703125,,,,,,,,,,,
116,matplotlib,fielded,10000000,3373699,5/4,A0,0,0,"{""METHOD_TIME_CAP"": 6}",2708.46484375,,,,,,,,,,,
120,matplotlib,compact,10000000,1856156,3/2,A0,0,0,"{""METHOD_TIME_CAP"": 6}",1549.328125,,,,,,,,,,,
124,matplotlib,fielded,10000000,3373699,3/2,A0,0,0,"{""METHOD_TIME_CAP"": 6}",2698.73828125,,,,,,,,,,,
128,matplotlib,compact,10000000,1856156,2,A0,0,0,"{""METHOD_TIME_CAP"": 6}",1549.0234375,,,,,,,,,,,
132,matplotlib,fielded,10000000,3373699,2,A0,0,0,"{""METHOD_TIME_CAP"": 6}",2707.546875,,,,,,,,,,,
136,matplotlib,compact,10000000,1856156,32,A0,0,0,"{""METHOD_TIME_CAP"": 6}",1543.6640625,,,,,,,,,,,
140,matplotlib,fielded,10000000,3373699,32,A0,0,0,"{""METHOD_TIME_CAP"": 6}",2707.859375,,,,,,,,,,,
140,matplotlib,fielded,10000000,3373699,32,A1,0,0,"{""METHOD_TIME_CAP"": 6}",1423.72265625,,,,,,,,,,,
140,matplotlib,fielded,10000000,3373699,32,A2,0,0,"{""METHOD_TIME_CAP"": 6}",1423.71484375,,,,,,,,,,,
