scope,h,conditions,known_optimum_conditions,AllU_gap_median_percent,AllU_gap_max_percent
all_ready,1,17,17,0.7540373654211526,1.9511371075025867
all_ready,11/10,17,17,0.8420393306230501,2.1799092633004107
all_ready,5/4,17,17,0.9724829852147383,2.5193191311612364
all_ready,3/2,17,17,1.1858280501005103,3.075222610168791
all_ready,2,17,17,1.5979147778785132,4.1517523104612835
all_ready,32,17,16,85.72249520578897,121.05624449717212
target_100k_matched,1,8,8,0.4959575778531968,1.9511371075025867
target_100k_matched,11/10,8,8,0.5989449204703022,2.1799092633004107
target_100k_matched,5/4,8,8,0.769918560766535,2.5193191311612364
target_100k_matched,3/2,8,8,1.0501738237600151,3.075222610168791
target_100k_matched,2,8,8,1.5937040585349007,4.1517523104612835
target_100k_matched,32,8,8,88.85904972154461,121.05624449717212
