condition,distribution,representation,target_nodes,actual_nodes,h,input_status,method,valid,numeric_or_theorem_optimum,costs,primary_median,converged_greedy,gap_percent_median,gap_percent_max
0,matplotlib,compact,100000,109859,1,READY,Greedy-prune,6,75521,"{""75521"": 6}",1.0418954500346445,6,0.0,0.0
0,matplotlib,compact,100000,109859,1,READY,Forest,6,75521,"{""75521"": 6}",0.2821559500298463,,0.0,0.0
0,matplotlib,compact,100000,109859,1,READY,A0,6,75521,"{""75521"": 6}",0.32413685001665726,,0.0,0.0
0,matplotlib,compact,100000,109859,1,READY,No-sharing,6,75521,"{""109859"": 6}",0.13988815003540367,,45.46814793236319,45.46814793236319
0,matplotlib,compact,100000,109859,1,READY,All-U,6,75521,"{""75564"": 6}",0.12639455002499744,,0.05693780537863641,0.05693780537863641
0,matplotlib,compact,100000,109859,1,READY,Greedy-add,6,75521,"{""76121"": 1, ""76160"": 1, ""76193"": 1, ""76169"": 1, ""76151"": 1, ""76130"": 1}",27.100719399983063,0,0.8401636630870883,0.8898187259172945
1,pydantic,compact,100000,100042,1,READY,Greedy-prune,6,61362,"{""61362"": 6}",2.9332073999685235,6,0.0,0.0
1,pydantic,compact,100000,100042,1,READY,Forest,6,61362,"{""61362"": 6}",0.23358195001492277,,0.0,0.0
1,pydantic,compact,100000,100042,1,READY,A0,6,61362,"{""61362"": 6}",0.7017854999867268,,0.0,0.0
1,pydantic,compact,100000,100042,1,READY,No-sharing,6,61362,"{""100042"": 6}",0.15937145001953468,,63.03575502754148,63.03575502754148
1,pydantic,compact,100000,100042,1,READY,All-U,6,61362,"{""61493"": 6}",0.08792545000324026,,0.21348717447280074,0.21348717447280074
1,pydantic,compact,100000,100042,1,READY,Greedy-add,6,61362,"{""63379"": 1, ""63411"": 1, ""63435"": 1, ""63495"": 1, ""63475"": 1, ""63207"": 1}",27.10307199996896,0,3.3587562334995598,3.476092695805221
2,aiohttp,compact,100000,108915,1,READY,Greedy-prune,6,63903,"{""63903"": 6}",3.2136735999956727,6,0.0,0.0
2,aiohttp,compact,100000,108915,1,READY,Forest,6,63903,"{""63903"": 6}",0.23468310001771897,,0.0,0.0
2,aiohttp,compact,100000,108915,1,READY,A0,6,63903,"{""63903"": 6}",0.6308176500024274,,0.0,0.0
2,aiohttp,compact,100000,108915,1,READY,No-sharing,6,63903,"{""108915"": 6}",0.16142404999118298,,70.43800760527674,70.43800760527674
2,aiohttp,compact,100000,108915,1,READY,All-U,6,63903,"{""64049"": 6}",0.0865442999638617,,0.22847127677886797,0.22847127677886797
2,aiohttp,compact,100000,108915,1,READY,Greedy-add,6,63903,"{""66350"": 1, ""66378"": 1, ""66374"": 1, ""66554"": 1, ""66654"": 1, ""66562"": 1}",27.11513565009227,0,4.010766317700265,4.3049622083470265
3,jsonschema,compact,100000,91848,1,READY,Greedy-prune,6,47083,"{""47083"": 6}",1.9283430500072427,6,0.0,0.0
3,jsonschema,compact,100000,91848,1,READY,Forest,6,47083,"{""47083"": 6}",0.19512789999134839,,0.0,0.0
3,jsonschema,compact,100000,91848,1,READY,A0,6,47083,"{""47083"": 6}",0.6414858999778517,,0.0,0.0
3,jsonschema,compact,100000,91848,1,READY,No-sharing,6,47083,"{""91848"": 6}",0.14368335000472143,,95.07677930463224,95.07677930463224
3,jsonschema,compact,100000,91848,1,READY,All-U,6,47083,"{""47195"": 6}",0.07506454997928813,,0.23787779028524095,0.23787779028524095
3,jsonschema,compact,100000,91848,1,READY,Greedy-add,6,47083,"{""47166"": 1, ""47144"": 1, ""47141"": 1, ""47202"": 1, ""47090"": 1, ""47083"": 1}",27.07557435001945,1,0.12637257608903427,0.25274515217806853
4,matplotlib,fielded,100000,130113,1,READY,Greedy-prune,6,50528,"{""50528"": 6}",6.509796749975067,6,0.0,0.0
4,matplotlib,fielded,100000,130113,1,READY,Forest,6,50528,"{""50528"": 6}",0.26901759998872876,,0.0,0.0
4,matplotlib,fielded,100000,130113,1,READY,A0,6,50528,"{""50528"": 6}",1.0681862500496209,,0.0,0.0
4,matplotlib,fielded,100000,130113,1,READY,No-sharing,6,50528,"{""130113"": 6}",0.2692248999956064,,157.5067289423686,157.5067289423686
4,matplotlib,fielded,100000,130113,1,READY,All-U,6,50528,"{""50909"": 6}",0.0893072999897413,,0.7540373654211526,0.7540373654211526
4,matplotlib,fielded,100000,130113,1,READY,Greedy-add,6,50528,"{""51322"": 1, ""51694"": 1, ""51726"": 1, ""51110"": 1, ""51037"": 1, ""51032"": 1}",27.091710300010163,0,1.3616212792906903,2.3709626345788477
5,pydantic,fielded,100000,106808,1,READY,Greedy-prune,6,49087,"{""49087"": 6}",13.498966749990359,6,0.0,0.0
5,pydantic,fielded,100000,106808,1,READY,Forest,6,49087,"{""49087"": 6}",0.23227789998054504,,0.0,0.0
5,pydantic,fielded,100000,106808,1,READY,A0,6,49087,"{""49087"": 6}",2.1488401999813505,,0.0,0.0
5,pydantic,fielded,100000,106808,1,READY,No-sharing,6,49087,"{""106808"": 6}",0.15997045004041865,,117.58917839753906,117.58917839753906
5,pydantic,fielded,100000,106808,1,READY,All-U,6,49087,"{""49801"": 6}",0.08072489994810894,,1.4545602705400615,1.4545602705400615
5,pydantic,fielded,100000,106808,1,READY,Greedy-add,6,49087,"{""50059"": 1, ""50041"": 1, ""50001"": 1, ""49953"": 1, ""49945"": 1, ""50017"": 1}",27.086977850005496,0,1.8782977162996315,1.9801576792226045
6,aiohttp,fielded,100000,105182,1,READY,Greedy-prune,6,47357,"{""47357"": 6}",16.71292825002456,6,0.0,0.0
6,aiohttp,fielded,100000,105182,1,READY,Forest,6,47357,"{""47357"": 6}",0.23297955002635717,,0.0,0.0
6,aiohttp,fielded,100000,105182,1,READY,A0,6,47357,"{""47357"": 6}",1.5318436499801464,,0.0,0.0
6,aiohttp,fielded,100000,105182,1,READY,No-sharing,6,47357,"{""105182"": 6}",0.16429500002413988,,122.10444073737779,122.10444073737779
6,aiohttp,fielded,100000,105182,1,READY,All-U,6,47357,"{""48281"": 6}",0.08214114996371791,,1.9511371075025867,1.9511371075025867
6,aiohttp,fielded,100000,105182,1,READY,Greedy-add,6,47357,"{""48015"": 1, ""48109"": 1, ""48107"": 1, ""48039"": 1, ""48049"": 2}",27.090960299945436,0,1.461241210380725,1.5879384251536206
7,jsonschema,fielded,100000,101506,1,READY,Greedy-prune,6,40547,"{""40548"": 6}",7.996763149974868,6,0.0024662737070560094,0.0024662737070560094
7,jsonschema,fielded,100000,101506,1,READY,Forest,6,40547,"{""40547"": 6}",0.21045140002388507,,0.0,0.0
7,jsonschema,fielded,100000,101506,1,READY,A0,6,40547,"{""40547"": 6}",1.3681139499531128,,0.0,0.0
7,jsonschema,fielded,100000,101506,1,READY,No-sharing,6,40547,"{""101506"": 6}",0.15359619999071583,,150.34157890842727,150.34157890842727
7,jsonschema,fielded,100000,101506,1,READY,All-U,6,40547,"{""41046"": 6}",0.07717270002467558,,1.2306705798209485,1.2306705798209485
7,jsonschema,fielded,100000,101506,1,READY,Greedy-add,6,40547,"{""40549"": 6}",24.571630800084677,6,0.004932547414112019,0.004932547414112019
8,matplotlib,compact,100000,109859,11/10,READY,Greedy-prune,6,756903/10,"{""756903/10"": 6}",13.976040349982213,6,0.0,0.0
8,matplotlib,compact,100000,109859,11/10,READY,A0,6,756903/10,"{""756903/10"": 6}",0.324812299979385,,0.0,0.0
8,matplotlib,compact,100000,109859,11/10,READY,A1,6,756903/10,"{""756903/10"": 6}",0.21721194998826832,,0.0,0.0
8,matplotlib,compact,100000,109859,11/10,READY,A2,6,756903/10,"{""756903/10"": 6}",0.27551464998396114,,0.0,0.0
8,matplotlib,compact,100000,109859,11/10,READY,All-U,6,756903/10,"{""75804"": 6}",0.12236094998661429,,0.1502173990590604,0.1502173990590604
8,matplotlib,compact,100000,109859,11/10,READY,Greedy-add,6,756903/10,"{""380784/5"": 2, ""152287/2"": 2, ""76172"": 1, ""761853/10"": 1}",27.094556600030046,0,0.6163273233161977,0.6539807610750651
9,pydantic,compact,100000,100042,11/10,READY,Greedy-prune,6,615989/10,"{""615989/10"": 6}",17.89191305002896,6,0.0,0.0
9,pydantic,compact,100000,100042,11/10,READY,A0,6,615989/10,"{""615989/10"": 6}",0.6486816499964334,,0.0,0.0
9,pydantic,compact,100000,100042,11/10,READY,A1,6,615989/10,"{""615989/10"": 6}",0.2078461500350386,,0.0,0.0
9,pydantic,compact,100000,100042,11/10,READY,A2,6,615989/10,"{""615989/10"": 6}",0.6287532499409281,,0.0,0.0
9,pydantic,compact,100000,100042,11/10,READY,All-U,6,615989/10,"{""618181/10"": 6}",0.08367850002832711,,0.3558505103175544,0.3558505103175544
9,pydantic,compact,100000,100042,11/10,READY,Greedy-add,6,615989/10,"{""632739/10"": 1, ""633207/10"": 1, ""633129/10"": 1, ""126657/2"": 1, ""633441/10"": 1, ""126735/2"": 1}",27.122597599984147,0,2.80151106594436,2.8711551667318735
10,aiohttp,compact,100000,108915,11/10,READY,Greedy-prune,6,320797/5,"{""128319/2"": 6}",15.89184924995061,6,0.0001558618066877184,0.0001558618066877184
10,aiohttp,compact,100000,108915,11/10,READY,A0,6,320797/5,"{""320797/5"": 6}",0.6936826999881305,,0.0,0.0
10,aiohttp,compact,100000,108915,11/10,READY,A1,6,320797/5,"{""320797/5"": 6}",0.20524435001425445,,0.0,0.0
10,aiohttp,compact,100000,108915,11/10,READY,A2,6,320797/5,"{""320797/5"": 6}",0.604254299949389,,0.0,0.0
10,aiohttp,compact,100000,108915,11/10,READY,All-U,6,320797/5,"{""321914/5"": 6}",0.08899695001309738,,0.3481952761403629,0.3481952761403629
10,aiohttp,compact,100000,108915,11/10,READY,Greedy-add,6,320797/5,"{""332593/5"": 1, ""133045/2"": 1, ""666083/10"": 1, ""665381/10"": 1, ""664913/10"": 1, ""332632/5"": 1}",27.129953299998306,0,3.686209659067884,3.816899783975536
11,jsonschema,compact,100000,91848,11/10,READY,Greedy-prune,6,472737/10,"{""472737/10"": 6}",7.1109806500026025,6,0.0,0.0
11,jsonschema,compact,100000,91848,11/10,READY,A0,6,472737/10,"{""472737/10"": 6}",0.6840198000427336,,0.0,0.0
11,jsonschema,compact,100000,91848,11/10,READY,A1,6,472737/10,"{""472737/10"": 6}",0.163597300008405,,0.0,0.0
11,jsonschema,compact,100000,91848,11/10,READY,A2,6,472737/10,"{""472737/10"": 6}",0.46841410000342876,,0.0,0.0
11,jsonschema,compact,100000,91848,11/10,READY,All-U,6,472737/10,"{""237159/5"": 6}",0.07112005003727973,,0.3344354260402719,0.3344354260402719
11,jsonschema,compact,100000,91848,11/10,READY,Greedy-add,6,472737/10,"{""47274"": 6}",26.60913995001465,6,0.0006346023264521287,0.0006346023264521287
12,matplotlib,fielded,100000,130113,11/10,READY,Greedy-prune,6,253848/5,"{""253848/5"": 6}",7.370805199956521,6,0.0,0.0
12,matplotlib,fielded,100000,130113,11/10,READY,A0,6,253848/5,"{""253848/5"": 6}",1.0612424999126233,,0.0,0.0
12,matplotlib,fielded,100000,130113,11/10,READY,A1,6,253848/5,"{""253848/5"": 6}",0.16945719998329878,,0.0,0.0
12,matplotlib,fielded,100000,130113,11/10,READY,A2,6,253848/5,"{""253848/5"": 6}",0.319278699986171,,0.0,0.0
12,matplotlib,fielded,100000,130113,11/10,READY,All-U,6,253848/5,"{""511971/10"": 6}",0.08604964998085052,,0.8420393306230501,0.8420393306230501
12,matplotlib,fielded,100000,130113,11/10,READY,Greedy-add,6,253848/5,"{""511973/10"": 1, ""255982/5"": 1, ""256018/5"": 1, ""512297/10"": 1, ""512153/10"": 1, ""512117/10"": 1}",27.080431399925146,0,0.8628194825249755,0.9062509848413223
13,pydantic,fielded,100000,106808,11/10,READY,Greedy-prune,6,493099/10,"{""493099/10"": 6}",17.08523259998765,6,0.0,0.0
13,pydantic,fielded,100000,106808,11/10,READY,A0,6,493099/10,"{""493099/10"": 6}",2.247361650050152,,0.0,0.0
13,pydantic,fielded,100000,106808,11/10,READY,A1,6,493099/10,"{""493099/10"": 6}",0.19825744995614514,,0.0,0.0
13,pydantic,fielded,100000,106808,11/10,READY,A2,6,493099/10,"{""493099/10"": 6}",0.5262816000031307,,0.0,0.0
13,pydantic,fielded,100000,106808,11/10,READY,All-U,6,493099/10,"{""501141/10"": 6}",0.08049160003429279,,1.6309098172983518,1.6309098172983518
13,pydantic,fielded,100000,106808,11/10,READY,Greedy-add,6,493099/10,"{""250901/5"": 1, ""502921/10"": 1, ""502163/10"": 1, ""250787/5"": 1, ""501707/10"": 1, ""501479/10"": 1}",27.0907510999823,0,1.7553270235794436,1.9918920946909242
14,aiohttp,fielded,100000,105182,11/10,READY,Greedy-prune,6,237831/5,"{""237831/5"": 6}",20.748851599986665,6,0.0,0.0
14,aiohttp,fielded,100000,105182,11/10,READY,A0,6,237831/5,"{""237831/5"": 6}",1.675125100009609,,0.0,0.0
14,aiohttp,fielded,100000,105182,11/10,READY,A1,6,237831/5,"{""237831/5"": 6}",0.19413999997777864,,0.0,0.0
14,aiohttp,fielded,100000,105182,11/10,READY,A2,6,237831/5,"{""237831/5"": 6}",0.5583210500190035,,0.0,0.0
14,aiohttp,fielded,100000,105182,11/10,READY,All-U,6,237831/5,"{""486031/10"": 6}",0.08101190003799275,,2.1799092633004107,2.1799092633004107
14,aiohttp,fielded,100000,105182,11/10,READY,Greedy-add,6,237831/5,"{""482427/10"": 1, ""483073/10"": 2, ""241413/5"": 1, ""482731/10"": 1, ""482693/10"": 1}",27.086968049989082,0,1.4961253999688855,1.5580391118062826
15,jsonschema,fielded,100000,101506,11/10,READY,Greedy-prune,6,407101/10,"{""40711"": 6}",10.289693300030194,6,0.002210753596773282,0.002210753596773282
15,jsonschema,fielded,100000,101506,11/10,READY,A0,6,407101/10,"{""407101/10"": 6}",1.4679665999719873,,0.0,0.0
15,jsonschema,fielded,100000,101506,11/10,READY,A1,6,407101/10,"{""407101/10"": 6}",0.1816541000152938,,0.0,0.0
15,jsonschema,fielded,100000,101506,11/10,READY,A2,6,407101/10,"{""407101/10"": 6}",0.3790598500636406,,0.0,0.0
15,jsonschema,fielded,100000,101506,11/10,READY,All-U,6,407101/10,"{""412729/10"": 6}",0.07634384999983013,,1.3824579158488925,1.3824579158488925
15,jsonschema,fielded,100000,101506,11/10,READY,Greedy-add,6,407101/10,"{""40712"": 6}",24.704484299989417,6,0.004667146482076929,0.004667146482076929
16,matplotlib,compact,100000,109859,5/4,READY,Greedy-prune,6,303777/4,"{""303777/4"": 6}",14.170122399984393,6,0.0,0.0
16,matplotlib,compact,100000,109859,5/4,READY,A0,6,303777/4,"{""303777/4"": 6}",0.33184754999820143,,0.0,0.0
16,matplotlib,compact,100000,109859,5/4,READY,A1,6,303777/4,"{""303777/4"": 6}",0.21398930001305416,,0.0,0.0
16,matplotlib,compact,100000,109859,5/4,READY,A2,6,303777/4,"{""303777/4"": 6}",0.27038005006033927,,0.0,0.0
16,matplotlib,compact,100000,109859,5/4,READY,All-U,6,303777/4,"{""76164"": 6}",0.11708895000629127,,0.28935699542756693,0.28935699542756693
16,matplotlib,compact,100000,109859,5/4,READY,Greedy-add,6,303777/4,"{""76377"": 2, ""305557/4"": 1, ""76384"": 1, ""152733/2"": 2}",27.09575139998924,0,0.5698258920194748,0.5859561454619672
17,pydantic,compact,100000,100042,5/4,READY,Greedy-prune,6,247817/4,"{""247817/4"": 6}",18.030769800010603,6,0.0,0.0
17,pydantic,compact,100000,100042,5/4,READY,A0,6,247817/4,"{""247817/4"": 6}",0.6329368500155397,,0.0,0.0
17,pydantic,compact,100000,100042,5/4,READY,A1,6,247817/4,"{""247817/4"": 6}",0.20400014996994287,,0.0,0.0
17,pydantic,compact,100000,100042,5/4,READY,A2,6,247817/4,"{""247817/4"": 6}",0.6327555499738082,,0.0,0.0
17,pydantic,compact,100000,100042,5/4,READY,All-U,6,247817/4,"{""249223/4"": 6}",0.08385709999129176,,0.5673541363183316,0.5673541363183316
17,pydantic,compact,100000,100042,5/4,READY,Greedy-add,6,247817/4,"{""254799/4"": 1, ""63651"": 1, ""254589/4"": 1, ""254259/4"": 1, ""63561"": 1, ""127167/2"": 1}",27.11048909998499,0,2.6812123462070803,2.8174015503375474
18,aiohttp,compact,100000,108915,5/4,READY,Greedy-prune,6,64544,"{""258177/4"": 6}",15.872322399925906,6,0.0003873326722855726,0.0003873326722855726
18,aiohttp,compact,100000,108915,5/4,READY,A0,6,64544,"{""64544"": 6}",0.603497649950441,,0.0,0.0
18,aiohttp,compact,100000,108915,5/4,READY,A1,6,64544,"{""64544"": 6}",0.20625594991724938,,0.0,0.0
18,aiohttp,compact,100000,108915,5/4,READY,A2,6,64544,"{""64544"": 6}",0.572313699987717,,0.0,0.0
18,aiohttp,compact,100000,108915,5/4,READY,All-U,6,64544,"{""129767/2"": 6}",0.08472959999926388,,0.5259977689638077,0.5259977689638077
18,aiohttp,compact,100000,108915,5/4,READY,Greedy-add,6,64544,"{""266969/4"": 1, ""266699/4"": 1, ""133387/2"": 1, ""133447/2"": 1, ""133597/2"": 1, ""66776"": 1}",27.14280890004011,0,3.391291212196331,3.492966038671294
19,jsonschema,compact,100000,91848,5/4,READY,Greedy-prune,6,190239/4,"{""190239/4"": 6}",7.23330885003088,6,0.0,0.0
19,jsonschema,compact,100000,91848,5/4,READY,A0,6,190239/4,"{""190239/4"": 6}",0.6248520500375889,,0.0,0.0
19,jsonschema,compact,100000,91848,5/4,READY,A1,6,190239/4,"{""190239/4"": 6}",0.16054620005888864,,0.0,0.0
19,jsonschema,compact,100000,91848,5/4,READY,A2,6,190239/4,"{""190239/4"": 6}",0.43624925008043647,,0.0,0.0
19,jsonschema,compact,100000,91848,5/4,READY,All-U,6,190239/4,"{""47787"": 6}",0.06852594995871186,,0.4778200053616766,0.4778200053616766
19,jsonschema,compact,100000,91848,5/4,READY,Greedy-add,6,190239/4,"{""95121/2"": 6}",26.78356154996436,6,0.0015769637140649394,0.0015769637140649394
20,matplotlib,fielded,100000,130113,5/4,READY,Greedy-prune,6,51132,"{""51132"": 6}",7.8600101000629365,6,0.0,0.0
20,matplotlib,fielded,100000,130113,5/4,READY,A0,6,51132,"{""51132"": 6}",1.1243985500186682,,0.0,0.0
20,matplotlib,fielded,100000,130113,5/4,READY,A1,6,51132,"{""51132"": 6}",0.16060860001016408,,0.0,0.0
20,matplotlib,fielded,100000,130113,5/4,READY,A2,6,51132,"{""51132"": 6}",0.3134211999713443,,0.0,0.0
20,matplotlib,fielded,100000,130113,5/4,READY,All-U,6,51132,"{""206517/4"": 6}",0.07936404994688928,,0.9724829852147383,0.9724829852147383
20,matplotlib,fielded,100000,130113,5/4,READY,Greedy-add,6,51132,"{""51482"": 1, ""103169/2"": 1, ""206387/4"": 1, ""51937"": 1, ""103577/2"": 1, ""51735"": 1}",27.085736549983267,0,1.0441113197215053,1.5743565673159665
21,pydantic,fielded,100000,106808,5/4,READY,Greedy-prune,6,198577/4,"{""198577/4"": 6}",18.572670849913266,6,0.0,0.0
21,pydantic,fielded,100000,106808,5/4,READY,A0,6,198577/4,"{""198577/4"": 6}",2.24700929998653,,0.0,0.0
21,pydantic,fielded,100000,106808,5/4,READY,A1,6,198577/4,"{""198577/4"": 6}",0.18769640004029498,,0.0,0.0
21,pydantic,fielded,100000,106808,5/4,READY,A2,6,198577/4,"{""198577/4"": 6}",0.4851582000264898,,0.0,0.0
21,pydantic,fielded,100000,106808,5/4,READY,All-U,6,198577/4,"{""202335/4"": 6}",0.09994024998741224,,1.8924648876758134,1.8924648876758134
21,pydantic,fielded,100000,106808,5/4,READY,Greedy-add,6,198577/4,"{""101187/2"": 1, ""101231/2"": 1, ""203111/4"": 1, ""203419/4"": 1, ""203705/4"": 1, ""50896"": 1}",27.086327550001442,0,2.360797071161313,2.582373588079183
22,aiohttp,fielded,100000,105182,5/4,READY,Greedy-prune,6,47880,"{""47880"": 6}",22.217391700018197,6,0.0,0.0
22,aiohttp,fielded,100000,105182,5/4,READY,A0,6,47880,"{""47880"": 6}",1.7065575499436818,,0.0,0.0
22,aiohttp,fielded,100000,105182,5/4,READY,A1,6,47880,"{""47880"": 6}",0.19406809995416552,,0.0,0.0
22,aiohttp,fielded,100000,105182,5/4,READY,A2,6,47880,"{""47880"": 6}",0.5174604000058025,,0.0,0.0
22,aiohttp,fielded,100000,105182,5/4,READY,All-U,6,47880,"{""196345/4"": 6}",0.07653679995564744,,2.5193191311612364,2.5193191311612364
22,aiohttp,fielded,100000,105182,5/4,READY,Greedy-add,6,47880,"{""195905/4"": 1, ""97859/2"": 1, ""48924"": 1, ""48693"": 1, ""195157/4"": 1, ""97969/2"": 1}",27.08176089997869,0,2.186194653299917,2.306808688387636
23,jsonschema,fielded,100000,101506,5/4,READY,Greedy-prune,6,163819/4,"{""81911/2"": 6}",11.69777604995761,6,0.0018312894108741967,0.0018312894108741967
23,jsonschema,fielded,100000,101506,5/4,READY,A0,6,163819/4,"{""163819/4"": 6}",1.4842214000527747,,0.0,0.0
23,jsonschema,fielded,100000,101506,5/4,READY,A1,6,163819/4,"{""163819/4"": 6}",0.17286675004288554,,0.0,0.0
23,jsonschema,fielded,100000,101506,5/4,READY,A2,6,163819/4,"{""163819/4"": 6}",0.3707684999681078,,0.0,0.0
23,jsonschema,fielded,100000,101506,5/4,READY,All-U,6,163819/4,"{""166453/4"": 6}",0.07410184998298064,,1.6078721027475447,1.6078721027475447
23,jsonschema,fielded,100000,101506,5/4,READY,Greedy-add,6,163819/4,"{""163937/4"": 1, ""163913/4"": 1, ""81913/2"": 2, ""81973/2"": 1, ""40988"": 1}",27.07192610000493,2,0.0647055591842216,0.08118716388208938
24,matplotlib,compact,100000,109859,3/2,READY,Greedy-prune,6,152735/2,"{""152735/2"": 6}",15.713575200003106,6,0.0,0.0
24,matplotlib,compact,100000,109859,3/2,READY,A0,6,152735/2,"{""152735/2"": 6}",0.3356837499886751,,0.0,0.0
24,matplotlib,compact,100000,109859,3/2,READY,A1,6,152735/2,"{""152735/2"": 6}",0.20873669994762167,,0.0,0.0
24,matplotlib,compact,100000,109859,3/2,READY,A2,6,152735/2,"{""152735/2"": 6}",0.2783947499701753,,0.0,0.0
24,matplotlib,compact,100000,109859,3/2,READY,All-U,6,152735/2,"{""76764"": 6}",0.1232400499866344,,0.5191999214325466,0.5191999214325466
24,matplotlib,compact,100000,109859,3/2,READY,Greedy-add,6,152735/2,"{""154493/2"": 1, ""76977"": 1, ""153933/2"": 1, ""154549/2"": 1, ""77215"": 1, ""77166"": 1}",27.152097600046545,0,1.0776835695813007,1.1876780043866828
25,pydantic,compact,100000,100042,3/2,READY,Greedy-prune,6,125093/2,"{""125093/2"": 6}",20.399587099964265,6,0.0,0.0
25,pydantic,compact,100000,100042,3/2,READY,A0,6,125093/2,"{""125093/2"": 6}",0.7077104499912821,,0.0,0.0
25,pydantic,compact,100000,100042,3/2,READY,A1,6,125093/2,"{""125093/2"": 6}",0.1989983000094071,,0.0,0.0
25,pydantic,compact,100000,100042,3/2,READY,A2,6,125093/2,"{""125093/2"": 6}",0.5968927000649273,,0.0,0.0
25,pydantic,compact,100000,100042,3/2,READY,All-U,6,125093/2,"{""126237/2"": 6}",0.07846095005515963,,0.9145195974195198,0.9145195974195198
25,pydantic,compact,100000,100042,3/2,READY,Greedy-add,6,125093/2,"{""64197"": 1, ""64344"": 1, ""128611/2"": 1, ""64337"": 1, ""128905/2"": 1, ""64533"": 1}",27.144126900006086,0,2.8682660100884942,3.1760370284508324
26,aiohttp,compact,100000,108915,3/2,READY,Greedy-prune,6,65185,"{""130371/2"": 6}",17.49758834997192,6,0.0007670476336580502,0.0007670476336580502
26,aiohttp,compact,100000,108915,3/2,READY,A0,6,65185,"{""65185"": 6}",0.6739086000015959,,0.0,0.0
26,aiohttp,compact,100000,108915,3/2,READY,A1,6,65185,"{""65185"": 6}",0.20526115002576262,,0.0,0.0
26,aiohttp,compact,100000,108915,3/2,READY,A2,6,65185,"{""65185"": 6}",0.5451271000201814,,0.0,0.0
26,aiohttp,compact,100000,108915,3/2,READY,All-U,6,65185,"{""65718"": 6}",0.08666380005888641,,0.8176727774794815,0.8176727774794815
26,aiohttp,compact,100000,108915,3/2,READY,Greedy-add,6,65185,"{""67841"": 1, ""67750"": 1, ""67552"": 1, ""135605/2"": 2, ""135347/2"": 1}",27.111469299939927,0,3.9752243614328453,4.0745570299915626
27,jsonschema,compact,100000,91848,3/2,READY,Greedy-prune,6,96073/2,"{""96073/2"": 6}",7.226058300002478,6,0.0,0.0
27,jsonschema,compact,100000,91848,3/2,READY,A0,6,96073/2,"{""96073/2"": 6}",0.5960694000241347,,0.0,0.0
27,jsonschema,compact,100000,91848,3/2,READY,A1,6,96073/2,"{""96073/2"": 6}",0.16832449997309595,,0.0,0.0
27,jsonschema,compact,100000,91848,3/2,READY,A2,6,96073/2,"{""96073/2"": 6}",0.46257600001990795,,0.0,0.0
27,jsonschema,compact,100000,91848,3/2,READY,All-U,6,96073/2,"{""48379"": 6}",0.06799254997167736,,0.7129994899711677,0.7129994899711677
27,jsonschema,compact,100000,91848,3/2,READY,Greedy-add,6,96073/2,"{""96143/2"": 1, ""48151"": 1, ""96301/2"": 1, ""96311/2"": 1, ""96319/2"": 1, ""48117"": 1}",27.08098520000931,0,0.2378399758516961,0.25605529128891574
28,matplotlib,fielded,100000,130113,3/2,READY,Greedy-prune,6,51736,"{""51736"": 6}",8.50715780002065,6,0.0,0.0
28,matplotlib,fielded,100000,130113,3/2,READY,A0,6,51736,"{""51736"": 6}",1.0250900000100955,,0.0,0.0
28,matplotlib,fielded,100000,130113,3/2,READY,A1,6,51736,"{""51736"": 6}",0.1705224000615999,,0.0,0.0
28,matplotlib,fielded,100000,130113,3/2,READY,A2,6,51736,"{""51736"": 6}",0.3125466000055894,,0.0,0.0
28,matplotlib,fielded,100000,130113,3/2,READY,All-U,6,51736,"{""104699/2"": 6}",0.0812822500593029,,1.1858280501005103,1.1858280501005103
28,matplotlib,fielded,100000,130113,3/2,READY,Greedy-add,6,51736,"{""104071/2"": 1, ""104457/2"": 1, ""52093"": 1, ""104547/2"": 1, ""104297/2"": 1, ""52028"": 1}",27.103473750001285,0,0.7436794495129118,1.0389284057522807
29,pydantic,fielded,100000,106808,3/2,READY,Greedy-prune,6,100403/2,"{""100403/2"": 6}",18.654269099992234,6,0.0,0.0
29,pydantic,fielded,100000,106808,3/2,READY,A0,6,100403/2,"{""100403/2"": 6}",3.104002100008074,,0.0,0.0
29,pydantic,fielded,100000,106808,3/2,READY,A1,6,100403/2,"{""100403/2"": 6}",0.29828485008329153,,0.0,0.0
29,pydantic,fielded,100000,106808,3/2,READY,A2,6,100403/2,"{""100403/2"": 6}",0.7554696499719284,,0.0,0.0
29,pydantic,fielded,100000,106808,3/2,READY,All-U,6,100403/2,"{""102733/2"": 6}",0.0826393500319682,,2.320647789408683,2.320647789408683
29,pydantic,fielded,100000,106808,3/2,READY,Greedy-add,6,100403/2,"{""50936"": 1, ""51126"": 1, ""50991"": 1, ""50951"": 1, ""51056"": 1, ""102097/2"": 1}",27.080689750029705,0,1.6299313765524934,1.8415784388912682
30,aiohttp,fielded,100000,105182,3/2,READY,Greedy-prune,6,48403,"{""48403"": 6}",22.76473245001398,6,0.0,0.0
30,aiohttp,fielded,100000,105182,3/2,READY,A0,6,48403,"{""48403"": 6}",1.773522450006567,,0.0,0.0
30,aiohttp,fielded,100000,105182,3/2,READY,A1,6,48403,"{""48403"": 6}",0.1911114999675192,,0.0,0.0
30,aiohttp,fielded,100000,105182,3/2,READY,A2,6,48403,"{""48403"": 6}",0.5430439499905333,,0.0,0.0
30,aiohttp,fielded,100000,105182,3/2,READY,All-U,6,48403,"{""99783/2"": 6}",0.08087565004825592,,3.075222610168791,3.075222610168791
30,aiohttp,fielded,100000,105182,3/2,READY,Greedy-add,6,48403,"{""49302"": 2, ""98109/2"": 1, ""49062"": 1, ""49297"": 1, ""49232"": 1}",27.0948527000146,0,1.779848356506828,1.8573228932090986
31,jsonschema,fielded,100000,101506,3/2,READY,Greedy-prune,6,82725/2,"{""41363"": 6}",11.434525949996896,6,0.0012088244182532487,0.0012088244182532487
31,jsonschema,fielded,100000,101506,3/2,READY,A0,6,82725/2,"{""82725/2"": 6}",2.100051600020379,,0.0,0.0
31,jsonschema,fielded,100000,101506,3/2,READY,A1,6,82725/2,"{""82725/2"": 6}",0.18007720005698502,,0.0,0.0
31,jsonschema,fielded,100000,101506,3/2,READY,A2,6,82725/2,"{""82725/2"": 6}",0.3702532000024803,,0.0,0.0
31,jsonschema,fielded,100000,101506,3/2,READY,All-U,6,82725/2,"{""84361/2"": 6}",0.071428700000979,,1.977636748262315,1.977636748262315
31,jsonschema,fielded,100000,101506,3/2,READY,Greedy-add,6,82725/2,"{""41364"": 4, ""82757/2"": 1, ""41394"": 1}",26.104339749959763,4,0.003626473254759746,0.07615593834995467
32,matplotlib,compact,100000,109859,2,READY,Greedy-prune,6,77214,"{""77214"": 6}",15.64565160003258,6,0.0,0.0
32,matplotlib,compact,100000,109859,2,READY,A0,6,77214,"{""77214"": 6}",0.3562185999471694,,0.0,0.0
32,matplotlib,compact,100000,109859,2,READY,A1,6,77214,"{""77214"": 6}",0.23672870005248114,,0.0,0.0
32,matplotlib,compact,100000,109859,2,READY,A2,6,77214,"{""77214"": 6}",0.25048859999515116,,0.0,0.0
32,matplotlib,compact,100000,109859,2,READY,All-U,6,77214,"{""77964"": 6}",0.11651334998896345,,0.9713264433910949,0.9713264433910949
32,matplotlib,compact,100000,109859,2,READY,Greedy-add,6,77214,"{""77842"": 1, ""77566"": 1, ""77722"": 1, ""77725"": 1, ""77845"": 1, ""77821"": 1}",27.119927849969827,0,0.723961975807496,0.8172093143730411
33,pydantic,compact,100000,100042,2,READY,Greedy-prune,6,63731,"{""63731"": 6}",19.910300999996252,6,0.0,0.0
33,pydantic,compact,100000,100042,2,READY,A0,6,63731,"{""63731"": 6}",0.6372991999960504,,0.0,0.0
33,pydantic,compact,100000,100042,2,READY,A1,6,63731,"{""63731"": 6}",0.19961919996421784,,0.0,0.0
33,pydantic,compact,100000,100042,2,READY,A2,6,63731,"{""63731"": 6}",0.3750036000274122,,0.0,0.0
33,pydantic,compact,100000,100042,2,READY,All-U,6,63731,"{""64744"": 6}",0.08937669999431819,,1.5894933391912884,1.5894933391912884
33,pydantic,compact,100000,100042,2,READY,Greedy-add,6,63731,"{""64800"": 1, ""64842"": 1, ""65076"": 1, ""64857"": 1, ""64848"": 1, ""64833"": 1}",27.111865449987818,0,1.747971944579561,2.1104329133388773
34,aiohttp,compact,100000,108915,2,READY,Greedy-prune,6,66467,"{""66468"": 6}",15.28026085003512,6,0.001504505995456392,0.001504505995456392
34,aiohttp,compact,100000,108915,2,READY,A0,6,66467,"{""66467"": 6}",0.6056994500104338,,0.0,0.0
34,aiohttp,compact,100000,108915,2,READY,A1,6,66467,"{""66467"": 6}",0.19338650006102398,,0.0,0.0
34,aiohttp,compact,100000,108915,2,READY,A2,6,66467,"{""66467"": 6}",0.3727307000081055,,0.0,0.0
34,aiohttp,compact,100000,108915,2,READY,All-U,6,66467,"{""67387"": 6}",0.08389994996832684,,1.3841455158198805,1.3841455158198805
34,aiohttp,compact,100000,108915,2,READY,Greedy-add,6,66467,"{""68003"": 1, ""67583"": 1, ""67553"": 1, ""67556"": 1, ""67559"": 1, ""67541"": 1}",27.08928499999456,0,1.6406637880451955,2.310921209021018
35,jsonschema,compact,100000,91848,2,READY,Greedy-prune,6,48990,"{""48990"": 6}",6.837103849975392,6,0.0,0.0
35,jsonschema,compact,100000,91848,2,READY,A0,6,48990,"{""48990"": 6}",0.6178864499670453,,0.0,0.0
35,jsonschema,compact,100000,91848,2,READY,A1,6,48990,"{""48990"": 6}",0.15178169996943325,,0.0,0.0
35,jsonschema,compact,100000,91848,2,READY,A2,6,48990,"{""48990"": 6}",0.23414750001393259,,0.0,0.0
35,jsonschema,compact,100000,91848,2,READY,All-U,6,48990,"{""49563"": 6}",0.06645415001548827,,1.1696264543784447,1.1696264543784447
35,jsonschema,compact,100000,91848,2,READY,Greedy-add,6,48990,"{""48993"": 6}",22.22579339996446,6,0.00612369871402327,0.00612369871402327
36,matplotlib,fielded,100000,130113,2,READY,Greedy-prune,6,52944,"{""52944"": 6}",6.883031849982217,6,0.0,0.0
36,matplotlib,fielded,100000,130113,2,READY,A0,6,52944,"{""52944"": 6}",1.084856050030794,,0.0,0.0
36,matplotlib,fielded,100000,130113,2,READY,A1,6,52944,"{""52944"": 6}",0.1521143500576727,,0.0,0.0
36,matplotlib,fielded,100000,130113,2,READY,A2,6,52944,"{""52944"": 6}",0.20559520000824705,,0.0,0.0
36,matplotlib,fielded,100000,130113,2,READY,All-U,6,52944,"{""53790"": 6}",0.07296770001994446,,1.5979147778785132,1.5979147778785132
36,matplotlib,fielded,100000,130113,2,READY,Greedy-add,6,52944,"{""52946"": 6}",24.248611150018405,6,0.0037775763070414022,0.0037775763070414022
37,pydantic,fielded,100000,106808,2,READY,Greedy-prune,6,51316,"{""51316"": 6}",15.953242950025015,6,0.0,0.0
37,pydantic,fielded,100000,106808,2,READY,A0,6,51316,"{""51316"": 6}",2.2785310500185005,,0.0,0.0
37,pydantic,fielded,100000,106808,2,READY,A1,6,51316,"{""51316"": 6}",0.17831694998312742,,0.0,0.0
37,pydantic,fielded,100000,106808,2,READY,A2,6,51316,"{""51316"": 6}",0.2665469999774359,,0.0,0.0
37,pydantic,fielded,100000,106808,2,READY,All-U,6,51316,"{""52932"": 6}",0.0741747499560006,,3.149115285680879,3.149115285680879
37,pydantic,fielded,100000,106808,2,READY,Greedy-add,6,51316,"{""51403"": 1, ""51428"": 1, ""51418"": 1, ""51393"": 1, ""51405"": 1, ""51411"": 1}",27.078195750014856,0,0.17928131576896095,0.21825551484916986
38,aiohttp,fielded,100000,105182,2,READY,Greedy-prune,6,49449,"{""49449"": 6}",19.36363605002407,6,0.0,0.0
38,aiohttp,fielded,100000,105182,2,READY,A0,6,49449,"{""49449"": 6}",1.7746742999879643,,0.0,0.0
38,aiohttp,fielded,100000,105182,2,READY,A1,6,49449,"{""49449"": 6}",0.18084849999286234,,0.0,0.0
38,aiohttp,fielded,100000,105182,2,READY,A2,6,49449,"{""49449"": 6}",0.256177100003697,,0.0,0.0
38,aiohttp,fielded,100000,105182,2,READY,All-U,6,49449,"{""51502"": 6}",0.07401305000530556,,4.1517523104612835,4.1517523104612835
38,aiohttp,fielded,100000,105182,2,READY,Greedy-add,6,49449,"{""49544"": 1, ""49529"": 1, ""49525"": 1, ""49530"": 1, ""49520"": 1, ""49532"": 1}",27.07580945000518,0,0.16279398976723491,0.1921171307812089
39,jsonschema,fielded,100000,101506,2,READY,Greedy-prune,6,42178,"{""42178"": 6}",9.650973300042097,6,0.0,0.0
39,jsonschema,fielded,100000,101506,2,READY,A0,6,42178,"{""42178"": 6}",1.3462867999332957,,0.0,0.0
39,jsonschema,fielded,100000,101506,2,READY,A1,6,42178,"{""42178"": 6}",0.16649045003578067,,0.0,0.0
39,jsonschema,fielded,100000,101506,2,READY,A2,6,42178,"{""42178"": 6}",0.24007410003105178,,0.0,0.0
39,jsonschema,fielded,100000,101506,2,READY,All-U,6,42178,"{""43315"": 6}",0.0697789000114426,,2.695718146901228,2.695718146901228
39,jsonschema,fielded,100000,101506,2,READY,Greedy-add,6,42178,"{""42179"": 6}",20.1112018499407,6,0.0023709042628858646,0.0023709042628858646
40,matplotlib,compact,100000,109859,32,READY,Greedy-prune,6,99010,"{""107331"": 1, ""107538"": 2, ""107446"": 1, ""107400"": 1, ""107262"": 1}",27.12307899998268,0,8.497121502878496,8.613271386728613
40,matplotlib,compact,100000,109859,32,READY,A0,6,99010,"{""99010"": 6}",0.360919049999211,,0.0,0.0
40,matplotlib,compact,100000,109859,32,READY,A1,6,99010,"{""99010"": 6}",0.27995895000640303,,0.0,0.0
40,matplotlib,compact,100000,109859,32,READY,A2,6,99010,"{""99010"": 6}",0.31684630003292114,,0.0,0.0
40,matplotlib,compact,100000,109859,32,READY,All-U,6,99010,"{""149964"": 6}",0.11150935001205653,,51.46348853651146,51.46348853651146
40,matplotlib,compact,100000,109859,32,READY,Greedy-add,6,99010,"{""99012"": 6}",7.7592788499896415,6,0.00201999798000202,0.00201999798000202
41,pydantic,compact,100000,100042,32,READY,Greedy-prune,6,82260,"{""118201"": 2, ""117998"": 1, ""118230"": 1, ""118346"": 1, ""118636"": 1}",27.08848575002048,0,43.7095793824459,44.22076343301726
41,pydantic,compact,100000,100042,32,READY,A0,6,82260,"{""82260"": 6}",0.7186682500760071,,0.0,0.0
41,pydantic,compact,100000,100042,32,READY,A1,6,82260,"{""82260"": 6}",0.35462604998610914,,0.0,0.0
41,pydantic,compact,100000,100042,32,READY,A2,6,82260,"{""82260"": 6}",0.45481984998332337,,0.0,0.0
41,pydantic,compact,100000,100042,32,READY,All-U,6,82260,"{""162274"": 6}",0.07801649993052706,,97.26963287138342,97.26963287138342
41,pydantic,compact,100000,100042,32,READY,Greedy-add,6,82260,"{""82275"": 6}",4.4510794000234455,6,0.01823486506199854,0.01823486506199854
42,aiohttp,compact,100000,108915,32,READY,Greedy-prune,6,86228,"{""123724"": 2, ""123695"": 1, ""123840"": 1, ""123608"": 1, ""123579"": 1}",27.089223300048616,0,43.46789905831053,43.61924200955606
42,aiohttp,compact,100000,108915,32,READY,A0,6,86228,"{""86228"": 6}",0.7450410000164993,,0.0,0.0
42,aiohttp,compact,100000,108915,32,READY,A1,6,86228,"{""86228"": 6}",0.3260002000024542,,0.0,0.0
42,aiohttp,compact,100000,108915,32,READY,A2,6,86228,"{""86228"": 6}",0.45821895002154633,,0.0,0.0
42,aiohttp,compact,100000,108915,32,READY,All-U,6,86228,"{""167527"": 6}",0.08206950000021607,,94.2837593357146,94.2837593357146
42,aiohttp,compact,100000,108915,32,READY,Greedy-add,6,86228,"{""86243"": 6}",4.4235289500211366,6,0.0173957415224753,0.0173957415224753
43,jsonschema,compact,100000,91848,32,READY,Greedy-prune,6,67553,"{""67794"": 1, ""68086"": 1, ""68095"": 1, ""68041"": 1, ""67773"": 1, ""67700"": 1}",27.075368500023615,0,0.5395763326573209,0.8023329829911328
43,jsonschema,compact,100000,91848,32,READY,A0,6,67553,"{""67553"": 6}",0.9631602499866858,,0.0,0.0
43,jsonschema,compact,100000,91848,32,READY,A1,6,67553,"{""67553"": 6}",0.21438025002134964,,0.0,0.0
43,jsonschema,compact,100000,91848,32,READY,A2,6,67553,"{""67553"": 6}",0.3439135000226088,,0.0,0.0
43,jsonschema,compact,100000,91848,32,READY,All-U,6,67553,"{""120603"": 6}",0.06689495005412027,,78.53093126878154,78.53093126878154
43,jsonschema,compact,100000,91848,32,READY,Greedy-add,6,67553,"{""67570"": 6}",4.014934150036424,6,0.02516542566577354,0.02516542566577354
44,matplotlib,fielded,100000,130113,32,READY,Greedy-prune,6,82157,"{""83906"": 1, ""84046"": 1, ""83846"": 1, ""83968"": 1, ""84007"": 1, ""83810"": 1}",27.119678949995432,0,2.1665834925812772,2.299256301958445
44,matplotlib,fielded,100000,130113,32,READY,A0,6,82157,"{""82157"": 6}",1.3177257999777794,,0.0,0.0
44,matplotlib,fielded,100000,130113,32,READY,A1,6,82157,"{""82157"": 6}",0.2183815500466153,,0.0,0.0
44,matplotlib,fielded,100000,130113,32,READY,A2,6,82157,"{""82157"": 6}",0.2667138999677263,,0.0,0.0
44,matplotlib,fielded,100000,130113,32,READY,All-U,6,82157,"{""140220"": 6}",0.07597644999623299,,70.67322321895882,70.67322321895882
44,matplotlib,fielded,100000,130113,32,READY,Greedy-add,6,82157,"{""82164"": 6}",8.274187650007661,6,0.008520272161836484,0.008520272161836484
45,pydantic,fielded,100000,106808,32,READY,Greedy-prune,6,70166,"{""97954"": 1, ""98563"": 1, ""98273"": 1, ""97490"": 2, ""97461"": 1}",27.08351504994789,0,39.27258216230083,40.47116837214605
45,pydantic,fielded,100000,106808,32,READY,A0,6,70166,"{""70166"": 6}",3.226018849934917,,0.0,0.0
45,pydantic,fielded,100000,106808,32,READY,A1,6,70166,"{""70166"": 6}",0.29693284997483715,,0.0,0.0
45,pydantic,fielded,100000,106808,32,READY,A2,6,70166,"{""70166"": 6}",0.34190170001238585,,0.0,0.0
45,pydantic,fielded,100000,106808,32,READY,All-U,6,70166,"{""146862"": 6}",0.07345975004136562,,109.30650172448195,109.30650172448195
45,pydantic,fielded,100000,106808,32,READY,Greedy-add,6,70166,"{""70198"": 6}",5.070614550029859,6,0.04560613402502637,0.04560613402502637
46,aiohttp,fielded,100000,105182,32,READY,Greedy-prune,6,67011,"{""96968"": 1, ""97229"": 1, ""97461"": 1, ""97171"": 1, ""96997"": 1, ""97432"": 1}",27.077680799993686,0,45.05081255316291,45.44030084612974
46,aiohttp,fielded,100000,105182,32,READY,A0,6,67011,"{""67011"": 6}",2.7006111500086263,,0.0,0.0
46,aiohttp,fielded,100000,105182,32,READY,A1,6,67011,"{""67011"": 6}",0.26020019996212795,,0.0,0.0
46,aiohttp,fielded,100000,105182,32,READY,A2,6,67011,"{""67011"": 6}",0.35674209997523576,,0.0,0.0
46,aiohttp,fielded,100000,105182,32,READY,All-U,6,67011,"{""148132"": 6}",0.07838595000794157,,121.05624449717212,121.05624449717212
46,aiohttp,fielded,100000,105182,32,READY,Greedy-add,6,67011,"{""67032"": 6}",4.262049299955834,6,0.031338138514572234,0.031338138514572234
47,jsonschema,fielded,100000,101506,32,READY,Greedy-prune,6,60722,"{""60740"": 6}",26.78823544998886,6,0.029643292381673857,0.029643292381673857
47,jsonschema,fielded,100000,101506,32,READY,A0,6,60722,"{""60722"": 6}",2.5770042500807904,,0.0,0.0
47,jsonschema,fielded,100000,101506,32,READY,A1,6,60722,"{""60722"": 6}",0.24990235001314431,,0.0,0.0
47,jsonschema,fielded,100000,101506,32,READY,A2,6,60722,"{""60722"": 6}",0.3795069999760017,,0.0,0.0
47,jsonschema,fielded,100000,101506,32,READY,All-U,6,60722,"{""111385"": 6}",0.06928469997365028,,83.4343401073746,83.4343401073746
47,jsonschema,fielded,100000,101506,32,READY,Greedy-add,6,60722,"{""60788"": 6}",4.794512149994262,6,0.10869207206613749,0.10869207206613749
48,matplotlib,compact,1000000,1004814,1,READY,Greedy-prune,6,560121,"{""560935"": 5, ""560934"": 1}",28.829232300049625,0,0.14532574211643554,0.14532574211643554
48,matplotlib,compact,1000000,1004814,1,READY,Forest,6,560121,"{""560121"": 6}",3.101774349983316,,0.0,0.0
48,matplotlib,compact,1000000,1004814,1,READY,A0,6,560121,"{""560121"": 6}",18.964937950018793,,0.0,0.0
48,matplotlib,compact,1000000,1004814,1,READY,No-sharing,6,560121,"{""1004814"": 6}",2.7321127000031993,,79.39230987590182,79.39230987590182
48,matplotlib,compact,1000000,1004814,1,READY,All-U,6,560121,"{""561028"": 6}",1.716473200067412,,0.1619292974196647,0.1619292974196647
48,matplotlib,compact,1000000,1004814,1,READY,Greedy-add,6,560121,"{""853755"": 3, ""853389"": 3}",29.764618900080677,0,52.39064416438591,52.4233156764342
49,pydantic,compact,1000000,366328,1,READY,Greedy-prune,6,192917,"{""192994"": 2, ""192996"": 3, ""192995"": 1}",27.502504349977244,0,0.04069107439987145,0.04095025321770502
49,pydantic,compact,1000000,366328,1,READY,Forest,6,192917,"{""192917"": 6}",0.9748097499832511,,0.0,0.0
49,pydantic,compact,1000000,366328,1,READY,A0,6,192917,"{""192917"": 6}",6.147838600038085,,0.0,0.0
49,pydantic,compact,1000000,366328,1,READY,No-sharing,6,192917,"{""366328"": 6}",0.8019612500211224,,89.88891595867653,89.88891595867653
49,pydantic,compact,1000000,366328,1,READY,All-U,6,192917,"{""193311"": 6}",0.4932267999975011,,0.20423290845285796,0.20423290845285796
49,pydantic,compact,1000000,366328,1,READY,Greedy-add,6,192917,"{""271918"": 2, ""272001"": 2, ""271836"": 1, ""271754"": 1}",27.55815735005308,0,40.95077157534069,40.99379525910106
50,aiohttp,compact,1000000,231531,1,READY,Greedy-prune,6,124515,"{""124515"": 6}",13.107250300003216,6,0.0,0.0
50,aiohttp,compact,1000000,231531,1,READY,Forest,6,124515,"{""124515"": 6}",0.4936899000313133,,0.0,0.0
50,aiohttp,compact,1000000,231531,1,READY,A0,6,124515,"{""124515"": 6}",2.0707585000200197,,0.0,0.0
50,aiohttp,compact,1000000,231531,1,READY,No-sharing,6,124515,"{""231531"": 6}",0.48975354997674003,,85.94627153355017,85.94627153355017
50,aiohttp,compact,1000000,231531,1,READY,All-U,6,124515,"{""124790"": 6}",0.1834439500235021,,0.22085692486848973,0.22085692486848973
50,aiohttp,compact,1000000,231531,1,READY,Greedy-add,6,124515,"{""153951"": 2, ""153979"": 2, ""154007"": 1, ""154091"": 1}",27.32161729998188,0,23.663012488455205,23.752961490583463
52,matplotlib,fielded,1000000,1011144,1,READY,Greedy-prune,6,436830,"{""441806"": 1, ""441805"": 4, ""441808"": 1}",28.79000515001826,0,1.1388869812055034,1.1395737472243206
52,matplotlib,fielded,1000000,1011144,1,READY,Forest,6,436830,"{""436830"": 6}",2.4442375999642536,,0.0,0.0
52,matplotlib,fielded,1000000,1011144,1,READY,A0,6,436830,"{""436830"": 6}",28.26705674995901,,0.0,0.0
52,matplotlib,fielded,1000000,1011144,1,READY,No-sharing,6,436830,"{""1011144"": 6}",2.7918600999983028,,131.4731131103633,131.4731131103633
52,matplotlib,fielded,1000000,1011144,1,READY,All-U,6,436830,"{""441922"": 6}",0.995178550016135,,1.1656708559393814,1.1656708559393814
52,matplotlib,fielded,1000000,1011144,1,READY,Greedy-add,6,436830,"{""702238"": 4, ""702632"": 2}",29.497127400012687,0,60.75773184076185,60.847927111233204
53,pydantic,fielded,1000000,668703,1,READY,Greedy-prune,6,253953,"{""257246"": 3, ""257257"": 1, ""257247"": 2}",27.6607981499983,0,1.296893519667025,1.3010281430028392
53,pydantic,fielded,1000000,668703,1,READY,Forest,6,253953,"{""253953"": 6}",1.5219118000240996,,0.0,0.0
53,pydantic,fielded,1000000,668703,1,READY,A0,6,253953,"{""253953"": 6}",27.834302850009408,,0.0,0.0
53,pydantic,fielded,1000000,668703,1,READY,No-sharing,6,253953,"{""668703"": 6}",1.7168390499427915,,163.31762176465725,163.31762176465725
53,pydantic,fielded,1000000,668703,1,READY,All-U,6,253953,"{""257433"": 6}",0.5913622999796644,,1.3703323055841041,1.3703323055841041
53,pydantic,fielded,1000000,668703,1,READY,Greedy-add,6,253953,"{""425372"": 4, ""427912"": 1, ""425122"": 1}",28.160326350014657,0,67.500285485897,68.50047055951298
54,aiohttp,fielded,1000000,426119,1,READY,Greedy-prune,6,165465,"{""167817"": 4, ""167814"": 1, ""167816"": 1}",27.376922050025314,0,1.4214486447284924,1.4214486447284924
54,aiohttp,fielded,1000000,426119,1,READY,Forest,6,165465,"{""165465"": 6}",0.9446348499623127,,0.0,0.0
54,aiohttp,fielded,1000000,426119,1,READY,A0,6,165465,"{""165465"": 6}",10.685411000042222,,0.0,0.0
54,aiohttp,fielded,1000000,426119,1,READY,No-sharing,6,165465,"{""426119"": 6}",1.0111639499664307,,157.52817816456653,157.52817816456653
54,aiohttp,fielded,1000000,426119,1,READY,All-U,6,165465,"{""168153"": 6}",0.34270099992863834,,1.624512736832563,1.624512736832563
54,aiohttp,fielded,1000000,426119,1,READY,Greedy-add,6,165465,"{""239539"": 2, ""239797"": 1, ""239711"": 1, ""239625"": 1, ""240055"": 1}",27.60187885002233,0,44.845133411899795,45.079019732269664
55,jsonschema,fielded,1000000,167196,1,READY,Greedy-prune,6,62038,"{""62038"": 6}",17.20547769992845,6,0.0,0.0
55,jsonschema,fielded,1000000,167196,1,READY,Forest,6,62038,"{""62038"": 6}",0.34823199996026233,,0.0,0.0
55,jsonschema,fielded,1000000,167196,1,READY,A0,6,62038,"{""62038"": 6}",2.8323345000389963,,0.0,0.0
55,jsonschema,fielded,1000000,167196,1,READY,No-sharing,6,62038,"{""167196"": 6}",0.3570581499952823,,169.50578677584707,169.50578677584707
55,jsonschema,fielded,1000000,167196,1,READY,All-U,6,62038,"{""62755"": 6}",0.12021154997637495,,1.1557432541345627,1.1557432541345627
55,jsonschema,fielded,1000000,167196,1,READY,Greedy-add,6,62038,"{""67248"": 1, ""67239"": 1, ""67284"": 1, ""67303"": 1, ""67266"": 1, ""67230"": 1}",27.204744199989364,0,8.412585834488539,8.486733937264257
56,matplotlib,compact,1000000,1004814,11/10,READY,Greedy-prune,6,5621249/10,"{""2817229/5"": 4, ""5634447/10"": 2}",28.84458940004697,0,0.23498336401749859,0.23498336401749859
56,matplotlib,compact,1000000,1004814,11/10,READY,A0,6,5621249/10,"{""5621249/10"": 6}",23.563027950003743,,0.0,0.0
56,matplotlib,compact,1000000,1004814,11/10,READY,A1,6,5621249/10,"{""5621249/10"": 6}",3.4474490000284277,,0.0,0.0
56,matplotlib,compact,1000000,1004814,11/10,READY,A2,6,5621249/10,"{""5621249/10"": 6}",6.0741298500215635,,0.0,0.0
56,matplotlib,compact,1000000,1004814,11/10,READY,All-U,6,5621249/10,"{""563547"": 6}",1.727824649948161,,0.2529864804067566,0.2529864804067566
56,matplotlib,compact,1000000,1004814,11/10,READY,Greedy-add,6,5621249/10,"{""8541363/10"": 3, ""4268822/5"": 3}",29.77970734995324,0,51.91469902863224,51.947778865515474
57,pydantic,compact,1000000,366328,11/10,READY,Greedy-prune,6,1937137/10,"{""1939723/10"": 1, ""1939701/10"": 2, ""1939679/10"": 1, ""969856/5"": 1, ""193969"": 1}",27.529403500026092,0,0.1323602822102928,0.13349597885952308
57,pydantic,compact,1000000,366328,11/10,READY,A0,6,1937137/10,"{""1937137/10"": 6}",5.64432185003534,,0.0,0.0
57,pydantic,compact,1000000,366328,11/10,READY,A1,6,1937137/10,"{""1937137/10"": 6}",0.9474998500663787,,0.0,0.0
57,pydantic,compact,1000000,366328,11/10,READY,A2,6,1937137/10,"{""1937137/10"": 6}",2.199909499962814,,0.0,0.0
57,pydantic,compact,1000000,366328,11/10,READY,All-U,6,1937137/10,"{""388631/2"": 6}",0.48914114997023717,,0.31066465613944705,0.31066465613944705
57,pydantic,compact,1000000,366328,11/10,READY,Greedy-add,6,1937137/10,"{""2722001/10"": 1, ""2720323/10"": 1, ""2732329/10"": 1, ""1359747/5"": 2, ""1358928/5"": 1}",27.568342050013598,0,40.40868043922552,41.04985863157846
58,aiohttp,compact,1000000,231531,11/10,READY,Greedy-prune,6,1250127/10,"{""1250961/10"": 3, ""1250967/10"": 1, ""125096"": 1, ""625482/5"": 1}",27.201675249962136,0,0.06671322193665123,0.06719317317360556
58,aiohttp,compact,1000000,231531,11/10,READY,A0,6,1250127/10,"{""1250127/10"": 6}",2.085192100086715,,0.0,0.0
58,aiohttp,compact,1000000,231531,11/10,READY,A1,6,1250127/10,"{""1250127/10"": 6}",0.5279622999951243,,0.0,0.0
58,aiohttp,compact,1000000,231531,11/10,READY,A2,6,1250127/10,"{""1250127/10"": 6}",1.1722731500049122,,0.0,0.0
58,aiohttp,compact,1000000,231531,11/10,READY,All-U,6,1250127/10,"{""1254297/10"": 6}",0.18292300001485273,,0.3335661096832562,0.3335661096832562
58,aiohttp,compact,1000000,231531,11/10,READY,Greedy-add,6,1250127/10,"{""1540657/10"": 1, ""771026/5"": 1, ""770747/5"": 2, ""1542889/10"": 1, ""770189/5"": 1}",27.32896149996668,0,23.306992009611825,23.418580672203703
60,matplotlib,fielded,1000000,1011144,11/10,READY,Greedy-prune,6,4383747/10,"{""4439747/10"": 2, ""443978"": 1, ""2219879/5"": 2, ""4439769/10"": 1}",28.73823449999327,0,1.2776969108846838,1.2781987646641104
60,matplotlib,fielded,1000000,1011144,11/10,READY,A0,6,4383747/10,"{""4411083/10"": 6}",28.475664400029927,,0.6235761324729735,0.6235761324729735
60,matplotlib,fielded,1000000,1011144,11/10,READY,A1,6,4383747/10,"{""4383747/10"": 6}",2.5049040999729186,,0.0,0.0
60,matplotlib,fielded,1000000,1011144,11/10,READY,A2,6,4383747/10,"{""4383747/10"": 6}",5.242891350062564,,0.0,0.0
60,matplotlib,fielded,1000000,1011144,11/10,READY,All-U,6,4383747/10,"{""4441023/10"": 6}",1.0044704000465572,,1.306553503201713,1.306553503201713
60,matplotlib,fielded,1000000,1011144,11/10,READY,Greedy-add,6,4383747/10,"{""7018597/10"": 1, ""3511248/5"": 1, ""1405287/2"": 4}",28.877014549972955,0,60.28377093842322,60.28377093842322
61,pydantic,fielded,1000000,668703,11/10,READY,Greedy-prune,6,1275108/5,"{""2587463/10"": 1, ""2587507/10"": 1, ""1293737/5"": 3, ""1293748/5"": 1}",27.610546949959826,0,1.4609742860996873,1.4622682941366534
61,pydantic,fielded,1000000,668703,11/10,READY,A0,6,1275108/5,"{""1275108/5"": 6}",27.834958350053057,,0.0,0.0
61,pydantic,fielded,1000000,668703,11/10,READY,A1,6,1275108/5,"{""1275108/5"": 6}",1.5029838000191376,,0.0,0.0
61,pydantic,fielded,1000000,668703,11/10,READY,A2,6,1275108/5,"{""1275108/5"": 6}",3.4558930000057444,,0.0,0.0
61,pydantic,fielded,1000000,668703,11/10,READY,All-U,6,1275108/5,"{""1294738/5"": 6}",0.5978936499450356,,1.5394774403423084,1.5394774403423084
61,pydantic,fielded,1000000,668703,11/10,READY,Greedy-add,6,1275108/5,"{""2131951/5"": 2, ""4271549/10"": 1, ""2129452/5"": 1, ""4261403/10"": 2}",28.141761500039138,0,67.1486846604366,67.49753746349329
62,aiohttp,fielded,1000000,426119,11/10,READY,Greedy-prune,6,830788/5,"{""1688221/10"": 3, ""337653/2"": 1, ""1688243/10"": 1, ""844127/5"": 1}",27.383123700041324,0,1.6042600519025312,1.6062461181432568
62,aiohttp,fielded,1000000,426119,11/10,READY,A0,6,830788/5,"{""830788/5"": 6}",11.275401899998542,,0.0,0.0
62,aiohttp,fielded,1000000,426119,11/10,READY,A1,6,830788/5,"{""830788/5"": 6}",0.8036905999178998,,0.0,0.0
62,aiohttp,fielded,1000000,426119,11/10,READY,A2,6,830788/5,"{""830788/5"": 6}",1.9507715500658378,,0.0,0.0
62,aiohttp,fielded,1000000,426119,11/10,READY,All-U,6,830788/5,"{""1691851/10"": 6}",0.34069124999223277,,1.8220653163021132,1.8220653163021132
62,aiohttp,fielded,1000000,426119,11/10,READY,Greedy-add,6,830788/5,"{""481055/2"": 4, ""1203077/5"": 1, ""1201319/5"": 1}",27.66718700004276,0,44.758650823074,44.81155240566787
63,jsonschema,fielded,1000000,167196,11/10,READY,Greedy-prune,6,622909/10,"{""622909/10"": 6}",23.645937349938322,6,0.0,0.0
63,jsonschema,fielded,1000000,167196,11/10,READY,A0,6,622909/10,"{""622909/10"": 6}",2.4306945000425912,,0.0,0.0
63,jsonschema,fielded,1000000,167196,11/10,READY,A1,6,622909/10,"{""622909/10"": 6}",0.2750761500210501,,0.0,0.0
63,jsonschema,fielded,1000000,167196,11/10,READY,A2,6,622909/10,"{""622909/10"": 6}",0.7197638000361621,,0.0,0.0
63,jsonschema,fielded,1000000,167196,11/10,READY,All-U,6,622909/10,"{""631023/10"": 6}",0.12135414994554594,,1.3025979717743683,1.3025979717743683
63,jsonschema,fielded,1000000,167196,11/10,READY,Greedy-add,6,622909/10,"{""677729/10"": 2, ""678323/10"": 1, ""678521/10"": 1, ""135625/2"": 1, ""339112/5"": 1}",27.128497050027363,0,8.872162707554395,8.92778881024355
64,matplotlib,compact,1000000,1004814,5/4,READY,Greedy-prune,6,2260523/4,"{""2268847/4"": 2, ""1134421/2"": 4}",28.835586499946658,0,0.36801218125186075,0.36823336900354475
64,matplotlib,compact,1000000,1004814,5/4,READY,A0,6,2260523/4,"{""2260523/4"": 6}",16.14712734997738,,0.0,0.0
64,matplotlib,compact,1000000,1004814,5/4,READY,A1,6,2260523/4,"{""2260523/4"": 6}",3.4253448499948718,,0.0,0.0
64,matplotlib,compact,1000000,1004814,5/4,READY,A2,6,2260523/4,"{""2260523/4"": 6}",6.10803780000424,,0.0,0.0
64,matplotlib,compact,1000000,1004814,5/4,READY,All-U,6,2260523/4,"{""1134651/2"": 6}",1.7316382499993779,,0.38836145440678993,0.38836145440678993
64,matplotlib,compact,1000000,1004814,5/4,READY,Greedy-add,6,2260523/4,"{""1707557/2"": 4, ""3416601/4"": 2}",29.820172149979044,0,51.07627748091924,51.142058718270064
65,pydantic,compact,1000000,366328,5/4,READY,Greedy-prune,6,779635/4,"{""781729/4"": 1, ""781709/4"": 2, ""390857/2"": 1, ""195431"": 1, ""195426"": 1}",27.513963099976536,0,0.26634258338838046,0.2685872235084366
65,pydantic,compact,1000000,366328,5/4,READY,A0,6,779635/4,"{""779635/4"": 6}",5.717902200005483,,0.0,0.0
65,pydantic,compact,1000000,366328,5/4,READY,A1,6,779635/4,"{""779635/4"": 6}",0.9499419499770738,,0.0,0.0
65,pydantic,compact,1000000,366328,5/4,READY,A2,6,779635/4,"{""779635/4"": 6}",2.189072799985297,,0.0,0.0
65,pydantic,compact,1000000,366328,5/4,READY,All-U,6,779635/4,"{""783289/4"": 6}",0.488973600033205,,0.4686808570677304,0.4686808570677304
65,pydantic,compact,1000000,366328,5/4,READY,Greedy-add,6,779635/4,"{""1089661/4"": 1, ""271833"": 1, ""543993/2"": 2, ""1088987/4"": 1, ""272163"": 1}",27.566219899978023,0,39.59339947539554,39.76553130631642
66,aiohttp,compact,1000000,231531,5/4,READY,Greedy-prune,6,503037/4,"{""503871/4"": 1, ""503903/4"": 1, ""251951/2"": 1, ""125975"": 1, ""125977"": 1, ""503917/4"": 1}",27.224815349909477,0,0.17205493830473706,0.17493743004987705
66,aiohttp,compact,1000000,231531,5/4,READY,A0,6,503037/4,"{""503037/4"": 6}",2.2193592499243096,,0.0,0.0
66,aiohttp,compact,1000000,231531,5/4,READY,A1,6,503037/4,"{""503037/4"": 6}",0.5833306999411434,,0.0,0.0
66,aiohttp,compact,1000000,231531,5/4,READY,A2,6,503037/4,"{""503037/4"": 6}",1.1886236501159146,,0.0,0.0
66,aiohttp,compact,1000000,231531,5/4,READY,All-U,6,503037/4,"{""505557/4"": 6}",0.1992671499028802,,0.5009571860519206,0.5009571860519206
66,aiohttp,compact,1000000,231531,5/4,READY,Greedy-add,6,503037/4,"{""308363/2"": 1, ""154237"": 1, ""154903"": 1, ""620389/4"": 1, ""620611/4"": 1, ""619501/4"": 1}",27.348326849984005,0,23.16320668260983,23.37283340986846
68,matplotlib,fielded,1000000,1011144,5/4,READY,Greedy-prune,6,1762767/4,"{""1788941/4"": 2, ""894463/2"": 1, ""1788931/4"": 2, ""447239"": 1}",28.915906750014983,0,1.4845410652684103,1.4856756451646758
68,matplotlib,fielded,1000000,1011144,5/4,READY,A0,6,1762767/4,"{""1775575/4"": 6}",28.538302299915813,,0.7265849655683365,0.7265849655683365
68,matplotlib,fielded,1000000,1011144,5/4,READY,A1,6,1762767/4,"{""1762767/4"": 6}",2.698812699993141,,0.0,0.0
68,matplotlib,fielded,1000000,1011144,5/4,READY,A2,6,1762767/4,"{""1762767/4"": 6}",5.32305600005202,,0.0,0.0
68,matplotlib,fielded,1000000,1011144,5/4,READY,All-U,6,1762767/4,"{""1789491/4"": 6}",1.1078730499139056,,1.5160256573897741,1.5160256573897741
68,matplotlib,fielded,1000000,1011144,5/4,READY,Greedy-add,6,1762767/4,"{""2820405/4"": 1, ""2817035/4"": 2, ""1409359/2"": 2, ""2827249/4"": 1}",29.10002825013362,0,59.90303880206517,60.38699385681715
69,pydantic,fielded,1000000,668703,5/4,READY,Greedy-prune,6,513249/2,"{""261027"": 1, ""1044013/4"": 1, ""261037"": 2, ""1044163/4"": 1, ""1044133/4"": 1}",27.88997265009675,0,1.7187076837948054,1.7208996023372674
69,pydantic,fielded,1000000,668703,5/4,READY,A0,6,513249/2,"{""513249/2"": 6}",28.359470700030215,,0.0,0.0
69,pydantic,fielded,1000000,668703,5/4,READY,A1,6,513249/2,"{""513249/2"": 6}",1.8292707999935374,,0.0,0.0
69,pydantic,fielded,1000000,668703,5/4,READY,A2,6,513249/2,"{""513249/2"": 6}",4.0961396001512185,,0.0,0.0
69,pydantic,fielded,1000000,668703,5/4,READY,All-U,6,513249/2,"{""522439/2"": 6}",0.8243713499978185,,1.7905539026866102,1.7905539026866102
69,pydantic,fielded,1000000,668703,5/4,READY,Greedy-add,6,513249/2,"{""430064"": 1, ""1721327/4"": 1, ""1748791/4"": 1, ""1736989/4"": 1, ""1741641/4"": 1, ""872595/2"": 1}",28.645698399981484,0,69.44163554142337,70.36477421290641
70,aiohttp,fielded,1000000,426119,5/4,READY,Greedy-prune,6,334393/2,"{""681533/4"": 1, ""681503/4"": 3, ""340759/2"": 1, ""340769/2"": 1}",27.550340450019576,0,1.902626550196924,1.9067384783772388
70,aiohttp,fielded,1000000,426119,5/4,READY,A0,6,334393/2,"{""334393/2"": 6}",11.859792749979533,,0.0,0.0
70,aiohttp,fielded,1000000,426119,5/4,READY,A1,6,334393/2,"{""334393/2"": 6}",0.9479973500128835,,0.0,0.0
70,aiohttp,fielded,1000000,426119,5/4,READY,A2,6,334393/2,"{""334393/2"": 6}",2.1712389000458643,,0.0,0.0
70,aiohttp,fielded,1000000,426119,5/4,READY,All-U,6,334393/2,"{""682933/4"": 6}",0.444856800022535,,2.1153253806150247,2.1153253806150247
70,aiohttp,fielded,1000000,426119,5/4,READY,Greedy-add,6,334393/2,"{""493225/2"": 1, ""979487/4"": 1, ""490741/2"": 1, ""978705/4"": 2, ""488379/2"": 1}",27.798454799922183,0,46.39899758667197,47.498601944418695
71,jsonschema,fielded,1000000,167196,5/4,READY,Greedy-prune,6,250681/4,"{""250701/4"": 1, ""62679"": 1, ""250681/4"": 4}",26.590736099984497,4,0.0,0.0139619676002569
71,jsonschema,fielded,1000000,167196,5/4,READY,A0,6,250681/4,"{""250681/4"": 6}",2.7550683000590652,,0.0,0.0
71,jsonschema,fielded,1000000,167196,5/4,READY,A1,6,250681/4,"{""250681/4"": 6}",0.31801474990788847,,0.0,0.0
71,jsonschema,fielded,1000000,167196,5/4,READY,A2,6,250681/4,"{""250681/4"": 6}",0.8090417500352487,,0.0,0.0
71,jsonschema,fielded,1000000,167196,5/4,READY,All-U,6,250681/4,"{""254493/4"": 6}",0.14387615001760423,,1.52065772834798,1.52065772834798
71,jsonschema,fielded,1000000,167196,5/4,READY,Greedy-add,6,250681/4,"{""69698"": 1, ""279149/4"": 1, ""278843/4"": 1, ""69301"": 1, ""276687/4"": 1, ""138461/2"": 1}",27.21112639992498,0,10.897116255320507,11.356265532688955
72,matplotlib,compact,1000000,1004814,3/2,READY,Greedy-prune,6,1140281/2,"{""573503"": 2, ""573500"": 2, ""1146991/2"": 1, ""1146997/2"": 1}",28.439860749989748,0,0.589240722243026,0.5897669083322444
72,matplotlib,compact,1000000,1004814,3/2,READY,A0,6,1140281/2,"{""1140281/2"": 6}",25.09820230002515,,0.0,0.0
72,matplotlib,compact,1000000,1004814,3/2,READY,A1,6,1140281/2,"{""1140281/2"": 6}",3.8996960999211296,,0.0,0.0
72,matplotlib,compact,1000000,1004814,3/2,READY,A2,6,1140281/2,"{""1140281/2"": 6}",6.727264099987224,,0.0,0.0
72,matplotlib,compact,1000000,1004814,3/2,READY,All-U,6,1140281/2,"{""573623"": 6}",2.0528533500619233,,0.6108143519009788,0.6108143519009788
72,matplotlib,compact,1000000,1004814,3/2,READY,Greedy-add,6,1140281/2,"{""1716433/2"": 1, ""858654"": 1, ""859533"": 2, ""1714707/2"": 1, ""857783"": 1}",29.46779624989722,0,50.5655623482282,50.758102608041355
73,pydantic,compact,1000000,366328,3/2,READY,Greedy-prune,6,393801/2,"{""197924"": 2, ""395869/2"": 1, ""395881/2"": 1, ""197918"": 1, ""197927"": 1}",27.656112600117922,0,0.5205674947498864,0.5281855556486652
73,pydantic,compact,1000000,366328,3/2,READY,A0,6,393801/2,"{""393801/2"": 6}",6.8223491499666125,,0.0,0.0
73,pydantic,compact,1000000,366328,3/2,READY,A1,6,393801/2,"{""393801/2"": 6}",1.1506628999486566,,0.0,0.0
73,pydantic,compact,1000000,366328,3/2,READY,A2,6,393801/2,"{""393801/2"": 6}",2.552329650032334,,0.0,0.0
73,pydantic,compact,1000000,366328,3/2,READY,All-U,6,393801/2,"{""396667/2"": 6}",0.6243030000478029,,0.7277787511966705,0.7277787511966705
73,pydantic,compact,1000000,366328,3/2,READY,Greedy-add,6,393801/2,"{""274500"": 1, ""275800"": 1, ""553719/2"": 1, ""550659/2"": 1, ""275610"": 1, ""551409/2"": 1}",27.7756785498932,0,39.99824784599328,40.60883542703041
74,aiohttp,compact,1000000,231531,3/2,READY,Greedy-prune,6,254007/2,"{""254963/2"": 1, ""127465"": 1, ""127475"": 1, ""254953/2"": 1, ""254935/2"": 1, ""127470"": 1}",27.254721049917862,0,0.3692811615427921,0.37636758042101204
74,aiohttp,compact,1000000,231531,3/2,READY,A0,6,254007/2,"{""254007/2"": 6}",2.5780366000253707,,0.0,0.0
74,aiohttp,compact,1000000,231531,3/2,READY,A1,6,254007/2,"{""254007/2"": 6}",0.6658736498793587,,0.0,0.0
74,aiohttp,compact,1000000,231531,3/2,READY,A2,6,254007/2,"{""254007/2"": 6}",1.4269330999813974,,0.0,0.0
74,aiohttp,compact,1000000,231531,3/2,READY,All-U,6,254007/2,"{""255977/2"": 6}",0.23718805005773902,,0.7755691772273993,0.7755691772273993
74,aiohttp,compact,1000000,231531,3/2,READY,Greedy-add,6,254007/2,"{""315731/2"": 1, ""315061/2"": 1, ""157028"": 1, ""314927/2"": 1, ""314525/2"": 1, ""156898"": 1}",27.413378249970265,0,23.90445932592409,24.300117713291367
76,matplotlib,fielded,1000000,1011144,3/2,READY,Greedy-prune,6,889107/2,"{""905353/2"": 1, ""452675"": 1, ""905371/2"": 1, ""452681"": 1, ""452672"": 1, ""905341/2"": 1}",28.417934500030242,0,1.8270579356590377,1.8292511474996824
76,matplotlib,fielded,1000000,1011144,3/2,READY,A0,6,889107/2,"{""448503"": 6}",28.783863450051285,,0.8884195040641902,0.8884195040641902
76,matplotlib,fielded,1000000,1011144,3/2,READY,A1,6,889107/2,"{""889107/2"": 6}",3.024453450110741,,0.0,0.0
76,matplotlib,fielded,1000000,1011144,3/2,READY,A2,6,889107/2,"{""889107/2"": 6}",5.950055949972011,,0.0,0.0
76,matplotlib,fielded,1000000,1011144,3/2,READY,All-U,6,889107/2,"{""905647/2"": 6}",1.2584099000087008,,1.8602935304749597,1.8602935304749597
76,matplotlib,fielded,1000000,1011144,3/2,READY,Greedy-add,6,889107/2,"{""711890"": 2, ""710927"": 1, ""1420893/2"": 1, ""709984"": 1, ""1415419/2"": 1}",29.44294370012358,0,59.865291804023585,60.13595663963955
77,pydantic,fielded,1000000,668703,3/2,READY,Greedy-prune,6,259296,"{""529523/2"": 1, ""529535/2"": 1, ""264748"": 1, ""529493/2"": 2, ""529499/2"": 1}",27.79252134996932,0,2.1029055596692583,2.110136677773664
77,pydantic,fielded,1000000,668703,3/2,READY,A0,6,259296,"{""259296"": 6}",27.93313749996014,,0.0,0.0
77,pydantic,fielded,1000000,668703,3/2,READY,A1,6,259296,"{""259296"": 6}",1.6914010000182316,,0.0,0.0
77,pydantic,fielded,1000000,668703,3/2,READY,A2,6,259296,"{""259296"": 6}",3.8156351500656456,,0.0,0.0
77,pydantic,fielded,1000000,668703,3/2,READY,All-U,6,259296,"{""265006"": 6}",0.7130276499083266,,2.2021165000617056,2.2021165000617056
77,pydantic,fielded,1000000,668703,3/2,READY,Greedy-add,6,259296,"{""864025/2"": 2, ""431735"": 1, ""856517/2"": 1, ""428000"": 1, ""429042"": 1}",28.358920649974607,0,65.9834706281624,66.60978187091202
78,aiohttp,fielded,1000000,426119,3/2,READY,Greedy-prune,6,168928,"{""172820"": 1, ""172817"": 2, ""345631/2"": 2, ""172814"": 1}",27.479741550050676,0,2.301720259518848,2.303940140178064
78,aiohttp,fielded,1000000,426119,3/2,READY,A0,6,168928,"{""168928"": 6}",9.930029949988239,,0.0,0.0
78,aiohttp,fielded,1000000,426119,3/2,READY,A1,6,168928,"{""168928"": 6}",0.8060341998934746,,0.0,0.0
78,aiohttp,fielded,1000000,426119,3/2,READY,A2,6,168928,"{""168928"": 6}",1.9188536499859765,,0.0,0.0
78,aiohttp,fielded,1000000,426119,3/2,READY,All-U,6,168928,"{""346627/2"": 6}",0.3435675000073388,,2.5960764349308585,2.5960764349308585
78,aiohttp,fielded,1000000,426119,3/2,READY,Greedy-add,6,168928,"{""480965/2"": 2, ""481315/2"": 1, ""240220"": 1, ""480615/2"": 1, ""240745"": 1}",27.62219769996591,0,42.357986834627766,42.51337848077287
79,jsonschema,fielded,1000000,167196,3/2,READY,Greedy-prune,6,126605/2,"{""126605/2"": 6}",23.5471663500648,6,0.0,0.0
79,jsonschema,fielded,1000000,167196,3/2,READY,A0,6,126605/2,"{""126605/2"": 6}",2.7363090498838574,,0.0,0.0
79,jsonschema,fielded,1000000,167196,3/2,READY,A1,6,126605/2,"{""126605/2"": 6}",0.27024640003219247,,0.0,0.0
79,jsonschema,fielded,1000000,167196,3/2,READY,A2,6,126605/2,"{""126605/2"": 6}",0.7076768998522311,,0.0,0.0
79,jsonschema,fielded,1000000,167196,3/2,READY,All-U,6,126605/2,"{""128983/2"": 6}",0.11993964994326234,,1.878282848228743,1.878282848228743
79,jsonschema,fielded,1000000,167196,3/2,READY,Greedy-add,6,126605/2,"{""136387/2"": 1, ""136653/2"": 1, ""68260"": 1, ""136197/2"": 1, ""136539/2"": 2}",27.134759499924257,0,7.838947908850361,7.9364953990758655
80,matplotlib,compact,1000000,1004814,2,READY,Greedy-prune,6,580160,"{""586032"": 4, ""586030"": 1, ""586034"": 1}",28.85716560005676,0,1.012134583563155,1.0124793160507446
80,matplotlib,compact,1000000,1004814,2,READY,A0,6,580160,"{""580160"": 6}",16.542310849996284,,0.0,0.0
80,matplotlib,compact,1000000,1004814,2,READY,A1,6,580160,"{""580160"": 6}",3.3742984499549493,,0.0,0.0
80,matplotlib,compact,1000000,1004814,2,READY,A2,6,580160,"{""580160"": 6}",4.520346499979496,,0.0,0.0
80,matplotlib,compact,1000000,1004814,2,READY,All-U,6,580160,"{""586218"": 6}",1.7166720499517396,,1.0441947049089906,1.0441947049089906
80,matplotlib,compact,1000000,1004814,2,READY,Greedy-add,6,580160,"{""853484"": 2, ""853849"": 4}",29.771991149988025,0,47.17474489795918,47.17474489795918
81,pydantic,compact,1000000,366328,2,READY,Greedy-prune,6,200884,"{""202722"": 1, ""202724"": 1, ""202726"": 1, ""202720"": 2, ""202718"": 1}",27.525896950042807,0,0.9144580952191315,0.9169470938452042
81,pydantic,compact,1000000,366328,2,READY,A0,6,200884,"{""200884"": 6}",6.4976666499860585,,0.0,0.0
81,pydantic,compact,1000000,366328,2,READY,A1,6,200884,"{""200884"": 6}",0.9314356500981376,,0.0,0.0
81,pydantic,compact,1000000,366328,2,READY,A2,6,200884,"{""200884"": 6}",1.4386580000864342,,0.0,0.0
81,pydantic,compact,1000000,366328,2,READY,All-U,6,200884,"{""203356"": 6}",0.4918013500282541,,1.2305609207303718,1.2305609207303718
81,pydantic,compact,1000000,366328,2,READY,Greedy-add,6,200884,"{""272397"": 1, ""272151"": 4, ""272070"": 1}",27.570573549950495,0,35.476693016865454,35.59915174926823
82,aiohttp,compact,1000000,231531,2,READY,Greedy-prune,6,129492,"{""130325"": 1, ""130326"": 2, ""130330"": 1, ""130324"": 1, ""130322"": 1}",27.28675165004097,0,0.6436691069718593,0.6471442251258764
82,aiohttp,compact,1000000,231531,2,READY,A0,6,129492,"{""129492"": 6}",2.195798799977638,,0.0,0.0
82,aiohttp,compact,1000000,231531,2,READY,A1,6,129492,"{""129492"": 6}",0.5256970500340685,,0.0,0.0
82,aiohttp,compact,1000000,231531,2,READY,A2,6,129492,"{""129492"": 6}",0.8256302500376478,,0.0,0.0
82,aiohttp,compact,1000000,231531,2,READY,All-U,6,129492,"{""131187"": 6}",0.1827627499587834,,1.3089611713464926,1.3089611713464926
82,aiohttp,compact,1000000,231531,2,READY,Greedy-add,6,129492,"{""154513"": 2, ""154783"": 1, ""154648"": 1, ""154567"": 2}",27.314561699982733,0,19.364130602662712,19.53093627405554
84,matplotlib,fielded,1000000,1011144,2,READY,Greedy-prune,6,452277,"{""463491"": 3, ""463493"": 3}",28.73029774997849,0,2.4796750663863074,2.479896169825129
84,matplotlib,fielded,1000000,1011144,2,READY,A0,6,452277,"{""453822"": 5, ""456969"": 1}",28.639916050015017,,0.3416048129796563,1.0374173349518105
84,matplotlib,fielded,1000000,1011144,2,READY,A1,6,452277,"{""452277"": 6}",2.4698875000467524,,0.0,0.0
84,matplotlib,fielded,1000000,1011144,2,READY,A2,6,452277,"{""452277"": 6}",3.1693158000707626,,0.0,0.0
84,matplotlib,fielded,1000000,1011144,2,READY,All-U,6,452277,"{""463725"": 6}",0.9929985000053421,,2.5311921676317835,2.5311921676317835
84,matplotlib,fielded,1000000,1011144,2,READY,Greedy-add,6,452277,"{""701965"": 3, ""703143"": 2, ""702354"": 1}",29.63307010009885,0,55.24988005138444,55.467335283465665
85,pydantic,fielded,1000000,668703,2,READY,Greedy-prune,6,264639,"{""272213"": 3, ""272211"": 2, ""272219"": 1}",27.637879049987532,0,2.862012023926934,2.8642792634494536
85,pydantic,fielded,1000000,668703,2,READY,A0,6,264639,"{""264639"": 6}",27.93880264996551,,0.0,0.0
85,pydantic,fielded,1000000,668703,2,READY,A1,6,264639,"{""264639"": 6}",1.4958635499933735,,0.0,0.0
85,pydantic,fielded,1000000,668703,2,READY,A2,6,264639,"{""264639"": 6}",2.1193424001103267,,0.0,0.0
85,pydantic,fielded,1000000,668703,2,READY,All-U,6,264639,"{""272579"": 6}",0.5994531500618905,,3.000313634800615,3.000313634800615
85,pydantic,fielded,1000000,668703,2,READY,Greedy-add,6,264639,"{""426056"": 4, ""426806"": 1, ""426554"": 1}",28.15385384997353,0,60.995167001084496,61.27857194139942
86,aiohttp,fielded,1000000,426119,2,READY,Greedy-prune,6,172391,"{""177824"": 1, ""177806"": 1, ""177816"": 2, ""177814"": 1, ""177812"": 1}",27.373932499904186,0,3.14633594561201,3.151556635787251
86,aiohttp,fielded,1000000,426119,2,READY,A0,6,172391,"{""172391"": 6}",11.9698174999794,,0.0,0.0
86,aiohttp,fielded,1000000,426119,2,READY,A1,6,172391,"{""172391"": 6}",0.7960095999296755,,0.0,0.0
86,aiohttp,fielded,1000000,426119,2,READY,A2,6,172391,"{""172391"": 6}",1.0763059500604868,,0.0,0.0
86,aiohttp,fielded,1000000,426119,2,READY,All-U,6,172391,"{""178474"": 6}",0.34375050000380725,,3.5286064817768907,3.5286064817768907
86,aiohttp,fielded,1000000,426119,2,READY,Greedy-add,6,172391,"{""241255"": 1, ""240820"": 1, ""240907"": 2, ""240733"": 1, ""240646"": 1}",27.653394300024956,0,39.719300891577866,39.94640091420086
87,jsonschema,fielded,1000000,167196,2,READY,Greedy-prune,6,64567,"{""64567"": 6}",23.717256349977106,6,0.0,0.0
87,jsonschema,fielded,1000000,167196,2,READY,A0,6,64567,"{""64567"": 6}",2.5328755500959232,,0.0,0.0
87,jsonschema,fielded,1000000,167196,2,READY,A1,6,64567,"{""64567"": 6}",0.26769715000409633,,0.0,0.0
87,jsonschema,fielded,1000000,167196,2,READY,A2,6,64567,"{""64567"": 6}",0.43922200007364154,,0.0,0.0
87,jsonschema,fielded,1000000,167196,2,READY,All-U,6,64567,"{""66228"": 6}",0.11977499991189688,,2.572521566744622,2.572521566744622
87,jsonschema,fielded,1000000,167196,2,READY,Greedy-add,6,64567,"{""69005"": 1, ""68780"": 1, ""68843"": 1, ""68771"": 2, ""68735"": 1}",27.129685699939728,0,6.518035528985395,6.873480260814348
88,matplotlib,compact,1000000,1004814,32,READY,Greedy-prune,6,755194,"{""1338942"": 2, ""1338974"": 4}",28.871679549920373,0,77.30199127641374,77.30199127641374
88,matplotlib,compact,1000000,1004814,32,READY,A0,6,755194,"{""755194"": 6}",15.623074750066735,,0.0,0.0
88,matplotlib,compact,1000000,1004814,32,READY,A1,6,755194,"{""755194"": 6}",7.733333199983463,,0.0,0.0
88,matplotlib,compact,1000000,1004814,32,READY,A2,6,755194,"{""755194"": 6}",9.138032049871981,,0.0,0.0
88,matplotlib,compact,1000000,1004814,32,READY,All-U,6,755194,"{""1341918"": 6}",1.724382699932903,,77.69182488208328,77.69182488208328
88,matplotlib,compact,1000000,1004814,32,READY,Greedy-add,6,755194,"{""857010"": 5, ""856669"": 1}",29.75037385011092,0,13.482098639554868,13.482098639554868
89,pydantic,compact,1000000,366328,32,READY,Greedy-prune,6,271102,"{""494658"": 3, ""494786"": 2, ""494594"": 1}",27.50093109998852,0,82.4619515901764,82.50916629165407
89,pydantic,compact,1000000,366328,32,READY,A0,6,271102,"{""271102"": 6}",8.234429500065744,,0.0,0.0
89,pydantic,compact,1000000,366328,32,READY,A1,6,271102,"{""271102"": 6}",1.5792970500187948,,0.0,0.0
89,pydantic,compact,1000000,366328,32,READY,A2,6,271102,"{""271102"": 6}",2.3356759001035243,,0.0,0.0
89,pydantic,compact,1000000,366328,32,READY,All-U,6,271102,"{""504706"": 6}",0.4895976501284167,,86.1683056561737,86.1683056561737
89,pydantic,compact,1000000,366328,32,READY,Greedy-add,6,271102,"{""281810"": 3, ""281863"": 2, ""281757"": 1}",27.56457515002694,0,3.9498048704915494,3.969354707822148
90,aiohttp,compact,1000000,231531,32,READY,Greedy-prune,6,172031,"{""304780"": 1, ""304749"": 2, ""304997"": 1, ""304873"": 2}",27.221079399925657,0,77.19277339549268,77.29188343961263
90,aiohttp,compact,1000000,231531,32,READY,A0,6,172031,"{""172031"": 6}",3.7535702500026673,,0.0,0.0
90,aiohttp,compact,1000000,231531,32,READY,A1,6,172031,"{""172031"": 6}",0.95652475010138,,0.0,0.0
90,aiohttp,compact,1000000,231531,32,READY,A2,6,172031,"{""172031"": 6}",1.284634800045751,,0.0,0.0
90,aiohttp,compact,1000000,231531,32,READY,All-U,6,172031,"{""323097"": 6}",0.18637839995790273,,87.81324296202429,87.81324296202429
90,aiohttp,compact,1000000,231531,32,READY,Greedy-add,6,172031,"{""172071"": 6}",24.14752740005497,6,0.023251623253948417,0.023251623253948417
92,matplotlib,fielded,1000000,1011144,32,READY,Greedy-prune,6,603322,"{""1114103"": 4, ""1114135"": 1, ""1114327"": 1}",28.726724150008522,0,84.66142457924623,84.69855234849716
92,matplotlib,fielded,1000000,1011144,32,READY,A0,6,603322,"{""603322"": 6}",29.51595210004598,,0.0,0.0
92,matplotlib,fielded,1000000,1011144,32,READY,A1,6,603322,"{""603322"": 6}",6.08162185002584,,0.0,0.0
92,matplotlib,fielded,1000000,1011144,32,READY,A2,6,603322,"{""603322"": 6}",7.138661200064234,,0.0,0.0
92,matplotlib,fielded,1000000,1011144,32,READY,All-U,6,603322,"{""1117815"": 6}",1.0063444999977946,,85.27668475540425,85.27668475540425
92,matplotlib,fielded,1000000,1011144,32,READY,Greedy-add,6,603322,"{""705834"": 3, ""707300"": 1, ""707672"": 1, ""706197"": 1}",29.311898299958557,0,17.02134183736048,17.295905005950388
93,pydantic,fielded,1000000,668703,32,READY,Greedy-prune,6,370927,"{""721135"": 2, ""721487"": 1, ""721199"": 1, ""721327"": 1, ""721231"": 1}",27.710880349972285,0,94.43583238750483,94.50916218015944
93,pydantic,fielded,1000000,668703,32,READY,A0,6,370927,"{""370928"": 6}",28.213961599999948,,0.00026959482593610066,0.00026959482593610066
93,pydantic,fielded,1000000,668703,32,READY,A1,6,370927,"{""370927"": 6}",3.643479249995835,,0.0,0.0
93,pydantic,fielded,1000000,668703,32,READY,A2,6,370927,"{""370927"": 6}",4.141833050060086,,0.0,0.0
93,pydantic,fielded,1000000,668703,32,READY,All-U,6,370927,"{""726959"": 6}",0.6029594000001453,,95.98438506768177,95.98438506768177
93,pydantic,fielded,1000000,668703,32,READY,Greedy-add,6,370927,"{""432014"": 3, ""432459"": 2, ""432236"": 1}",28.184744800035787,0,16.498664157637485,16.588708829500145
94,aiohttp,fielded,1000000,426119,32,READY,Greedy-prune,6,238726,"{""477896"": 1, ""477736"": 1, ""478024"": 1, ""477768"": 3}",27.41463130000011,0,100.13236932717844,100.23960523780401
94,aiohttp,fielded,1000000,426119,32,READY,A0,6,238726,"{""238732"": 6}",27.525191300000188,,0.002513341655286814,0.002513341655286814
94,aiohttp,fielded,1000000,426119,32,READY,A1,6,238726,"{""238726"": 6}",1.9867628500001047,,0.0,0.0
94,aiohttp,fielded,1000000,426119,32,READY,A2,6,238726,"{""238726"": 6}",2.354179049999857,,0.0,0.0
94,aiohttp,fielded,1000000,426119,32,READY,All-U,6,238726,"{""488104"": 6}",0.36918329999980415,,104.46201921868585,104.46201921868585
94,aiohttp,fielded,1000000,426119,32,READY,Greedy-add,6,238726,"{""250741"": 1, ""251321"": 1, ""251564"": 1, ""250798"": 1, ""250855"": 2}",27.65890085000001,0,5.080720156162295,5.37771336176202
95,jsonschema,fielded,1000000,167196,32,READY,Greedy-prune,6,92748,"{""137497"": 1, ""137107"": 1, ""138037"": 1, ""137647"": 1, ""137467"": 1, ""144715"": 1}",27.151714399999946,0,48.328804933799105,56.03031871307198
95,jsonschema,fielded,1000000,167196,32,READY,A0,6,92748,"{""92748"": 6}",5.252890349999689,,0.0,0.0
95,jsonschema,fielded,1000000,167196,32,READY,A1,6,92748,"{""92748"": 6}",0.4159708499996668,,0.0,0.0
95,jsonschema,fielded,1000000,167196,32,READY,A2,6,92748,"{""92748"": 6}",0.5221175499996207,,0.0,0.0
95,jsonschema,fielded,1000000,167196,32,READY,All-U,6,92748,"{""170418"": 6}",0.13004034999994474,,83.74304567214388,83.74304567214388
95,jsonschema,fielded,1000000,167196,32,READY,Greedy-add,6,92748,"{""92846"": 6}",12.213989299999866,6,0.10566265579850778,0.10566265579850778
96,matplotlib,compact,10000000,1856156,1,READY,Forest,6,915574,"{""915574"": 6}",7.635411849999855,,0.0,0.0
96,matplotlib,compact,10000000,1856156,1,READY,No-sharing,6,915574,"{""1856156"": 6}",7.0538212000001295,,102.73140128487704,102.73140128487704
96,matplotlib,compact,10000000,1856156,1,READY,All-U,6,915574,"{""917028"": 6}",4.352428250000685,,0.15880748033474082,0.15880748033474082
100,matplotlib,fielded,10000000,3373699,1,READY,Forest,6,1185215,"{""1185215"": 6}",10.646692399999665,,0.0,0.0
100,matplotlib,fielded,10000000,3373699,1,READY,No-sharing,6,1185215,"{""3373699"": 6}",14.633830599999783,,184.64869243133103,184.64869243133103
100,matplotlib,fielded,10000000,3373699,1,READY,All-U,6,1185215,"{""1198821"": 6}",4.608278599999721,,1.1479773711942558,1.1479773711942558
104,matplotlib,compact,10000000,1856156,11/10,READY,Greedy-prune,3,4594799/5,"{""4605837/5"": 1, ""9211663/10"": 2}",29.919069299999137,0,0.24010843564647769,0.24022813620356406
104,matplotlib,compact,10000000,1856156,11/10,READY,A1,6,4594799/5,"{""4594799/5"": 6}",8.601709949999986,,0.0,0.0
104,matplotlib,compact,10000000,1856156,11/10,READY,A2,6,4594799/5,"{""4594799/5"": 6}",14.134104299999308,,0.0,0.0
104,matplotlib,compact,10000000,1856156,11/10,READY,All-U,6,4594799/5,"{""4606046/5"": 6}",4.38755595000066,,0.24477675737284701,0.24477675737284701
108,matplotlib,fielded,10000000,3373699,11/10,READY,A1,6,5948179/5,"{""5948179/5"": 6}",17.698516550000022,,0.0,0.0
108,matplotlib,fielded,10000000,3373699,11/10,READY,A2,6,5948179/5,"{""5948179/5"": 6}",28.148995449999347,,0.0,0.0
108,matplotlib,fielded,10000000,3373699,11/10,READY,All-U,6,5948179/5,"{""6025109/5"": 6}",4.468307850000201,,1.2933370028037152,1.2933370028037152
112,matplotlib,compact,10000000,1856156,5/4,READY,Greedy-prune,4,1848077/2,"{""1854867/2"": 2, ""3709729/4"": 2}",29.914534250000543,0,0.3673412958442749,0.3674089337186708
112,matplotlib,compact,10000000,1856156,5/4,READY,A1,6,1848077/2,"{""1848077/2"": 6}",8.754049500000292,,0.0,0.0
112,matplotlib,compact,10000000,1856156,5/4,READY,A2,6,1848077/2,"{""1848077/2"": 6}",14.189835450000828,,0.0,0.0
112,matplotlib,compact,10000000,1856156,5/4,READY,All-U,6,1848077/2,"{""927481"": 6}",4.121612050000294,,0.3725494121727612,0.3725494121727612
116,matplotlib,fielded,10000000,3373699,5/4,READY,A1,6,1196267,"{""1196267"": 6}",18.14457989999937,,0.0,0.0
116,matplotlib,fielded,10000000,3373699,5/4,READY,A2,6,1196267,"{""1196267"": 6}",28.357820449999053,,0.0,0.0
116,matplotlib,fielded,10000000,3373699,5/4,READY,All-U,6,1196267,"{""1214323"": 6}",4.505150250000042,,1.5093620404140549,1.5093620404140549
120,matplotlib,compact,10000000,1856156,3/2,READY,Greedy-prune,6,932503,"{""1875751/2"": 5, ""937877"": 1}",29.792520350000814,0,0.5761375566620162,0.5762984140533597
120,matplotlib,compact,10000000,1856156,3/2,READY,A1,6,932503,"{""932503"": 6}",8.372014600000512,,0.0,0.0
120,matplotlib,compact,10000000,1856156,3/2,READY,A2,6,932503,"{""932503"": 6}",13.82889725000041,,0.0,0.0
120,matplotlib,compact,10000000,1856156,3/2,READY,All-U,6,932503,"{""937934"": 6}",4.086584499999844,,0.5824109949244132,0.5824109949244132
124,matplotlib,fielded,10000000,3373699,3/2,READY,A1,6,1207319,"{""1207319"": 6}",17.761278450000646,,0.0,0.0
124,matplotlib,fielded,10000000,3373699,3/2,READY,A2,6,1207319,"{""1207319"": 6}",28.19534980000026,,0.0,0.0
124,matplotlib,fielded,10000000,3373699,3/2,READY,All-U,6,1207319,"{""1229825"": 6}",4.540477499999724,,1.8641303582566,1.8641303582566
128,matplotlib,compact,10000000,1856156,2,READY,Greedy-prune,3,949432,"{""958764"": 2, ""958762"": 1}",29.67309589999968,0,0.9829034622806057,0.9829034622806057
128,matplotlib,compact,10000000,1856156,2,READY,A1,6,949432,"{""949432"": 6}",8.194864599999164,,0.0,0.0
128,matplotlib,compact,10000000,1856156,2,READY,A2,6,949432,"{""949432"": 6}",10.833472500000425,,0.0,0.0
128,matplotlib,compact,10000000,1856156,2,READY,All-U,6,949432,"{""958840"": 6}",4.060277499999756,,0.9909082483000362,0.9909082483000362
132,matplotlib,fielded,10000000,3373699,2,READY,A1,6,1229423,"{""1229423"": 6}",14.835201199999574,,0.0,0.0
132,matplotlib,fielded,10000000,3373699,2,READY,A2,6,1229423,"{""1229423"": 6}",17.132363750000877,,0.0,0.0
132,matplotlib,fielded,10000000,3373699,2,READY,All-U,6,1229423,"{""1260829"": 6}",4.496549499999674,,2.554531678681788,2.554531678681788
136,matplotlib,compact,10000000,1856156,32,READY,Greedy-prune,4,1258573,"{""2211984"": 4}",29.716607399997883,0,75.75333333863034,75.75333333863034
136,matplotlib,compact,10000000,1856156,32,READY,A1,6,1258573,"{""1258573"": 6}",20.33831939999982,,0.0,0.0
136,matplotlib,compact,10000000,1856156,32,READY,A2,6,1258573,"{""1258573"": 6}",23.393530649998866,,0.0,0.0
136,matplotlib,compact,10000000,1856156,32,READY,All-U,6,1258573,"{""2213200"": 6}",4.096557549999488,,75.84995069813193,75.84995069813193
140,matplotlib,fielded,10000000,3373699,32,READY,All-U,6,,"{""3121069"": 6}",4.588977200000954,,,
