comparison,source,conditions,ratio_median,ratio_min,ratio_max,classifications,RSS_ratio_median,RSS_lower_new
A0/A1,matplotlib,15,4.902444491896424,1.2891856109295892,7.131845546587033,"{""improved"": 15}",1.4226426609703997,15
A1/A2,matplotlib,29,0.6398439517589927,0.47777150673607366,0.9450677597985043,"{""regressed"": 28, ""unresolved"": 1}",1.0004736539300876,18
All-U/A1,matplotlib,29,0.4766661155950204,0.1654730472914094,0.5904091135749442,"{""regressed"": 29}",0.9886529978438471,3
A0/A1,pydantic,15,5.957068858258834,2.0265523361979687,12.777983530079997,"{""improved"": 15}",1.566803522737957,15
A1/A2,pydantic,19,0.44328163817998484,0.322399621747114,0.8684743303823302,"{""regressed"": 19}",0.9996299494264216,9
All-U/A1,pydantic,19,0.41106391345127524,0.21999652855051963,0.5425594238552923,"{""regressed"": 19}",0.9788257635701851,2
A0/A1,aiohttp,18,6.402683446932164,2.285400438438045,15.037277818052557,"{""improved"": 18}",1.4923642469415563,18
A1/A2,aiohttp,19,0.4503748123830287,0.33966551836113584,0.8439302227246587,"{""regressed"": 18, ""unresolved"": 1}",1.0010494798901133,11
All-U/A1,aiohttp,19,0.41079833107000163,0.18582152369105587,0.4692595396142081,"{""regressed"": 19}",0.9728474145891043,0
A0/A1,jsonschema,15,8.585927598480115,3.5411921622782607,12.628025136866913,"{""improved"": 15}",1.550941780821918,15
A1/A2,jsonschema,15,0.4792227401155669,0.34925784686500144,0.7966996129510855,"{""regressed"": 15}",1.0040636185042655,11
All-U/A1,jsonschema,15,0.4268300958451612,0.27724709259439156,0.45241973857903545,"{""regressed"": 15}",0.9787992495309569,0
