reference,comparison,source,total,eligible,ratio_median,IMPROVED,INELIGIBLE,UNRESOLVED,REGRESSED
Global MILP baseline,Join-restricted MILP,ALL,85,65,2.6041456688043927,65,20,,
Global MILP baseline,Join-restricted MILP,matplotlib,30,16,2.5497372293026457,16,14,,
Global MILP baseline,Join-restricted MILP,pydantic,20,15,2.887853128529087,15,5,,
Global MILP baseline,Join-restricted MILP,aiohttp,20,19,2.3138404250738263,19,1,,
Global MILP baseline,Join-restricted MILP,jsonschema,15,15,3.043159194374777,15,,,
Join-restricted MILP,Preprocessed global MILP,ALL,85,80,2.0497345998314143,76,5,3,1
Join-restricted MILP,Preprocessed global MILP,matplotlib,30,25,1.904921455513353,21,5,3,1
Join-restricted MILP,Preprocessed global MILP,pydantic,20,20,2.4240727913203153,20,,,
Join-restricted MILP,Preprocessed global MILP,aiohttp,20,20,2.4908000455218726,20,,,
Join-restricted MILP,Preprocessed global MILP,jsonschema,15,15,2.595883052600375,15,,,
Global MILP baseline,Preprocessed global MILP,ALL,85,65,6.046771937728181,65,20,,
Global MILP baseline,Preprocessed global MILP,matplotlib,30,16,4.803932347128702,16,14,,
Global MILP baseline,Preprocessed global MILP,pydantic,20,15,6.046771937728181,15,5,,
Global MILP baseline,Preprocessed global MILP,aiohttp,20,19,4.063443270450719,19,1,,
Global MILP baseline,Preprocessed global MILP,jsonschema,15,15,8.290792396853925,15,,,
