input_id,h,method,completed,exact_statuses,greedy_statuses,reference_cost,fixed_cost,residual_reference_cost,absolute_excess,full_gap_percent,residual_gap_percent,exact_seconds,greedy_seconds,exact_over_greedy,equal_cost
matplotlib-compact-100000,11/10,Residual greedy addition,True,optimal_numerical;optimal_numerical;optimal_numerical,FEASIBLE;FEASIBLE;FEASIBLE,756903/10,378142/5,619/10,0,0.0,0.0,0.22478050000063377,0.24047169999903417,0.934748246889495,True
matplotlib-compact-100000,11/10,Residual greedy pruning,True,optimal_numerical;optimal_numerical;optimal_numerical,FEASIBLE;FEASIBLE;FEASIBLE,756903/10,378142/5,619/10,0,0.0,0.0,0.22478050000063377,0.23390099999960512,0.9610070072424369,True
matplotlib-compact-100000,5/4,Residual greedy addition,True,optimal_numerical;optimal_numerical;optimal_numerical,FEASIBLE;FEASIBLE;FEASIBLE,303777/4,75881,253/4,0,0.0,0.0,0.22278929999811226,0.22430529999837745,0.9932413545276185,True
matplotlib-compact-100000,5/4,Residual greedy pruning,True,optimal_numerical;optimal_numerical;optimal_numerical,FEASIBLE;FEASIBLE;FEASIBLE,303777/4,75881,253/4,0,0.0,0.0,0.22278929999811226,0.21994329999870388,1.0129396985469672,True
matplotlib-compact-100000,3/2,Residual greedy addition,True,optimal_numerical;optimal_numerical;optimal_numerical,FEASIBLE;FEASIBLE;FEASIBLE,152735/2,76302,131/2,0,0.0,0.0,0.22829130000172881,0.22699610000199755,1.0057058249006035,True
matplotlib-compact-100000,3/2,Residual greedy pruning,True,optimal_numerical;optimal_numerical;optimal_numerical,FEASIBLE;FEASIBLE;FEASIBLE,152735/2,76302,131/2,0,0.0,0.0,0.22829130000172881,0.23877600000196253,0.9560898080202888,True
matplotlib-compact-100000,2,Residual greedy addition,True,optimal_numerical;optimal_numerical;optimal_numerical,FEASIBLE;FEASIBLE;FEASIBLE,77214,77193,21,0,0.0,0.0,0.25649260000136564,0.2517293000018981,1.018922310590907,True
matplotlib-compact-100000,2,Residual greedy pruning,True,optimal_numerical;optimal_numerical;optimal_numerical,FEASIBLE;FEASIBLE;FEASIBLE,77214,77193,21,0,0.0,0.0,0.25649260000136564,0.2546699999984412,1.0071567126200007,True
matplotlib-compact-100000,32,Residual greedy addition,True,optimal_numerical;optimal_numerical;optimal_numerical,FEASIBLE;FEASIBLE;FEASIBLE,99010,97780,1230,0,0.0,0.0,0.3315208999993047,0.2979233000005479,1.1127726498689259,True
matplotlib-compact-100000,32,Residual greedy pruning,True,optimal_numerical;optimal_numerical;optimal_numerical,FEASIBLE;FEASIBLE;FEASIBLE,99010,97780,1230,7,0.00706999293000707,0.5691056910569106,0.3315208999993047,0.3176330999995116,1.0437227732242464,False
matplotlib-compact-1000000,11/10,Residual greedy addition,True,optimal_numerical;optimal_numerical;optimal_numerical,FEASIBLE;FEASIBLE;FEASIBLE,5621249/10,2800537/5,4035/2,9/10,0.0001601067663076302,0.04460966542750929,3.9107877999995253,3.85979899999802,1.0132102215689291,False
matplotlib-compact-1000000,11/10,Residual greedy pruning,True,optimal_numerical;optimal_numerical;optimal_numerical,FEASIBLE;FEASIBLE;FEASIBLE,5621249/10,2800537/5,4035/2,3/10,5.3368922102543404e-05,0.01486988847583643,3.9107877999995253,3.970306499999424,0.9850090414934194,False
matplotlib-compact-1000000,5/4,Residual greedy addition,True,optimal_numerical;optimal_numerical;optimal_numerical,FEASIBLE;FEASIBLE;FEASIBLE,2260523/4,563069,8247/4,3/4,0.00013271265101040777,0.036376864314296105,3.8226375999984157,3.948234200001025,0.9681891717561799,False
matplotlib-compact-1000000,5/4,Residual greedy pruning,True,optimal_numerical;optimal_numerical;optimal_numerical,FEASIBLE;FEASIBLE;FEASIBLE,2260523/4,563069,8247/4,3/4,0.00013271265101040777,0.036376864314296105,3.8226375999984157,3.817054300001473,1.0014627248024583,False
matplotlib-compact-1000000,3/2,Residual greedy addition,True,optimal_numerical;optimal_numerical;optimal_numerical,FEASIBLE;FEASIBLE;FEASIBLE,1140281/2,568005,4271/2,1/2,8.769768153639322e-05,0.023413720440177945,4.057813699997496,3.911209999998391,1.0374829528455811,False
matplotlib-compact-1000000,3/2,Residual greedy pruning,True,optimal_numerical;optimal_numerical;optimal_numerical,FEASIBLE;FEASIBLE;FEASIBLE,1140281/2,568005,4271/2,3/2,0.0002630930446091797,0.07024116132053383,4.057813699997496,3.7471752999990713,1.0828993508786475,False
matplotlib-compact-1000000,2,Residual greedy addition,True,optimal_numerical;optimal_numerical;optimal_numerical,FEASIBLE;FEASIBLE;FEASIBLE,580160,579046,1114,0,0.0,0.0,3.7083247999980813,3.6765406999984407,1.0086451103341938,True
matplotlib-compact-1000000,2,Residual greedy pruning,True,optimal_numerical;optimal_numerical;optimal_numerical,FEASIBLE;FEASIBLE;FEASIBLE,580160,579046,1114,3,0.0005170987313844456,0.26929982046678635,3.7083247999980813,3.64988269999958,1.0160120488251603,False
matplotlib-compact-1000000,32,Residual greedy addition,True,optimal_numerical;optimal_numerical;optimal_numerical,FEASIBLE;FEASIBLE;FEASIBLE,755194,717628,37566,25,0.003310407656840494,0.06654953947718682,7.680814999999711,7.729876299999887,0.9936530290917881,False
matplotlib-compact-1000000,32,Residual greedy pruning,True,optimal_numerical;optimal_numerical;optimal_numerical,FEASIBLE;FEASIBLE;FEASIBLE,755194,717628,37566,102,0.013506463239909216,0.2715221210669222,7.680814999999711,7.701081499999418,0.9973683566392969,False
matplotlib-compact-10000000,11/10,Residual greedy addition,True,optimal_numerical;optimal_numerical;optimal_numerical,FEASIBLE;FEASIBLE;FEASIBLE,4594799/5,9151339/10,38259/10,9/10,9.793681943432128e-05,0.023523876734885908,7.156044799998199,7.102452899998752,1.0075455481020446,False
matplotlib-compact-10000000,11/10,Residual greedy pruning,True,optimal_numerical;optimal_numerical;optimal_numerical,FEASIBLE;FEASIBLE;FEASIBLE,4594799/5,9151339/10,38259/10,2/5,4.352747530414279e-05,0.010455056326615959,7.156044799998199,7.127576700000645,1.00399407837976,False
matplotlib-compact-10000000,5/4,Residual greedy addition,True,optimal_numerical;optimal_numerical;optimal_numerical,FEASIBLE;FEASIBLE;FEASIBLE,1848077/2,3680521/4,15633/4,3/4,8.116544927511138e-05,0.019190174630589137,7.18838820000019,7.068616500000644,1.016944150244894,False
matplotlib-compact-10000000,5/4,Residual greedy pruning,True,optimal_numerical;optimal_numerical;optimal_numerical,FEASIBLE;FEASIBLE;FEASIBLE,1848077/2,3680521/4,15633/4,1,0.00010822059903348183,0.025586899507452184,7.18838820000019,7.0814022999984445,1.0151080104574441,False
matplotlib-compact-10000000,3/2,Residual greedy addition,True,optimal_numerical;optimal_numerical;optimal_numerical,FEASIBLE;FEASIBLE;FEASIBLE,932503,1856915/2,8091/2,1/2,5.36191304478377e-05,0.01235941169200346,7.149813699998049,7.116992300001584,1.0046116953079263,False
matplotlib-compact-10000000,3/2,Residual greedy pruning,True,optimal_numerical;optimal_numerical;optimal_numerical,FEASIBLE;FEASIBLE;FEASIBLE,932503,1856915/2,8091/2,2,0.0002144765217913508,0.04943764676801384,7.149813699998049,7.14090330000181,1.0012477973194562,False
matplotlib-compact-10000000,2,Residual greedy addition,True,optimal_numerical;optimal_numerical;optimal_numerical,FEASIBLE;FEASIBLE;FEASIBLE,949432,947204,2228,0,0.0,0.0,7.108646600001521,7.0785738000013225,1.0042484264273959,True
matplotlib-compact-10000000,2,Residual greedy pruning,True,optimal_numerical;optimal_numerical;optimal_numerical,FEASIBLE;FEASIBLE;FEASIBLE,949432,947204,2228,4,0.0004213045273384508,0.17953321364452424,7.108646600001521,7.034794499999407,1.010498117607006,False
matplotlib-compact-10000000,32,Residual greedy addition,True,optimal_numerical;optimal_numerical;optimal_numerical,FEASIBLE;FEASIBLE;FEASIBLE,1258573,1174321,84252,103,0.008183871734098857,0.1222522907468072,17.382852700000512,17.32745150000119,1.0031973080403267,False
matplotlib-compact-10000000,32,Residual greedy pruning,True,optimal_numerical;optimal_numerical;optimal_numerical,FEASIBLE;FEASIBLE;FEASIBLE,1258573,1174321,84252,272,0.021611777783251348,0.3228410008071025,17.382852700000512,17.44917279999936,0.9961992410322826,False
matplotlib-fielded-100000,11/10,Residual greedy addition,True,optimal_numerical;optimal_numerical;optimal_numerical,FEASIBLE;FEASIBLE;FEASIBLE,253848/5,505801/10,379/2,18/5,0.007090857521036211,1.8997361477572559,0.15283509999790112,0.1471867000000202,1.0383757499684423,False
matplotlib-fielded-100000,11/10,Residual greedy pruning,True,optimal_numerical;optimal_numerical;optimal_numerical,FEASIBLE;FEASIBLE;FEASIBLE,253848/5,505801/10,379/2,0,0.0,0.0,0.15283509999790112,0.14399799999955576,1.061369602344287,True
matplotlib-fielded-100000,5/4,Residual greedy addition,True,optimal_numerical;optimal_numerical;optimal_numerical,FEASIBLE;FEASIBLE;FEASIBLE,51132,203755/4,773/4,3,0.005867167331612298,1.5523932729624839,0.1556148999989091,0.14414249999754247,1.079590682842064,False
matplotlib-fielded-100000,5/4,Residual greedy pruning,True,optimal_numerical;optimal_numerical;optimal_numerical,FEASIBLE;FEASIBLE;FEASIBLE,51132,203755/4,773/4,0,0.0,0.0,0.1556148999989091,0.14177569999810657,1.0976133427730377,True
matplotlib-fielded-100000,3/2,Residual greedy addition,True,optimal_numerical;optimal_numerical;optimal_numerical,FEASIBLE;FEASIBLE;FEASIBLE,51736,103073/2,399/2,2,0.0038657801144270916,1.0025062656641603,0.15281150000009802,0.14843800000016927,1.0294634797014495,False
matplotlib-fielded-100000,3/2,Residual greedy pruning,True,optimal_numerical;optimal_numerical;optimal_numerical,FEASIBLE;FEASIBLE;FEASIBLE,51736,103073/2,399/2,0,0.0,0.0,0.15281150000009802,0.1477737999994133,1.0340906168800201,True
matplotlib-fielded-100000,2,Residual greedy addition,True,optimal_numerical;optimal_numerical;optimal_numerical,FEASIBLE;FEASIBLE;FEASIBLE,52944,52870,74,0,0.0,0.0,0.15486130000135745,0.1439276000019163,1.0759666665691332,True
matplotlib-fielded-100000,2,Residual greedy pruning,True,optimal_numerical;optimal_numerical;optimal_numerical,FEASIBLE;FEASIBLE;FEASIBLE,52944,52870,74,0,0.0,0.0,0.15486130000135745,0.1460713999986183,1.0601753663127915,True
matplotlib-fielded-100000,32,Residual greedy addition,True,optimal_numerical;optimal_numerical;optimal_numerical,FEASIBLE;FEASIBLE;FEASIBLE,82157,77236,4921,6,0.007303090424431272,0.1219264377159114,0.2138775000021269,0.2184387000015704,0.9791190846703872,False
matplotlib-fielded-100000,32,Residual greedy pruning,True,optimal_numerical;optimal_numerical;optimal_numerical,FEASIBLE;FEASIBLE;FEASIBLE,82157,77236,4921,8,0.009737453899241695,0.1625685836212152,0.2138775000021269,0.22441579999940586,0.9530411851691956,False
matplotlib-fielded-1000000,11/10,Residual greedy addition,True,optimal_numerical;optimal_numerical;optimal_numerical,FEASIBLE;FEASIBLE;FEASIBLE,4383747/10,4356697/10,2705,379/10,0.008645571927394532,1.4011090573012939,2.489551999999094,2.4125767000005,1.0319058457285848,False
matplotlib-fielded-1000000,11/10,Residual greedy pruning,True,optimal_numerical;optimal_numerical;optimal_numerical,FEASIBLE;FEASIBLE;FEASIBLE,4383747/10,4356697/10,2705,1/5,4.5623070856963234e-05,0.0073937153419593345,2.489551999999094,2.4044667999987723,1.0353863068520492,False
matplotlib-fielded-1000000,5/4,Residual greedy addition,True,optimal_numerical;optimal_numerical;optimal_numerical,FEASIBLE;FEASIBLE;FEASIBLE,1762767/4,1751731/4,2759,127/4,0.007204582341285037,1.1507792678506705,2.4744322000005923,2.4068318999998155,1.0280868389690123,False
matplotlib-fielded-1000000,5/4,Residual greedy pruning,True,optimal_numerical;optimal_numerical;optimal_numerical,FEASIBLE;FEASIBLE;FEASIBLE,1762767/4,1751731/4,2759,1/2,0.00011345798962653601,0.01812250815512867,2.4744322000005923,2.403165399999125,1.0296553870164298,False
matplotlib-fielded-1000000,3/2,Residual greedy addition,True,optimal_numerical;optimal_numerical;optimal_numerical,FEASIBLE;FEASIBLE;FEASIBLE,889107/2,883409/2,2849,43/2,0.004836313289626558,0.7546507546507546,2.4907404000005045,2.425081000001228,1.0270751368714048,False
matplotlib-fielded-1000000,3/2,Residual greedy pruning,True,optimal_numerical;optimal_numerical;optimal_numerical,FEASIBLE;FEASIBLE;FEASIBLE,889107/2,883409/2,2849,1,0.0002249448041686771,0.0351000351000351,2.4907404000005045,2.4048293999985617,1.035724363650076,False
matplotlib-fielded-1000000,2,Residual greedy addition,True,optimal_numerical;optimal_numerical;optimal_numerical,FEASIBLE;FEASIBLE;FEASIBLE,452277,451379,898,1,0.000221103438821784,0.111358574610245,2.4378856000002997,2.4205375999990792,1.0071670029010196,False
matplotlib-fielded-1000000,2,Residual greedy pruning,True,optimal_numerical;optimal_numerical;optimal_numerical,FEASIBLE;FEASIBLE;FEASIBLE,452277,451379,898,1,0.000221103438821784,0.111358574610245,2.4378856000002997,2.4219247000000905,1.0065901718580303,False
matplotlib-fielded-1000000,32,Residual greedy addition,True,optimal_numerical;optimal_numerical;optimal_numerical,FEASIBLE;FEASIBLE;FEASIBLE,603322,529313,74009,126,0.020884370203639185,0.17024956424218676,5.986689599998499,9.98050019999937,0.5998386333381244,False
matplotlib-fielded-1000000,32,Residual greedy pruning,True,optimal_numerical;optimal_numerical;optimal_numerical,FEASIBLE;FEASIBLE;FEASIBLE,603322,529313,74009,146,0.02419934960104223,0.19727330459808942,5.986689599998499,13.30342169999858,0.4500112628917971,False
matplotlib-fielded-10000000,11/10,Residual greedy addition,True,optimal_numerical;optimal_numerical;optimal_numerical,FEASIBLE;FEASIBLE;FEASIBLE,5948179/5,2362849/2,82113/10,1001/10,0.00841433991814974,1.2190517944783408,15.406594899999618,15.166477400001895,1.0158321206477183,False
matplotlib-fielded-10000000,11/10,Residual greedy pruning,True,optimal_numerical;optimal_numerical;optimal_numerical,FEASIBLE;FEASIBLE;FEASIBLE,5948179/5,2362849/2,82113/10,13/5,0.00021855428358830492,0.0316636829734634,15.406594899999618,15.209219199998188,1.0129773723033364,False
matplotlib-fielded-10000000,5/4,Residual greedy addition,True,optimal_numerical;optimal_numerical;optimal_numerical,FEASIBLE;FEASIBLE;FEASIBLE,1196267,4751567/4,33501/4,335/4,0.007000945441109719,0.9999701501447718,15.517442000000301,15.204179399999703,1.02060371637029,False
matplotlib-fielded-10000000,5/4,Residual greedy pruning,True,optimal_numerical;optimal_numerical;optimal_numerical,FEASIBLE;FEASIBLE;FEASIBLE,1196267,4751567/4,33501/4,5,0.00041796689200655036,0.059699710456404285,15.517442000000301,15.171616100000392,1.0227942690956897,False
matplotlib-fielded-10000000,3/2,Residual greedy addition,True,optimal_numerical;optimal_numerical;optimal_numerical,FEASIBLE;FEASIBLE;FEASIBLE,1207319,2397341/2,17297/2,113/2,0.004679790511041407,0.6532924784644736,15.54575499999919,15.16731179999988,1.0249512375686318,False
matplotlib-fielded-10000000,3/2,Residual greedy pruning,True,optimal_numerical;optimal_numerical;optimal_numerical,FEASIBLE;FEASIBLE;FEASIBLE,1207319,2397341/2,17297/2,9,0.000745453355741109,0.10406428860496039,15.54575499999919,15.21195969999826,1.0219429518999428,False
matplotlib-fielded-10000000,2,Residual greedy addition,True,optimal_numerical;optimal_numerical;optimal_numerical,FEASIBLE;FEASIBLE;FEASIBLE,1229423,1226861,2562,0,0.0,0.0,12.553768699999637,12.477359100001195,1.0061238599759812,True
matplotlib-fielded-10000000,2,Residual greedy pruning,True,optimal_numerical;optimal_numerical;optimal_numerical,FEASIBLE;FEASIBLE;FEASIBLE,1229423,1226861,2562,2,0.0001626779391633311,0.078064012490242,12.553768699999637,12.51822170000014,1.0028396205828098,False
matplotlib-fielded-10000000,32,Residual greedy addition,False,METHOD_TIME_CAP;METHOD_TIME_CAP;METHOD_TIME_CAP,METHOD_TIME_CAP;METHOD_TIME_CAP;METHOD_TIME_CAP,,,,,,,,,,
matplotlib-fielded-10000000,32,Residual greedy pruning,False,METHOD_TIME_CAP;METHOD_TIME_CAP;METHOD_TIME_CAP,METHOD_TIME_CAP;METHOD_TIME_CAP;METHOD_TIME_CAP,,,,,,,,,,
pydantic-compact-100000,11/10,Residual greedy addition,True,optimal_numerical;optimal_numerical;optimal_numerical,FEASIBLE;FEASIBLE;FEASIBLE,615989/10,612133/10,1928/5,0,0.0,0.0,0.19039109999721404,0.18138980000003357,1.0496240692540528,True
pydantic-compact-100000,11/10,Residual greedy pruning,True,optimal_numerical;optimal_numerical;optimal_numerical,FEASIBLE;FEASIBLE;FEASIBLE,615989/10,612133/10,1928/5,0,0.0,0.0,0.19039109999721404,0.18344169999909354,1.0378834256232625,True
pydantic-compact-100000,5/4,Residual greedy addition,True,optimal_numerical;optimal_numerical;optimal_numerical,FEASIBLE;FEASIBLE;FEASIBLE,247817/4,246241/4,394,0,0.0,0.0,0.1892679999982647,0.17728100000022096,1.0676158189429708,True
pydantic-compact-100000,5/4,Residual greedy pruning,True,optimal_numerical;optimal_numerical;optimal_numerical,FEASIBLE;FEASIBLE;FEASIBLE,247817/4,246241/4,394,0,0.0,0.0,0.1892679999982647,0.17793920000258368,1.0636666906196979,True
pydantic-compact-100000,3/2,Residual greedy addition,True,optimal_numerical;optimal_numerical;optimal_numerical,FEASIBLE;FEASIBLE;FEASIBLE,125093/2,124277/2,408,0,0.0,0.0,0.1892492000006314,0.18171799999981886,1.041444435888685,True
pydantic-compact-100000,3/2,Residual greedy pruning,True,optimal_numerical;optimal_numerical;optimal_numerical,FEASIBLE;FEASIBLE;FEASIBLE,125093/2,124277/2,408,0,0.0,0.0,0.1892492000006314,0.1809032000019215,1.0461351706250703,True
pydantic-compact-100000,2,Residual greedy addition,True,optimal_numerical;optimal_numerical;optimal_numerical,FEASIBLE;FEASIBLE;FEASIBLE,63731,63523,208,0,0.0,0.0,0.1866413999996439,0.1776408999976411,1.0506668227988167,True
pydantic-compact-100000,2,Residual greedy pruning,True,optimal_numerical;optimal_numerical;optimal_numerical,FEASIBLE;FEASIBLE;FEASIBLE,63731,63523,208,0,0.0,0.0,0.1866413999996439,0.1756098000005295,1.0628188176233966,True
pydantic-compact-100000,32,Residual greedy addition,True,optimal_numerical;optimal_numerical;optimal_numerical,FEASIBLE;FEASIBLE;FEASIBLE,82260,76781,5479,2,0.0024313153415998056,0.036503011498448625,0.34241839999958756,0.34095069999966654,1.0043047279267134,False
pydantic-compact-100000,32,Residual greedy pruning,True,optimal_numerical;optimal_numerical;optimal_numerical,FEASIBLE;FEASIBLE;FEASIBLE,82260,76781,5479,6,0.007293946024799417,0.10950903449534587,0.34241839999958756,0.33430150000276626,1.0242801782126438,False
pydantic-compact-1000000,11/10,Residual greedy addition,True,optimal_numerical;optimal_numerical;optimal_numerical,FEASIBLE;FEASIBLE;FEASIBLE,1937137/10,1927081/10,5028/5,9/10,0.0004646031746851152,0.08949880668257756,0.931262300000526,0.9148079000005964,1.0179867270493825,False
pydantic-compact-1000000,11/10,Residual greedy pruning,True,optimal_numerical;optimal_numerical;optimal_numerical,FEASIBLE;FEASIBLE;FEASIBLE,1937137/10,1927081/10,5028/5,1/10,5.16225749650128e-05,0.00994431185361973,0.931262300000526,0.9085881999999401,1.0249553097878525,False
pydantic-compact-1000000,5/4,Residual greedy addition,True,optimal_numerical;optimal_numerical;optimal_numerical,FEASIBLE;FEASIBLE;FEASIBLE,779635/4,775525/4,2055/2,3/4,0.00038479544915248805,0.072992700729927,0.9301550999989558,0.9123417999981029,1.0195248096720877,False
pydantic-compact-1000000,5/4,Residual greedy pruning,True,optimal_numerical;optimal_numerical;optimal_numerical,FEASIBLE;FEASIBLE;FEASIBLE,779635/4,775525/4,2055/2,1/4,0.00012826514971749602,0.024330900243309004,0.9301550999989558,0.9138519000007364,1.0178400898419169,False
pydantic-compact-1000000,3/2,Residual greedy addition,True,optimal_numerical;optimal_numerical;optimal_numerical,FEASIBLE;FEASIBLE;FEASIBLE,393801/2,391673/2,1064,1/2,0.0002539353632926275,0.046992481203007516,0.9282249999996566,0.9114517999987584,1.018402728483197,False
pydantic-compact-1000000,3/2,Residual greedy pruning,True,optimal_numerical;optimal_numerical;optimal_numerical,FEASIBLE;FEASIBLE;FEASIBLE,393801/2,391673/2,1064,1/2,0.0002539353632926275,0.046992481203007516,0.9282249999996566,0.9133576999993238,1.016277631425611,False
pydantic-compact-1000000,2,Residual greedy addition,True,optimal_numerical;optimal_numerical;optimal_numerical,FEASIBLE;FEASIBLE;FEASIBLE,200884,200371,513,0,0.0,0.0,0.9181810000009136,0.910599099999672,1.0083262766251848,True
pydantic-compact-1000000,2,Residual greedy pruning,True,optimal_numerical;optimal_numerical;optimal_numerical,FEASIBLE;FEASIBLE;FEASIBLE,200884,200371,513,0,0.0,0.0,0.9181810000009136,0.9094398999986879,1.0096115202359588,True
pydantic-compact-1000000,32,Residual greedy addition,True,optimal_numerical;optimal_numerical;optimal_numerical,FEASIBLE;FEASIBLE;FEASIBLE,271102,240745,30357,14,0.005164107974120442,0.046117864084066276,1.5562198000006902,1.541000900000654,1.0098759838492175,False
pydantic-compact-1000000,32,Residual greedy pruning,True,optimal_numerical;optimal_numerical;optimal_numerical,FEASIBLE;FEASIBLE;FEASIBLE,271102,240745,30357,77,0.02840259385766243,0.25364825246236455,1.5562198000006902,1.5392674999966403,1.0110132254491744,False
pydantic-fielded-100000,11/10,Residual greedy addition,True,optimal_numerical;optimal_numerical;optimal_numerical,FEASIBLE;FEASIBLE;FEASIBLE,493099/10,489329/10,377,27/5,0.010951147741122979,1.4323607427055702,0.1767150000014226,0.16482969999924535,1.0721065439191582,False
pydantic-fielded-100000,11/10,Residual greedy pruning,True,optimal_numerical;optimal_numerical;optimal_numerical,FEASIBLE;FEASIBLE;FEASIBLE,493099/10,489329/10,377,0,0.0,0.0,0.1767150000014226,0.16738560000158031,1.0557359772869004,True
pydantic-fielded-100000,5/4,Residual greedy addition,True,optimal_numerical;optimal_numerical;optimal_numerical,FEASIBLE;FEASIBLE;FEASIBLE,198577/4,197039/4,769/2,9/2,0.00906449387391289,1.1703511053315996,0.17852780000248458,0.1656567999998515,1.0776967803473483,False
pydantic-fielded-100000,5/4,Residual greedy pruning,True,optimal_numerical;optimal_numerical;optimal_numerical,FEASIBLE;FEASIBLE;FEASIBLE,198577/4,197039/4,769/2,0,0.0,0.0,0.17852780000248458,0.1674964000012551,1.065860519994142,True
pydantic-fielded-100000,3/2,Residual greedy addition,True,optimal_numerical;optimal_numerical;optimal_numerical,FEASIBLE;FEASIBLE;FEASIBLE,100403/2,99609/2,397,3,0.005975917054271287,0.7556675062972292,0.19416400000045542,0.16845090000060736,1.1526444797846456,False
pydantic-fielded-100000,3/2,Residual greedy pruning,True,optimal_numerical;optimal_numerical;optimal_numerical,FEASIBLE;FEASIBLE;FEASIBLE,100403/2,99609/2,397,0,0.0,0.0,0.19416400000045542,0.16964070000176434,1.1445602381883357,True
pydantic-fielded-100000,2,Residual greedy addition,True,optimal_numerical;optimal_numerical;optimal_numerical,FEASIBLE;FEASIBLE;FEASIBLE,51316,51195,121,0,0.0,0.0,0.17461859999821172,0.16320700000142097,1.0699210205241896,True
pydantic-fielded-100000,2,Residual greedy pruning,True,optimal_numerical;optimal_numerical;optimal_numerical,FEASIBLE;FEASIBLE;FEASIBLE,51316,51195,121,0,0.0,0.0,0.17461859999821172,0.1647819999998319,1.059694626830539,True
pydantic-fielded-100000,32,Residual greedy addition,True,optimal_numerical;optimal_numerical;optimal_numerical,FEASIBLE;FEASIBLE;FEASIBLE,70166,57406,12760,14,0.019952683635949035,0.109717868338558,0.2893121999986761,0.41054690000237315,0.7046995117902576,False
pydantic-fielded-100000,32,Residual greedy pruning,True,optimal_numerical;optimal_numerical;optimal_numerical,FEASIBLE;FEASIBLE;FEASIBLE,70166,57406,12760,12,0.017102300259384886,0.09404388714733543,0.2893121999986761,0.523912399999972,0.5522148359128197,False
pydantic-fielded-1000000,11/10,Residual greedy addition,True,optimal_numerical;optimal_numerical;optimal_numerical,FEASIBLE;FEASIBLE;FEASIBLE,1275108/5,1264924/5,10184/5,18,0.007058225656179712,0.8837391987431265,1.4885699000005843,1.4484329000006255,1.0277106381662149,False
pydantic-fielded-1000000,11/10,Residual greedy pruning,True,optimal_numerical;optimal_numerical;optimal_numerical,FEASIBLE;FEASIBLE;FEASIBLE,1275108/5,1264924/5,10184/5,0,0.0,0.0,1.4885699000005843,1.4491443000006257,1.0272061243314015,True
pydantic-fielded-1000000,5/4,Residual greedy addition,True,optimal_numerical;optimal_numerical;optimal_numerical,FEASIBLE;FEASIBLE;FEASIBLE,513249/2,509095/2,2077,15,0.005845116113231589,0.7221954742416947,1.4915694999981497,1.4503579999982321,1.0284147086443263,False
pydantic-fielded-1000000,5/4,Residual greedy pruning,True,optimal_numerical;optimal_numerical;optimal_numerical,FEASIBLE;FEASIBLE;FEASIBLE,513249/2,509095/2,2077,0,0.0,0.0,1.4915694999981497,1.4711078999971505,1.013908972959114,True
pydantic-fielded-1000000,3/2,Residual greedy addition,True,optimal_numerical;optimal_numerical;optimal_numerical,FEASIBLE;FEASIBLE;FEASIBLE,259296,257152,2144,10,0.003856596322349747,0.4664179104477612,1.513988499998959,1.448135700000421,1.0454741914024486,False
pydantic-fielded-1000000,3/2,Residual greedy pruning,True,optimal_numerical;optimal_numerical;optimal_numerical,FEASIBLE;FEASIBLE;FEASIBLE,259296,257152,2144,0,0.0,0.0,1.513988499998959,1.4482904000033159,1.0453625184531312,True
pydantic-fielded-1000000,2,Residual greedy addition,True,optimal_numerical;optimal_numerical;optimal_numerical,FEASIBLE;FEASIBLE;FEASIBLE,264639,263819,820,0,0.0,0.0,1.4897554000017408,1.4527558000008867,1.025468561199915,True
pydantic-fielded-1000000,2,Residual greedy pruning,True,optimal_numerical;optimal_numerical;optimal_numerical,FEASIBLE;FEASIBLE;FEASIBLE,264639,263819,820,0,0.0,0.0,1.4897554000017408,1.4503462000029685,1.0271722710058409,True
pydantic-fielded-1000000,32,Residual greedy addition,True,optimal_numerical;optimal_numerical;optimal_numerical,FEASIBLE;FEASIBLE;FEASIBLE,370927,296445,74482,91,0.024533129160185158,0.12217717032303106,3.5427395000006072,10.356027999998332,0.34209443041300946,False
pydantic-fielded-1000000,32,Residual greedy pruning,True,optimal_numerical;optimal_numerical;optimal_numerical,FEASIBLE;FEASIBLE;FEASIBLE,370927,296445,74482,184,0.04960544797224252,0.24703955318063425,3.5427395000006072,16.362315200000012,0.2165182284228704,False
aiohttp-compact-100000,11/10,Residual greedy addition,True,optimal_numerical;optimal_numerical;optimal_numerical,FEASIBLE;FEASIBLE;FEASIBLE,320797/5,638153/10,3441/10,9/10,0.0014027562601894657,0.26155187445510025,0.19201690000045346,0.18363099999987753,1.0456671259241714,False
aiohttp-compact-100000,11/10,Residual greedy pruning,True,optimal_numerical;optimal_numerical;optimal_numerical,FEASIBLE;FEASIBLE;FEASIBLE,320797/5,638153/10,3441/10,1/10,0.0001558618066877184,0.02906131938390003,0.19201690000045346,0.1832207000006747,1.048008767566909,False
aiohttp-compact-100000,5/4,Residual greedy addition,True,optimal_numerical;optimal_numerical;optimal_numerical,FEASIBLE;FEASIBLE;FEASIBLE,64544,256769/4,1407/4,3/4,0.0011619980168567179,0.21321961620469082,0.19208119999893825,0.1810568000000785,1.060889179521868,False
aiohttp-compact-100000,5/4,Residual greedy pruning,True,optimal_numerical;optimal_numerical;optimal_numerical,FEASIBLE;FEASIBLE;FEASIBLE,64544,256769/4,1407/4,1/4,0.00038733267228557264,0.07107320540156362,0.19208119999893825,0.17897310000262223,1.0732406154674863,False
aiohttp-compact-100000,3/2,Residual greedy addition,True,optimal_numerical;optimal_numerical;optimal_numerical,FEASIBLE;FEASIBLE;FEASIBLE,65185,129641/2,729/2,1/2,0.0007670476336580502,0.13717421124828533,0.1943792999991274,0.1825143999994907,1.0650080212830868,False
aiohttp-compact-100000,3/2,Residual greedy pruning,True,optimal_numerical;optimal_numerical;optimal_numerical,FEASIBLE;FEASIBLE;FEASIBLE,65185,129641/2,729/2,1/2,0.0007670476336580502,0.13717421124828533,0.1943792999991274,0.17960699999821372,1.082247907938224,False
aiohttp-compact-100000,2,Residual greedy addition,True,optimal_numerical;optimal_numerical;optimal_numerical,FEASIBLE;FEASIBLE;FEASIBLE,66467,66274,193,0,0.0,0.0,0.18697939999765367,0.18080990000089514,1.034121472312788,True
aiohttp-compact-100000,2,Residual greedy pruning,True,optimal_numerical;optimal_numerical;optimal_numerical,FEASIBLE;FEASIBLE;FEASIBLE,66467,66274,193,1,0.001504505995456392,0.5181347150259067,0.18697939999765367,0.17974270000195247,1.0402614403568133,False
aiohttp-compact-100000,32,Residual greedy addition,True,optimal_numerical;optimal_numerical;optimal_numerical,FEASIBLE;FEASIBLE;FEASIBLE,86228,81944,4284,15,0.0173957415224753,0.35014005602240894,0.3192434999982652,0.3066521000000648,1.041060863428614,False
aiohttp-compact-100000,32,Residual greedy pruning,True,optimal_numerical;optimal_numerical;optimal_numerical,FEASIBLE;FEASIBLE;FEASIBLE,86228,81944,4284,30,0.0347914830449506,0.7002801120448179,0.3192434999982652,0.31053049999900395,1.0280584354815039,False
aiohttp-compact-1000000,11/10,Residual greedy addition,True,optimal_numerical;optimal_numerical;optimal_numerical,FEASIBLE;FEASIBLE;FEASIBLE,1250127/10,124482,5307/10,0,0.0,0.0,0.5258247000019765,0.5118179000019154,1.0273667646247007,True
aiohttp-compact-1000000,11/10,Residual greedy pruning,True,optimal_numerical;optimal_numerical;optimal_numerical,FEASIBLE;FEASIBLE;FEASIBLE,1250127/10,124482,5307/10,1/5,0.0001599837456514418,0.03768607499528924,0.5258247000019765,0.5115167000003566,1.0279717162736033,False
aiohttp-compact-1000000,5/4,Residual greedy addition,True,optimal_numerical;optimal_numerical;optimal_numerical,FEASIBLE;FEASIBLE;FEASIBLE,503037/4,125217,2169/4,0,0.0,0.0,0.5268242000020109,0.5104724999982864,1.032032479719827,True
aiohttp-compact-1000000,5/4,Residual greedy pruning,True,optimal_numerical;optimal_numerical;optimal_numerical,FEASIBLE;FEASIBLE;FEASIBLE,503037/4,125217,2169/4,1/2,0.0003975850682951751,0.09220839096357769,0.5268242000020109,0.5096988000004785,1.0335990588981498,False
aiohttp-compact-1000000,3/2,Residual greedy addition,True,optimal_numerical;optimal_numerical;optimal_numerical,FEASIBLE;FEASIBLE;FEASIBLE,254007/2,126442,1123/2,0,0.0,0.0,0.5277998999990814,0.5214221999995061,1.0122313549357533,True
aiohttp-compact-1000000,3/2,Residual greedy pruning,True,optimal_numerical;optimal_numerical;optimal_numerical,FEASIBLE;FEASIBLE;FEASIBLE,254007/2,126442,1123/2,1,0.0007873798753577657,0.17809439002671415,0.5277998999990814,0.5134809000010137,1.02788613948063,False
aiohttp-compact-1000000,2,Residual greedy addition,True,optimal_numerical;optimal_numerical;optimal_numerical,FEASIBLE;FEASIBLE;FEASIBLE,129492,129190,302,0,0.0,0.0,0.5216825000024983,0.5174412999986089,1.0081964852900238,True
aiohttp-compact-1000000,2,Residual greedy pruning,True,optimal_numerical;optimal_numerical;optimal_numerical,FEASIBLE;FEASIBLE;FEASIBLE,129492,129190,302,2,0.001544496957340994,0.6622516556291391,0.5216825000024983,0.5095404999992752,1.0238293128872786,False
aiohttp-compact-1000000,32,Residual greedy addition,True,optimal_numerical;optimal_numerical;optimal_numerical,FEASIBLE;FEASIBLE;FEASIBLE,172031,160054,11977,21,0.012207102208322919,0.17533606078316774,0.9437872999988031,0.9189139999980398,1.027068147836268,False
aiohttp-compact-1000000,32,Residual greedy pruning,True,optimal_numerical;optimal_numerical;optimal_numerical,FEASIBLE;FEASIBLE;FEASIBLE,172031,160054,11977,32,0.018601298603158734,0.26717875928863655,0.9437872999988031,0.9242323000034958,1.0211581006152168,False
aiohttp-fielded-100000,11/10,Residual greedy addition,True,optimal_numerical;optimal_numerical;optimal_numerical,FEASIBLE;FEASIBLE;FEASIBLE,237831/5,471113/10,4549/10,63/10,0.01324469896691348,1.3849197625851835,0.17954599999939092,0.16611829999965266,1.0808321539515293,False
aiohttp-fielded-100000,11/10,Residual greedy pruning,True,optimal_numerical;optimal_numerical;optimal_numerical,FEASIBLE;FEASIBLE;FEASIBLE,237831/5,471113/10,4549/10,0,0.0,0.0,0.17954599999939092,0.16793519999919226,1.0691385724985263,True
aiohttp-fielded-100000,5/4,Residual greedy addition,True,optimal_numerical;optimal_numerical;optimal_numerical,FEASIBLE;FEASIBLE;FEASIBLE,47880,189665/4,1855/4,21/4,0.010964912280701754,1.1320754716981132,0.17839169999933802,0.17033879999871715,1.04727578215111,False
aiohttp-fielded-100000,5/4,Residual greedy pruning,True,optimal_numerical;optimal_numerical;optimal_numerical,FEASIBLE;FEASIBLE;FEASIBLE,47880,189665/4,1855/4,0,0.0,0.0,0.17839169999933802,0.16811299999972107,1.0611416130795002,True
aiohttp-fielded-100000,3/2,Residual greedy addition,True,optimal_numerical;optimal_numerical;optimal_numerical,FEASIBLE;FEASIBLE;FEASIBLE,48403,95849/2,957/2,7/2,0.007230956758878582,0.7314524555903866,0.18226660000073025,0.16532550000192714,1.1024711856223368,False
aiohttp-fielded-100000,3/2,Residual greedy pruning,True,optimal_numerical;optimal_numerical;optimal_numerical,FEASIBLE;FEASIBLE;FEASIBLE,48403,95849/2,957/2,0,0.0,0.0,0.18226660000073025,0.16873800000030315,1.080175182830203,True
aiohttp-fielded-100000,2,Residual greedy addition,True,optimal_numerical;optimal_numerical;optimal_numerical,FEASIBLE;FEASIBLE;FEASIBLE,49449,49316,133,0,0.0,0.0,0.1758071000003838,0.17120749999958207,1.0268656454934098,True
aiohttp-fielded-100000,2,Residual greedy pruning,True,optimal_numerical;optimal_numerical;optimal_numerical,FEASIBLE;FEASIBLE;FEASIBLE,49449,49316,133,0,0.0,0.0,0.1758071000003838,0.16674050000074203,1.0543755116459494,True
aiohttp-fielded-100000,32,Residual greedy addition,True,optimal_numerical;optimal_numerical;optimal_numerical,FEASIBLE;FEASIBLE;FEASIBLE,67011,55967,11044,2,0.002984584620435451,0.018109380659181457,0.2674617999982729,0.29331619999720715,0.9118548515248035,False
aiohttp-fielded-100000,32,Residual greedy pruning,True,optimal_numerical;optimal_numerical;optimal_numerical,FEASIBLE;FEASIBLE;FEASIBLE,67011,55967,11044,58,0.08655295399262808,0.5251720391162622,0.2674617999982729,0.34560770000098273,0.7738884289832443,False
aiohttp-fielded-1000000,11/10,Residual greedy addition,True,optimal_numerical;optimal_numerical;optimal_numerical,FEASIBLE;FEASIBLE;FEASIBLE,830788/5,824897/5,5891/5,99/5,0.011916397444354035,1.680529621456459,0.7910000999982003,0.7690461999991385,1.0285469195466883,False
aiohttp-fielded-1000000,11/10,Residual greedy pruning,True,optimal_numerical;optimal_numerical;optimal_numerical,FEASIBLE;FEASIBLE;FEASIBLE,830788/5,824897/5,5891/5,1/10,6.018382547653553e-05,0.008487523340689187,0.7910000999982003,0.7737378000019817,1.0223102709938359,False
aiohttp-fielded-1000000,5/4,Residual greedy addition,True,optimal_numerical;optimal_numerical;optimal_numerical,FEASIBLE;FEASIBLE;FEASIBLE,334393/2,165994,2405/2,33/2,0.009868627632755471,1.3721413721413722,0.7933999000015319,0.7658659000007901,1.0359514635665505,False
aiohttp-fielded-1000000,5/4,Residual greedy pruning,True,optimal_numerical;optimal_numerical;optimal_numerical,FEASIBLE;FEASIBLE;FEASIBLE,334393/2,165994,2405/2,1/4,0.0001495246611023556,0.02079002079002079,0.7933999000015319,0.7665885000023991,1.0349749572280942,False
aiohttp-fielded-1000000,3/2,Residual greedy addition,True,optimal_numerical;optimal_numerical;optimal_numerical,FEASIBLE;FEASIBLE;FEASIBLE,168928,167685,1243,11,0.006511649933699564,0.8849557522123894,0.7939120000010007,0.7658961999986786,1.0365791082425666,False
aiohttp-fielded-1000000,3/2,Residual greedy pruning,True,optimal_numerical;optimal_numerical;optimal_numerical,FEASIBLE;FEASIBLE;FEASIBLE,168928,167685,1243,1/2,0.00029598408789543475,0.04022526146419952,0.7939120000010007,0.7613264000028721,1.042801090305033,False
aiohttp-fielded-1000000,2,Residual greedy addition,True,optimal_numerical;optimal_numerical;optimal_numerical,FEASIBLE;FEASIBLE;FEASIBLE,172391,171983,408,0,0.0,0.0,0.7793552000002819,0.7607833000001847,1.024411550569121,True
aiohttp-fielded-1000000,2,Residual greedy pruning,True,optimal_numerical;optimal_numerical;optimal_numerical,FEASIBLE;FEASIBLE;FEASIBLE,172391,171983,408,1,0.0005800766861379075,0.24509803921568626,0.7793552000002819,0.7635247000034724,1.0207334484355746,False
aiohttp-fielded-1000000,32,Residual greedy addition,True,optimal_numerical;optimal_numerical;optimal_numerical,FEASIBLE;FEASIBLE;FEASIBLE,238726,191361,47365,74,0.03099788041520404,0.15623350575319328,1.8846559000012348,4.317838299997675,0.43648135225495815,False
aiohttp-fielded-1000000,32,Residual greedy pruning,True,optimal_numerical;optimal_numerical;optimal_numerical,FEASIBLE;FEASIBLE;FEASIBLE,238726,191361,47365,143,0.0599013094510024,0.3019106935500897,1.8846559000012348,6.71056949999911,0.28084887579235784,False
jsonschema-compact-100000,11/10,Residual greedy addition,True,optimal_numerical;optimal_numerical;optimal_numerical,FEASIBLE;FEASIBLE;FEASIBLE,472737/10,235059/5,2619/10,0,0.0,0.0,0.15142999999807216,0.14249389999895357,1.062712158198942,True
jsonschema-compact-100000,11/10,Residual greedy pruning,True,optimal_numerical;optimal_numerical;optimal_numerical,FEASIBLE;FEASIBLE;FEASIBLE,472737/10,235059/5,2619/10,0,0.0,0.0,0.15142999999807216,0.14960689999861643,1.0121859352708504,True
jsonschema-compact-100000,5/4,Residual greedy addition,True,optimal_numerical;optimal_numerical;optimal_numerical,FEASIBLE;FEASIBLE;FEASIBLE,190239/4,47292,1071/4,0,0.0,0.0,0.15289040000061505,0.14529920000131824,1.052245297972927,True
jsonschema-compact-100000,5/4,Residual greedy pruning,True,optimal_numerical;optimal_numerical;optimal_numerical,FEASIBLE;FEASIBLE;FEASIBLE,190239/4,47292,1071/4,0,0.0,0.0,0.15289040000061505,0.14322180000090157,1.067507879384651,True
jsonschema-compact-100000,3/2,Residual greedy addition,True,optimal_numerical;optimal_numerical;optimal_numerical,FEASIBLE;FEASIBLE;FEASIBLE,96073/2,47759,555/2,0,0.0,0.0,0.15262250000159838,0.14388880000115023,1.0606975664567244,True
jsonschema-compact-100000,3/2,Residual greedy pruning,True,optimal_numerical;optimal_numerical;optimal_numerical,FEASIBLE;FEASIBLE;FEASIBLE,96073/2,47759,555/2,0,0.0,0.0,0.15262250000159838,0.14565520000178367,1.0478342002189376,True
jsonschema-compact-100000,2,Residual greedy addition,True,optimal_numerical;optimal_numerical;optimal_numerical,FEASIBLE;FEASIBLE;FEASIBLE,48990,48894,96,0,0.0,0.0,0.1515932000002067,0.1429000999996788,1.0608334073982275,True
jsonschema-compact-100000,2,Residual greedy pruning,True,optimal_numerical;optimal_numerical;optimal_numerical,FEASIBLE;FEASIBLE;FEASIBLE,48990,48894,96,0,0.0,0.0,0.1515932000002067,0.16264289999890025,0.9320615901538385,True
jsonschema-compact-100000,32,Residual greedy addition,True,optimal_numerical;optimal_numerical;optimal_numerical,FEASIBLE;FEASIBLE;FEASIBLE,67553,58690,8863,17,0.025165425665773542,0.19180864267178158,0.21238180000000284,0.23107399999935296,0.9191072989630921,False
jsonschema-compact-100000,32,Residual greedy pruning,True,optimal_numerical;optimal_numerical;optimal_numerical,FEASIBLE;FEASIBLE;FEASIBLE,67553,58690,8863,23,0.03404734060663479,0.2595058106735868,0.21238180000000284,0.24987550000150804,0.8499504753315994,False
jsonschema-fielded-100000,11/10,Residual greedy addition,True,optimal_numerical;optimal_numerical;optimal_numerical,FEASIBLE;FEASIBLE;FEASIBLE,407101/10,202298/5,501/2,9/5,0.004421507193546565,0.718562874251497,0.16865619999953196,0.15373639999961597,1.0970479339958088,False
jsonschema-fielded-100000,11/10,Residual greedy pruning,True,optimal_numerical;optimal_numerical;optimal_numerical,FEASIBLE;FEASIBLE;FEASIBLE,407101/10,202298/5,501/2,0,0.0,0.0,0.16865619999953196,0.1543963000003714,1.0923590785473891,True
jsonschema-fielded-100000,5/4,Residual greedy addition,True,optimal_numerical;optimal_numerical;optimal_numerical,FEASIBLE;FEASIBLE;FEASIBLE,163819/4,40699,1023/4,3/2,0.003662578821748393,0.5865102639296188,0.16763210000135587,0.16155989999970188,1.0375848214913799,False
jsonschema-fielded-100000,5/4,Residual greedy pruning,True,optimal_numerical;optimal_numerical;optimal_numerical,FEASIBLE;FEASIBLE;FEASIBLE,163819/4,40699,1023/4,0,0.0,0.0,0.16763210000135587,0.1581941000004008,1.0596608849567155,True
jsonschema-fielded-100000,3/2,Residual greedy addition,True,optimal_numerical;optimal_numerical;optimal_numerical,FEASIBLE;FEASIBLE;FEASIBLE,82725/2,41098,529/2,1,0.0024176488365064974,0.3780718336483932,0.16610840000066673,0.15467449999778182,1.0739223336946224,False
jsonschema-fielded-100000,3/2,Residual greedy pruning,True,optimal_numerical;optimal_numerical;optimal_numerical,FEASIBLE;FEASIBLE;FEASIBLE,82725/2,41098,529/2,0,0.0,0.0,0.16610840000066673,0.15747909999845433,1.0547964777694125,True
jsonschema-fielded-100000,2,Residual greedy addition,True,optimal_numerical;optimal_numerical;optimal_numerical,FEASIBLE;FEASIBLE;FEASIBLE,42178,42043,135,0,0.0,0.0,0.16191629999957513,0.1527855999993335,1.0597615220300962,True
jsonschema-fielded-100000,2,Residual greedy pruning,True,optimal_numerical;optimal_numerical;optimal_numerical,FEASIBLE;FEASIBLE;FEASIBLE,42178,42043,135,0,0.0,0.0,0.16191629999957513,0.15554419999898528,1.04096649055787,True
jsonschema-fielded-100000,32,Residual greedy addition,True,optimal_numerical;optimal_numerical;optimal_numerical,FEASIBLE;FEASIBLE;FEASIBLE,60722,46818,13904,44,0.07246138137742499,0.31645569620253167,0.2453349999996135,0.35297560000253725,0.6950480429747835,False
jsonschema-fielded-100000,32,Residual greedy pruning,True,optimal_numerical;optimal_numerical;optimal_numerical,FEASIBLE;FEASIBLE;FEASIBLE,60722,46818,13904,8,0.01317479661407727,0.05753739930955121,0.2453349999996135,0.4431038000002445,0.5536738795728633,False
jsonschema-fielded-1000000,11/10,Residual greedy addition,True,optimal_numerical;optimal_numerical;optimal_numerical,FEASIBLE;FEASIBLE;FEASIBLE,622909/10,309012/5,977/2,23/5,0.007384706273307979,0.9416581371545547,0.2715289000007033,0.25073949999932665,1.0829123452883669,False
jsonschema-fielded-1000000,11/10,Residual greedy pruning,True,optimal_numerical;optimal_numerical;optimal_numerical,FEASIBLE;FEASIBLE;FEASIBLE,622909/10,309012/5,977/2,0,0.0,0.0,0.2715289000007033,0.2561150999972597,1.0601830973792976,True
jsonschema-fielded-1000000,5/4,Residual greedy addition,True,optimal_numerical;optimal_numerical;optimal_numerical,FEASIBLE;FEASIBLE;FEASIBLE,250681/4,62172,1993/4,4,0.00638261376011744,0.8028098344204716,0.26715949999925215,0.24998000000050524,1.0687234978746787,False
jsonschema-fielded-1000000,5/4,Residual greedy pruning,True,optimal_numerical;optimal_numerical;optimal_numerical,FEASIBLE;FEASIBLE;FEASIBLE,250681/4,62172,1993/4,0,0.0,0.0,0.26715949999925215,0.25073889999839594,1.065488841184839,True
jsonschema-fielded-1000000,3/2,Residual greedy addition,True,optimal_numerical;optimal_numerical;optimal_numerical,FEASIBLE;FEASIBLE;FEASIBLE,126605/2,62788,1029/2,3,0.004739149322696576,0.5830903790087464,0.27045300000099814,0.2498857999999018,1.0823063975668263,False
jsonschema-fielded-1000000,3/2,Residual greedy pruning,True,optimal_numerical;optimal_numerical;optimal_numerical,FEASIBLE;FEASIBLE;FEASIBLE,126605/2,62788,1029/2,0,0.0,0.0,0.27045300000099814,0.2519136000009894,1.0735942799433453,True
jsonschema-fielded-1000000,2,Residual greedy addition,True,optimal_numerical;optimal_numerical;optimal_numerical,FEASIBLE;FEASIBLE;FEASIBLE,64567,64334,233,0,0.0,0.0,0.2593542000031448,0.24404389999835985,1.062735843857961,True
jsonschema-fielded-1000000,2,Residual greedy pruning,True,optimal_numerical;optimal_numerical;optimal_numerical,FEASIBLE;FEASIBLE;FEASIBLE,64567,64334,233,0,0.0,0.0,0.2593542000031448,0.24801149999984773,1.0457345728053096,True
jsonschema-fielded-1000000,32,Residual greedy addition,True,optimal_numerical;optimal_numerical;optimal_numerical,FEASIBLE;FEASIBLE;FEASIBLE,92748,73513,19235,52,0.05606589899512658,0.2703405250844814,0.39269839999906253,0.7586717000012868,0.5176130861325082,False
jsonschema-fielded-1000000,32,Residual greedy pruning,True,optimal_numerical;optimal_numerical;optimal_numerical,FEASIBLE;FEASIBLE;FEASIBLE,92748,73513,19235,60,0.06469142191745375,0.31193137509747854,0.39269839999906253,1.103078899999673,0.3560020955882475,False
