method,h,planned,completed,equal_cost,full_gap_median,full_gap_max,residual_gap_median,residual_gap_max,absolute_excess_median,absolute_excess_max,time_ratio_median,time_ratio_min,time_ratio_max
Residual greedy addition,all,85,84,29,0.0019102025483479816,0.07246138137742499,0.09960833751056777,1.8997361477572559,1.0,126.0,1.0278987385676137,0.34209443041300946,1.1526444797846456
Residual greedy addition,11/10,17,17,4,0.004421507193546565,0.01324469896691348,0.718562874251497,1.8997361477572559,1.8,100.1,1.0319058457285848,0.934748246889495,1.0970479339958088
Residual greedy addition,5/4,17,17,4,0.003662578821748393,0.010964912280701754,0.5865102639296188,1.5523932729624839,1.5,83.75,1.0359514635665505,0.9681891717561799,1.079590682842064
Residual greedy addition,3/2,17,17,4,0.0024176488365064974,0.007230956758878582,0.3780718336483932,1.0025062656641603,1.0,56.5,1.0374829528455811,1.0046116953079263,1.1526444797846456
Residual greedy addition,2,17,17,16,0.0,0.000221103438821784,0.0,0.111358574610245,0.0,1.0,1.025468561199915,1.0042484264273959,1.0759666665691332
Residual greedy addition,32,17,16,1,0.014801421865399109,0.07246138137742499,0.12221473053491913,0.35014005602240894,19.0,126.0,0.9491131918167397,0.34209443041300946,1.1127726498689259
Residual greedy pruning,all,85,84,37,8.420221225500867e-05,0.08655295399262808,0.01649619831548255,0.7002801120448179,0.225,272.0,1.0275461319060157,0.2165182284228704,1.1445602381883357
Residual greedy pruning,11/10,17,17,9,0.0,0.00021855428358830492,0.0,0.03768607499528924,0.0,2.6,1.0279717162736033,0.9610070072424369,1.0923590785473891
Residual greedy pruning,5/4,17,17,9,0.0,0.00041796689200655036,0.0,0.09220839096357769,0.0,5.0,1.0349749572280942,1.0014627248024583,1.0976133427730377
Residual greedy pruning,3/2,17,17,9,0.0,0.0007873798753577657,0.0,0.17809439002671415,0.0,9.0,1.0453625184531312,0.9560898080202888,1.1445602381883357
Residual greedy pruning,2,17,17,10,0.0,0.001544496957340994,0.0,0.6622516556291391,0.0,4.0,1.0238293128872786,0.9320615901538385,1.0628188176233966
Residual greedy pruning,32,17,16,0,0.022905563692146788,0.08655295399262808,0.2633422849811117,0.7002801120448179,45.0,272.0,0.9014958302503975,0.2165182284228704,1.0437227732242464
