condition,distribution,representation,target_nodes,actual_nodes,W,U,J,forest_edges,alpha,cost,maximal_sharing_cost,forest_algorithm_valid,global_milp_baseline_valid,global_milp_baseline_optimal,global_milp_baseline_statuses,same_batch,paired,forest_algorithm_primary_median_s,global_milp_baseline_primary_median_s,global_milp_baseline_over_forest_algorithm
0,matplotlib,compact,100000,109859,23711,2400,43,0,43,75521,75564,6,6,6,"{""optimal_numerical"": 6}",True,True,0.2821559500298463,0.32413685001665726,1.1487861587975383
1,pydantic,compact,100000,100042,21398,3251,131,0,131,61362,61493,6,6,6,"{""optimal_numerical"": 6}",True,True,0.23358195001492277,0.7017854999867268,3.0044509001739734
2,aiohttp,compact,100000,108915,21572,3338,149,3,146,63903,64049,6,6,6,"{""optimal_numerical"": 6}",True,True,0.23468310001771897,0.6308176500024274,2.6879551614700827
3,jsonschema,compact,100000,91848,16226,2368,112,0,112,47083,47195,6,6,6,"{""optimal_numerical"": 6}",True,True,0.19512789999134839,0.6414858999778517,3.287515009418407
4,matplotlib,fielded,100000,130113,17792,2881,389,8,381,50528,50909,6,6,6,"{""optimal_numerical"": 6}",True,True,0.26901759998872876,1.0681862500496209,3.9706928100405903
5,pydantic,fielded,100000,106808,23855,3131,717,3,714,49087,49801,6,6,6,"{""optimal_numerical"": 6}",True,True,0.23227789998054504,2.1488401999813505,9.251160786976856
6,aiohttp,fielded,100000,105182,22360,3221,933,9,924,47357,48281,6,6,6,"{""optimal_numerical"": 6}",True,True,0.23297955002635717,1.5318436499801464,6.5750133426167565
7,jsonschema,fielded,100000,101506,19669,2269,507,9,499,40547,41046,6,6,6,"{""optimal_numerical"": 6}",True,True,0.21045140002388507,1.3681139499531128,6.500854590645818
48,matplotlib,compact,1000000,1004814,188125,25190,915,8,907,560121,561028,6,6,6,"{""optimal_numerical"": 6}",True,True,3.101774349983316,18.964937950018793,6.114222316049781
49,pydantic,compact,1000000,366328,64637,10045,398,4,394,192917,193311,6,6,6,"{""optimal_numerical"": 6}",True,True,0.9748097499832511,6.147838600038085,6.306706103569148
50,aiohttp,compact,1000000,231531,41231,6397,278,3,275,124515,124790,6,6,6,"{""optimal_numerical"": 6}",True,True,0.4936899000313133,2.0707585000200197,4.194451820644249
52,matplotlib,fielded,1000000,1011144,204845,21803,5158,75,5092,436830,441922,6,6,0,"{""limit_feasible"": 6}",True,False,2.4442375999642536,,
53,pydantic,fielded,1000000,668703,118557,15146,3532,56,3480,253953,257433,6,6,0,"{""limit_feasible"": 6}",True,False,1.5219118000240996,,
54,aiohttp,fielded,1000000,426119,76746,10321,2719,33,2688,165465,168153,6,6,6,"{""optimal_numerical"": 6}",True,True,0.9446348499623127,10.685411000042222,11.311684086680192
55,jsonschema,fielded,1000000,167196,29576,3473,732,15,717,62038,62755,6,6,6,"{""optimal_numerical"": 6}",True,True,0.34823199996026233,2.8323345000389963,8.13346992913403
96,matplotlib,compact,10000000,1856156,308786,41812,1464,10,1454,915574,917028,6,0,0,"{""METHOD_TIME_CAP"": 6}",True,False,7.635411849999855,,
100,matplotlib,fielded,10000000,3373699,550187,62008,13844,263,13606,1185215,1198821,6,0,0,"{""METHOD_TIME_CAP"": 6}",True,False,10.646692399999665,,
