condition,distribution,representation,target_nodes,actual_nodes,h,W,U,forced,excluded,R,R_over_U,U_over_W,global_milp_baseline_variables,global_milp_baseline_constraints,preprocessed_global_milp_variables,preprocessed_global_milp_constraints,components,max_component_candidates,profile_origin,preprocessed_global_milp_valid
8,matplotlib,compact,100000,109859,11/10,23711,2400,1684,697,19,0.007916666666666667,0.10121884357471216,47422,71133,38,57,9,3,primary,6
9,pydantic,compact,100000,100042,11/10,21398,3251,2313,824,114,0.03506613349738542,0.15193008692401158,42796,64194,229,343,55,4,primary,6
10,aiohttp,compact,100000,108915,11/10,21572,3338,2513,723,102,0.03055721989215099,0.15473762284442796,43144,64716,204,306,50,3,primary,6
11,jsonschema,compact,100000,91848,11/10,16226,2368,1868,420,80,0.033783783783783786,0.14593861703438926,32452,48678,160,240,39,3,primary,6
12,matplotlib,fielded,100000,130113,11/10,17792,2881,2391,429,61,0.02117320374869837,0.16192670863309352,35584,53376,129,190,20,5,primary,6
13,pydantic,fielded,100000,106808,11/10,23855,3131,2179,830,122,0.03896518684126477,0.131251309997904,47710,71565,257,379,41,4,primary,6
14,aiohttp,fielded,100000,105182,11/10,22360,3221,2033,1043,145,0.04501707544240919,0.14405187835420394,44720,67080,311,456,47,5,primary,6
15,jsonschema,fielded,100000,101506,11/10,19669,2269,1596,593,80,0.03525782282944028,0.1153591946718186,39338,59007,167,247,27,6,primary,6
16,matplotlib,compact,100000,109859,5/4,23711,2400,1684,697,19,0.007916666666666667,0.10121884357471216,47422,71133,38,57,9,3,primary,6
17,pydantic,compact,100000,100042,5/4,21398,3251,2313,824,114,0.03506613349738542,0.15193008692401158,42796,64194,229,343,55,4,primary,6
18,aiohttp,compact,100000,108915,5/4,21572,3338,2513,723,102,0.03055721989215099,0.15473762284442796,43144,64716,204,306,50,3,primary,6
19,jsonschema,compact,100000,91848,5/4,16226,2368,1868,420,80,0.033783783783783786,0.14593861703438926,32452,48678,160,240,39,3,primary,6
20,matplotlib,fielded,100000,130113,5/4,17792,2881,2391,429,61,0.02117320374869837,0.16192670863309352,35584,53376,129,190,20,5,primary,6
21,pydantic,fielded,100000,106808,5/4,23855,3131,2179,830,122,0.03896518684126477,0.131251309997904,47710,71565,257,379,41,4,primary,6
22,aiohttp,fielded,100000,105182,5/4,22360,3221,2033,1043,145,0.04501707544240919,0.14405187835420394,44720,67080,311,456,47,5,primary,6
23,jsonschema,fielded,100000,101506,5/4,19669,2269,1596,593,80,0.03525782282944028,0.1153591946718186,39338,59007,167,247,27,6,primary,6
24,matplotlib,compact,100000,109859,3/2,23711,2400,1684,697,19,0.007916666666666667,0.10121884357471216,47422,71133,38,57,9,3,primary,6
25,pydantic,compact,100000,100042,3/2,21398,3251,2313,824,114,0.03506613349738542,0.15193008692401158,42796,64194,229,343,55,4,primary,6
26,aiohttp,compact,100000,108915,3/2,21572,3338,2513,723,102,0.03055721989215099,0.15473762284442796,43144,64716,204,306,50,3,primary,6
27,jsonschema,compact,100000,91848,3/2,16226,2368,1868,420,80,0.033783783783783786,0.14593861703438926,32452,48678,160,240,39,3,primary,6
28,matplotlib,fielded,100000,130113,3/2,17792,2881,2391,429,61,0.02117320374869837,0.16192670863309352,35584,53376,129,190,20,5,primary,6
29,pydantic,fielded,100000,106808,3/2,23855,3131,2179,830,122,0.03896518684126477,0.131251309997904,47710,71565,257,379,41,4,primary,6
30,aiohttp,fielded,100000,105182,3/2,22360,3221,2033,1043,145,0.04501707544240919,0.14405187835420394,44720,67080,311,456,47,5,primary,6
31,jsonschema,fielded,100000,101506,3/2,19669,2269,1596,593,80,0.03525782282944028,0.1153591946718186,39338,59007,167,247,27,6,primary,6
32,matplotlib,compact,100000,109859,2,23711,2400,1691,704,5,0.0020833333333333333,0.10121884357471216,47422,71133,10,15,2,3,primary,6
33,pydantic,compact,100000,100042,2,21398,3251,2344,858,49,0.015072285450630576,0.15193008692401158,42796,64194,98,147,23,4,primary,6
34,aiohttp,compact,100000,108915,2,21572,3338,2539,753,46,0.01378070701018574,0.15473762284442796,43144,64716,92,138,22,3,primary,6
35,jsonschema,compact,100000,91848,2,16226,2368,1892,453,23,0.009712837837837838,0.14593861703438926,32452,48678,46,69,11,3,primary,6
36,matplotlib,fielded,100000,130113,2,17792,2881,2333,527,21,0.007289135716765012,0.16192670863309352,35584,53376,46,67,6,5,primary,6
37,pydantic,fielded,100000,106808,2,23855,3131,2101,997,33,0.010539763653784734,0.131251309997904,47710,71565,71,104,10,4,primary,6
38,aiohttp,fielded,100000,105182,2,22360,3221,1962,1226,33,0.010245265445513815,0.14405187835420394,44720,67080,77,110,10,5,primary,6
39,jsonschema,fielded,100000,101506,2,19669,2269,1549,686,34,0.01498457470251212,0.1153591946718186,39338,59007,76,110,11,5,primary,6
40,matplotlib,compact,100000,109859,32,23711,2400,375,2001,24,0.01,0.10121884357471216,47422,71133,130,154,6,13,primary,6
41,pydantic,compact,100000,100042,32,21398,3251,183,2996,72,0.02214703168255921,0.15193008692401158,42796,64194,629,701,15,23,primary,6
42,aiohttp,compact,100000,108915,32,21572,3338,194,3087,57,0.0170760934691432,0.15473762284442796,43144,64716,482,539,17,7,primary,6
43,jsonschema,compact,100000,91848,32,16226,2368,208,2028,132,0.05574324324324324,0.14593861703438926,32452,48678,1151,1283,17,74,primary,6
44,matplotlib,fielded,100000,130113,32,17792,2881,551,2263,67,0.023255813953488372,0.16192670863309352,35584,53376,779,846,6,53,primary,6
45,pydantic,fielded,100000,106808,32,23855,3131,208,2752,171,0.05461513893324817,0.131251309997904,47710,71565,2223,2394,5,149,primary,6
46,aiohttp,fielded,100000,105182,32,22360,3221,176,2888,157,0.048742626513505125,0.14405187835420394,44720,67080,1898,2055,13,96,primary,6
47,jsonschema,fielded,100000,101506,32,19669,2269,229,1837,203,0.08946672542970471,0.1153591946718186,39338,59007,2441,2644,17,143,primary,6
56,matplotlib,compact,1000000,1004814,11/10,188125,25190,19744,4848,598,0.023739579198094482,0.13390033222591363,376250,564375,1197,1795,292,5,primary,6
57,pydantic,compact,1000000,366328,11/10,64637,10045,7821,1926,298,0.02966650074664012,0.15540634621037486,129274,193911,601,899,143,4,primary,6
58,aiohttp,compact,1000000,231531,11/10,41231,6397,4900,1340,157,0.024542754416132562,0.15515025102471441,82462,123693,314,471,77,3,primary,6
60,matplotlib,fielded,1000000,1011144,11/10,204845,21803,15087,5829,887,0.04068247488877677,0.1064365739949718,409690,614535,1850,2737,294,7,primary,6
61,pydantic,fielded,1000000,668703,11/10,118557,15146,10418,4065,663,0.04377393371187112,0.12775289523182942,237114,355671,1398,2061,223,5,primary,6
62,aiohttp,fielded,1000000,426119,11/10,76746,10321,6764,3179,378,0.0366243581048348,0.13448257889662002,153492,230238,801,1179,126,5,primary,6
63,jsonschema,fielded,1000000,167196,11/10,29576,3473,2464,854,155,0.04463000287935502,0.11742629158777387,59152,88728,326,481,52,6,primary,6
64,matplotlib,compact,1000000,1004814,5/4,188125,25190,19744,4848,598,0.023739579198094482,0.13390033222591363,376250,564375,1197,1795,292,5,primary,6
65,pydantic,compact,1000000,366328,5/4,64637,10045,7821,1926,298,0.02966650074664012,0.15540634621037486,129274,193911,601,899,143,4,primary,6
66,aiohttp,compact,1000000,231531,5/4,41231,6397,4900,1340,157,0.024542754416132562,0.15515025102471441,82462,123693,314,471,77,3,primary,6
68,matplotlib,fielded,1000000,1011144,5/4,204845,21803,15087,5829,887,0.04068247488877677,0.1064365739949718,409690,614535,1850,2737,294,7,primary,6
69,pydantic,fielded,1000000,668703,5/4,118557,15146,10418,4065,663,0.04377393371187112,0.12775289523182942,237114,355671,1398,2061,223,5,primary,6
70,aiohttp,fielded,1000000,426119,5/4,76746,10321,6764,3179,378,0.0366243581048348,0.13448257889662002,153492,230238,801,1179,126,5,primary,6
71,jsonschema,fielded,1000000,167196,5/4,29576,3473,2464,854,155,0.04463000287935502,0.11742629158777387,59152,88728,326,481,52,6,primary,6
72,matplotlib,compact,1000000,1004814,3/2,188125,25190,19744,4848,598,0.023739579198094482,0.13390033222591363,376250,564375,1197,1795,292,5,primary,6
73,pydantic,compact,1000000,366328,3/2,64637,10045,7821,1926,298,0.02966650074664012,0.15540634621037486,129274,193911,601,899,143,4,primary,6
74,aiohttp,compact,1000000,231531,3/2,41231,6397,4900,1340,157,0.024542754416132562,0.15515025102471441,82462,123693,314,471,77,3,primary,6
76,matplotlib,fielded,1000000,1011144,3/2,204845,21803,15087,5829,887,0.04068247488877677,0.1064365739949718,409690,614535,1850,2737,294,7,primary,6
77,pydantic,fielded,1000000,668703,3/2,118557,15146,10418,4065,663,0.04377393371187112,0.12775289523182942,237114,355671,1398,2061,223,5,primary,6
78,aiohttp,fielded,1000000,426119,3/2,76746,10321,6764,3179,378,0.0366243581048348,0.13448257889662002,153492,230238,801,1179,126,5,primary,6
79,jsonschema,fielded,1000000,167196,3/2,29576,3473,2464,854,155,0.04463000287935502,0.11742629158777387,59152,88728,326,481,52,6,primary,6
80,matplotlib,compact,1000000,1004814,2,188125,25190,19907,5019,264,0.010480349344978166,0.13390033222591363,376250,564375,529,793,126,4,primary,6
81,pydantic,compact,1000000,366328,2,64637,10045,7906,2019,120,0.011946241911398706,0.15540634621037486,129274,193911,243,363,57,3,primary,6
82,aiohttp,compact,1000000,231531,2,41231,6397,4938,1387,72,0.011255275910583085,0.15515025102471441,82462,123693,144,216,35,3,primary,6
84,matplotlib,fielded,1000000,1011144,2,204845,21803,14644,6922,237,0.010870063752694583,0.1064365739949718,409690,614535,518,755,74,6,primary,6
85,pydantic,fielded,1000000,668703,2,118557,15146,10104,4833,209,0.01379902284431533,0.12775289523182942,237114,355671,468,677,69,5,primary,6
86,aiohttp,fielded,1000000,426119,2,76746,10321,6564,3655,102,0.009882763298130027,0.13448257889662002,153492,230238,233,335,33,5,primary,6
87,jsonschema,fielded,1000000,167196,2,29576,3473,2407,1008,58,0.016700259141952202,0.11742629158777387,59152,88728,130,188,20,5,primary,6
88,matplotlib,compact,1000000,1004814,32,188125,25190,2055,22535,600,0.023818975784041286,0.13390033222591363,376250,564375,4394,4994,150,33,primary,6
89,pydantic,compact,1000000,366328,32,64637,10045,744,8926,375,0.03733200597312095,0.15540634621037486,129274,193911,3635,4010,86,43,primary,6
90,aiohttp,compact,1000000,231531,32,41231,6397,444,5770,183,0.028607159606065344,0.15515025102471441,82462,123693,1354,1537,40,37,primary,6
92,matplotlib,fielded,1000000,1011144,32,204845,21803,1827,18873,1103,0.050589368435536394,0.1064365739949718,409690,614535,12274,13377,116,662,primary,6
93,pydantic,fielded,1000000,668703,32,118557,15146,1205,12937,1004,0.06628812887891192,0.12775289523182942,237114,355671,12615,13619,65,783,primary,6
94,aiohttp,fielded,1000000,426119,32,76746,10321,658,8892,771,0.07470206375351225,0.13448257889662002,153492,230238,7773,8544,44,620,primary,6
95,jsonschema,fielded,1000000,167196,32,29576,3473,349,2834,290,0.08350129570976102,0.11742629158777387,59152,88728,3367,3657,14,248,primary,6
104,matplotlib,compact,10000000,1856156,11/10,308786,41812,33309,7385,1118,0.026738735291303932,0.1354076933539733,617572,926358,2237,3355,544,4,primary,6
108,matplotlib,fielded,10000000,3373699,11/10,550187,62008,43115,16215,2678,0.04318797574506515,0.11270349899216085,1100374,1650561,5599,8277,932,6,primary,6
112,matplotlib,compact,10000000,1856156,5/4,308786,41812,33309,7385,1118,0.026738735291303932,0.1354076933539733,617572,926358,2237,3355,544,4,primary,6
116,matplotlib,fielded,10000000,3373699,5/4,550187,62008,43115,16215,2678,0.04318797574506515,0.11270349899216085,1100374,1650561,5599,8277,932,6,primary,6
120,matplotlib,compact,10000000,1856156,3/2,308786,41812,33309,7385,1118,0.026738735291303932,0.1354076933539733,617572,926358,2237,3355,544,4,primary,6
124,matplotlib,fielded,10000000,3373699,3/2,550187,62008,43115,16215,2678,0.04318797574506515,0.11270349899216085,1100374,1650561,5599,8277,932,6,primary,6
128,matplotlib,compact,10000000,1856156,2,308786,41812,33595,7696,521,0.012460537644695303,0.1354076933539733,617572,926358,1042,1563,247,4,primary,6
132,matplotlib,fielded,10000000,3373699,2,550187,62008,42051,19265,692,0.011159850341891368,0.11270349899216085,1100374,1650561,1511,2203,233,6,primary,6
136,matplotlib,compact,10000000,1856156,32,308786,41812,3692,36736,1384,0.03310054529800057,0.1354076933539733,617572,926358,10013,11397,330,100,primary,6
140,matplotlib,fielded,10000000,3373699,32,550187,62008,,,4030,0.06499161398529223,0.11270349899216085,1100374,1650561,44687,48717,373,2645,retrospective_LP,0
