condition,distribution,representation,target_nodes,actual_nodes,h,input_status,comparison,eligible,same_batch,equal_cost,ratio,reference_median,new_median,reference_min,reference_max,new_min,new_max,classification,repeats,additional_new_seconds,reference_peak_rss,new_peak_rss
8,matplotlib,compact,100000,109859,11/10,READY,Global MILP baseline / Preprocessed global MILP,True,True,True,1.4953703053488918,0.324812299979385,0.21721194998826832,0.31518819998018444,0.33878160000313073,0.21513420005794615,0.22424939996562898,improved,6,-0.10760034999111667,186216448,140636160
8,matplotlib,compact,100000,109859,11/10,READY,Preprocessed global MILP / Preprocessed component MILP,True,True,True,0.7883862074155155,0.21721194998826832,0.27551464998396114,0.21513420005794615,0.22424939996562898,0.26199680007994175,0.28893470007460564,regressed,6,0.05830269999569282,140636160,141918208
8,matplotlib,compact,100000,109859,11/10,READY,Maximal sharing / Preprocessed global MILP,True,True,False,0.5633251301009131,0.12236094998661429,0.21721194998826832,0.11532420001458377,0.126390999997966,0.21513420005794615,0.22424939996562898,regressed,6,0.09485100000165403,141897728,140636160
9,pydantic,compact,100000,100042,11/10,READY,Global MILP baseline / Preprocessed global MILP,True,True,True,3.1209702459587487,0.6486816499964334,0.2078461500350386,0.6446035000262782,0.6517018000595272,0.195883100037463,0.21515419997740537,improved,6,-0.4408354999613948,171032576,129413120
9,pydantic,compact,100000,100042,11/10,READY,Preprocessed global MILP / Preprocessed component MILP,True,True,True,0.33056870887675877,0.2078461500350386,0.6287532499409281,0.195883100037463,0.21515419997740537,0.5881793000735343,0.6351123000495136,regressed,6,0.4209070999058895,129413120,130514944
9,pydantic,compact,100000,100042,11/10,READY,Maximal sharing / Preprocessed global MILP,True,True,False,0.4025982680661664,0.08367850002832711,0.2078461500350386,0.08007260004524142,0.08467730006668717,0.195883100037463,0.21515419997740537,regressed,6,0.12416765000671148,126672896,129413120
10,aiohttp,compact,100000,108915,11/10,READY,Global MILP baseline / Preprocessed global MILP,True,True,True,3.379789504266273,0.6936826999881305,0.20524435001425445,0.6836985000409186,0.7049768000142649,0.1958347000181675,0.21774710004683584,improved,6,-0.48843834997387603,177082368,134365184
10,aiohttp,compact,100000,108915,11/10,READY,Preprocessed global MILP / Preprocessed component MILP,True,True,True,0.33966551836113584,0.20524435001425445,0.604254299949389,0.1958347000181675,0.21774710004683584,0.5660110000753775,0.655346899991855,regressed,6,0.3990099499351345,134365184,132530176
10,aiohttp,compact,100000,108915,11/10,READY,Maximal sharing / Preprocessed global MILP,True,True,False,0.4336146159780595,0.08899695001309738,0.20524435001425445,0.08206589997280389,0.09990410006139427,0.1958347000181675,0.21774710004683584,regressed,6,0.11624740000115708,129265664,134365184
11,jsonschema,compact,100000,91848,11/10,READY,Global MILP baseline / Preprocessed global MILP,True,True,True,4.181119126095548,0.6840198000427336,0.163597300008405,0.6598185000475496,0.7000233000144362,0.16034249996300787,0.171539600007236,improved,6,-0.5204225000343286,156352512,119021568
11,jsonschema,compact,100000,91848,11/10,READY,Preprocessed global MILP / Preprocessed component MILP,True,True,True,0.34925784686500144,0.163597300008405,0.46841410000342876,0.16034249996300787,0.171539600007236,0.44493210001382977,0.4970420999452472,regressed,6,0.30481679999502376,119021568,117972992
11,jsonschema,compact,100000,91848,11/10,READY,Maximal sharing / Preprocessed global MILP,True,True,False,0.43472630681329,0.07112005003727973,0.163597300008405,0.06596939999144524,0.07375959993805736,0.16034249996300787,0.171539600007236,regressed,6,0.09247724997112527,117166080,119021568
12,matplotlib,fielded,100000,130113,11/10,READY,Global MILP baseline / Preprocessed global MILP,True,True,True,6.262599051661519,1.0612424999126233,0.16945719998329878,1.0464531999314204,1.081177799962461,0.15798529994208366,0.18743649998214096,improved,6,-0.8917852999293245,186208256,131878912
12,matplotlib,fielded,100000,130113,11/10,READY,Preprocessed global MILP / Preprocessed component MILP,True,True,True,0.5307500938541736,0.16945719998329878,0.319278699986171,0.15798529994208366,0.18743649998214096,0.30121730000246316,0.32889430003706366,regressed,6,0.1498215000028722,131878912,132829184
12,matplotlib,fielded,100000,130113,11/10,READY,Maximal sharing / Preprocessed global MILP,True,True,False,0.5077957737371521,0.08604964998085052,0.16945719998329878,0.07711459998972714,0.09579549997579306,0.15798529994208366,0.18743649998214096,regressed,6,0.08340755000244826,127393792,131878912
13,pydantic,fielded,100000,106808,11/10,READY,Global MILP baseline / Preprocessed global MILP,True,True,True,11.33557225994419,2.247361650050152,0.19825744995614514,2.239016899955459,2.268365200026892,0.1838393999496475,0.20653389999642968,improved,6,-2.049104200094007,203563008,130899968
13,pydantic,fielded,100000,106808,11/10,READY,Preprocessed global MILP / Preprocessed component MILP,True,True,True,0.37671362623159493,0.19825744995614514,0.5262816000031307,0.1838393999496475,0.20653389999642968,0.4836460000369698,0.5634980000322685,regressed,6,0.3280241500469856,130899968,130654208
13,pydantic,fielded,100000,106808,11/10,READY,Maximal sharing / Preprocessed global MILP,True,True,False,0.40599533612531413,0.08049160003429279,0.19825744995614514,0.0751344000454992,0.08666169992648065,0.1838393999496475,0.20653389999642968,regressed,6,0.11776584992185235,126943232,130899968
14,aiohttp,fielded,100000,105182,11/10,READY,Global MILP baseline / Preprocessed global MILP,True,True,True,8.62843875657435,1.675125100009609,0.19413999997777864,1.6548827000660822,1.682222899980843,0.18584869999904186,0.20105919998604804,improved,6,-1.4809851000318304,197455872,128520192
14,aiohttp,fielded,100000,105182,11/10,READY,Preprocessed global MILP / Preprocessed component MILP,True,True,True,0.34772108264800466,0.19413999997777864,0.5583210500190035,0.18584869999904186,0.20105919998604804,0.5321694000158459,0.570409799925983,regressed,6,0.3641810500412248,128520192,128532480
14,aiohttp,fielded,100000,105182,11/10,READY,Maximal sharing / Preprocessed global MILP,True,True,False,0.41728597943373547,0.08101190003799275,0.19413999997777864,0.0758052000310272,0.0882536000572145,0.18584869999904186,0.20105919998604804,regressed,6,0.1131280999397859,124919808,128520192
15,jsonschema,fielded,100000,101506,11/10,READY,Global MILP baseline / Preprocessed global MILP,True,True,True,8.081109096069929,1.4679665999719873,0.1816541000152938,1.458100999938324,1.4786810000659898,0.17344279994722456,0.19101569999475032,improved,6,-1.2863124999566935,192917504,124387328
15,jsonschema,fielded,100000,101506,11/10,READY,Preprocessed global MILP / Preprocessed component MILP,True,True,True,0.4792227401155669,0.1816541000152938,0.3790598500636406,0.17344279994722456,0.19101569999475032,0.3238783999113366,0.4508054000325501,regressed,6,0.19740575004834682,124387328,123072512
15,jsonschema,fielded,100000,101506,11/10,READY,Maximal sharing / Preprocessed global MILP,True,True,False,0.4202704480295385,0.07634384999983013,0.1816541000152938,0.0753031000494957,0.0800792999798432,0.17344279994722456,0.19101569999475032,regressed,6,0.10531025001546368,120107008,124387328
16,matplotlib,compact,100000,109859,5/4,READY,Global MILP baseline / Preprocessed global MILP,True,True,True,1.5507670242295173,0.33184754999820143,0.21398930001305416,0.3268797000637278,0.3423327000346035,0.20754329999908805,0.21639930002857,improved,6,-0.11785824998514727,180051968,142802944
16,matplotlib,compact,100000,109859,5/4,READY,Preprocessed global MILP / Preprocessed component MILP,True,True,True,0.7914389392460698,0.21398930001305416,0.27038005006033927,0.20754329999908805,0.21639930002857,0.26129249995574355,0.2817265000194311,regressed,6,0.05639075004728511,142802944,142606336
16,matplotlib,compact,100000,109859,5/4,READY,Maximal sharing / Preprocessed global MILP,True,True,False,0.547171984763483,0.11708895000629127,0.21398930001305416,0.11238559999037534,0.12432780000381172,0.20754329999908805,0.21639930002857,regressed,6,0.09690035000676289,138104832,142802944
17,pydantic,compact,100000,100042,5/4,READY,Global MILP baseline / Preprocessed global MILP,True,True,True,3.102629336835271,0.6329368500155397,0.20400014996994287,0.6184417000040412,0.6421378999948502,0.19243299996014684,0.21479929995257407,improved,6,-0.4289367000455968,174116864,129712128
17,pydantic,compact,100000,100042,5/4,READY,Preprocessed global MILP / Preprocessed component MILP,True,True,True,0.322399621747114,0.20400014996994287,0.6327555499738082,0.19243299996014684,0.21479929995257407,0.5850669000064954,0.6700089999940246,regressed,6,0.42875540000386536,129712128,131604480
17,pydantic,compact,100000,100042,5/4,READY,Maximal sharing / Preprocessed global MILP,True,True,False,0.41106391345127524,0.08385709999129176,0.20400014996994287,0.07884029997512698,0.0923179000383243,0.19243299996014684,0.21479929995257407,regressed,6,0.1201430499786511,126619648,129712128
18,aiohttp,compact,100000,108915,5/4,READY,Global MILP baseline / Preprocessed global MILP,True,True,True,2.925964803403569,0.603497649950441,0.20625594991724938,0.5967889000894502,0.6093127999920398,0.19837550004012883,0.21591880009509623,improved,6,-0.3972417000331916,176390144,137035776
18,aiohttp,compact,100000,108915,5/4,READY,Preprocessed global MILP / Preprocessed component MILP,True,True,True,0.36038967776182196,0.20625594991724938,0.572313699987717,0.19837550004012883,0.21591880009509623,0.5483645000495017,0.5890263000037521,regressed,6,0.3660577500704676,137035776,133820416
18,aiohttp,compact,100000,108915,5/4,READY,Maximal sharing / Preprocessed global MILP,True,True,False,0.41079833107000163,0.08472959999926388,0.20625594991724938,0.08258040004875511,0.08746099995914847,0.19837550004012883,0.21591880009509623,regressed,6,0.1215263499179855,129593344,137035776
19,jsonschema,compact,100000,91848,5/4,READY,Global MILP baseline / Preprocessed global MILP,True,True,True,3.8920388636317274,0.6248520500375889,0.16054620005888864,0.617389400023967,0.6391162999207154,0.15511499997228384,0.17265790002420545,improved,6,-0.4643058499787003,157085696,118784000
19,jsonschema,compact,100000,91848,5/4,READY,Preprocessed global MILP / Preprocessed component MILP,True,True,True,0.3680148447917947,0.16054620005888864,0.43624925008043647,0.15511499997228384,0.17265790002420545,0.40848149999510497,0.4954252999741584,regressed,6,0.2757030500215478,118784000,120156160
19,jsonschema,compact,100000,91848,5/4,READY,Maximal sharing / Preprocessed global MILP,True,True,False,0.4268300958451612,0.06852594995871186,0.16054620005888864,0.06628729996737093,0.08101540000643581,0.15511499997228384,0.17265790002420545,regressed,6,0.09202025010017678,116871168,118784000
20,matplotlib,fielded,100000,130113,5/4,READY,Global MILP baseline / Preprocessed global MILP,True,True,True,7.000861410581444,1.1243985500186682,0.16060860001016408,1.0914353999542072,1.7123723000986502,0.15379529993515462,0.17172270000446588,improved,6,-0.9637899500085041,187928576,131530752
20,matplotlib,fielded,100000,130113,5/4,READY,Preprocessed global MILP / Preprocessed component MILP,True,True,True,0.5124369379762707,0.16060860001016408,0.3134211999713443,0.15379529993515462,0.17172270000446588,0.29407880001235753,0.3537349998950958,regressed,6,0.15281259996118024,131530752,130191360
20,matplotlib,fielded,100000,130113,5/4,READY,Maximal sharing / Preprocessed global MILP,True,True,False,0.4941457054097149,0.07936404994688928,0.16060860001016408,0.07656760001555085,0.08349150000140071,0.15379529993515462,0.17172270000446588,regressed,6,0.0812445500632748,128225280,131530752
21,pydantic,fielded,100000,106808,5/4,READY,Global MILP baseline / Preprocessed global MILP,True,True,True,11.971509839848492,2.24700929998653,0.18769640004029498,2.222426100051962,3.5118628999916837,0.1826973999850452,0.20594349992461503,improved,6,-2.059312899946235,204046336,130543616
21,pydantic,fielded,100000,106808,5/4,READY,Preprocessed global MILP / Preprocessed component MILP,True,True,True,0.38687669306639916,0.18769640004029498,0.4851582000264898,0.1826973999850452,0.20594349992461503,0.46488689992111176,0.5064233000157401,regressed,6,0.2974617999861948,130543616,129708032
21,pydantic,fielded,100000,106808,5/4,READY,Maximal sharing / Preprocessed global MILP,True,True,False,0.5324569355936337,0.09994024998741224,0.18769640004029498,0.07524909998755902,0.1232203000690788,0.1826973999850452,0.20594349992461503,regressed,6,0.08775615005288273,127184896,130543616
22,aiohttp,fielded,100000,105182,5/4,READY,Global MILP baseline / Preprocessed global MILP,True,True,True,8.793601577728293,1.7065575499436818,0.19406809995416552,1.6840221000602469,1.726615000050515,0.1832271000603214,0.303352800081484,improved,6,-1.5124894499895163,198008832,129273856
22,aiohttp,fielded,100000,105182,5/4,READY,Preprocessed global MILP / Preprocessed component MILP,True,True,True,0.3750395198395652,0.19406809995416552,0.5174604000058025,0.1832271000603214,0.303352800081484,0.5023746000370011,0.8534047999419272,regressed,6,0.323392300051637,129273856,128434176
22,aiohttp,fielded,100000,105182,5/4,READY,Maximal sharing / Preprocessed global MILP,True,True,False,0.39438114751328884,0.07653679995564744,0.19406809995416552,0.07554490002803504,0.12525929999537766,0.1832271000603214,0.303352800081484,regressed,6,0.11753129999851808,124325888,129273856
23,jsonschema,fielded,100000,101506,5/4,READY,Global MILP baseline / Preprocessed global MILP,True,True,True,8.585927598480115,1.4842214000527747,0.17286675004288554,1.4508475000038743,2.224913900019601,0.1713938000611961,0.27600989991333336,improved,6,-1.3113546500098892,191197184,125452288
23,jsonschema,fielded,100000,101506,5/4,READY,Preprocessed global MILP / Preprocessed component MILP,True,True,True,0.46623904149827977,0.17286675004288554,0.3707684999681078,0.1713938000611961,0.27600989991333336,0.3660459000384435,0.47764580009970814,regressed,6,0.19790174992522225,125452288,123015168
23,jsonschema,fielded,100000,101506,5/4,READY,Maximal sharing / Preprocessed global MILP,True,True,False,0.4286645636861752,0.07410184998298064,0.17286675004288554,0.06955579994246364,0.07608520006760955,0.1713938000611961,0.27600989991333336,regressed,6,0.0987649000599049,121561088,125452288
24,matplotlib,compact,100000,109859,3/2,READY,Global MILP baseline / Preprocessed global MILP,True,True,True,1.6081683291577777,0.3356837499886751,0.20873669994762167,0.3296353000914678,0.5275282999500632,0.20539849996566772,0.21487040002830327,improved,6,-0.12694705004105344,180502528,141000704
24,matplotlib,compact,100000,109859,3/2,READY,Preprocessed global MILP / Preprocessed component MILP,True,True,True,0.7497867685004255,0.20873669994762167,0.2783947499701753,0.20539849996566772,0.21487040002830327,0.25418009993154556,0.41326800000388175,regressed,6,0.06965805002255365,141000704,142118912
24,matplotlib,compact,100000,109859,3/2,READY,Maximal sharing / Preprocessed global MILP,True,True,False,0.5904091135749442,0.1232400499866344,0.20873669994762167,0.11344340001232922,0.18676910002250224,0.20539849996566772,0.21487040002830327,regressed,6,0.08549664996098727,137830400,141000704
25,pydantic,compact,100000,100042,3/2,READY,Global MILP baseline / Preprocessed global MILP,True,True,True,3.556364300387626,0.7077104499912821,0.1989983000094071,0.6957475000526756,0.7574123999802396,0.1957581000169739,0.32061750011052936,improved,6,-0.508712149981875,173522944,131346432
25,pydantic,compact,100000,100042,3/2,READY,Preprocessed global MILP / Preprocessed component MILP,True,True,True,0.3333904066639799,0.1989983000094071,0.5968927000649273,0.1957581000169739,0.32061750011052936,0.5480653999838978,0.6266965999966487,regressed,6,0.39789440005552024,131346432,129744896
25,pydantic,compact,100000,100042,3/2,READY,Maximal sharing / Preprocessed global MILP,True,True,False,0.3942794991286388,0.07846095005515963,0.1989983000094071,0.0776221000123769,0.08047829999122769,0.1957581000169739,0.32061750011052936,regressed,6,0.12053734995424747,126959616,131346432
26,aiohttp,compact,100000,108915,3/2,READY,Global MILP baseline / Preprocessed global MILP,True,True,True,3.283176577335812,0.6739086000015959,0.20526115002576262,0.6609341000439599,0.6880550000350922,0.19181349989958107,0.21823140000924468,improved,6,-0.4686474499758333,176734208,132837376
26,aiohttp,compact,100000,108915,3/2,READY,Preprocessed global MILP / Preprocessed component MILP,True,True,True,0.37653815049401057,0.20526115002576262,0.5451271000201814,0.19181349989958107,0.21823140000924468,0.5114528000121936,0.597651100018993,regressed,6,0.33986594999441877,132837376,132698112
26,aiohttp,compact,100000,108915,3/2,READY,Maximal sharing / Preprocessed global MILP,True,True,False,0.42221238674736605,0.08666380005888641,0.20526115002576262,0.08532419998664409,0.0970577000407502,0.19181349989958107,0.21823140000924468,regressed,6,0.11859734996687621,130064384,132837376
27,jsonschema,compact,100000,91848,3/2,READY,Global MILP baseline / Preprocessed global MILP,True,True,True,3.5411921622782607,0.5960694000241347,0.16832449997309595,0.5777466000290588,0.6159492000006139,0.15603640000335872,0.2514989000046626,improved,6,-0.4277449000510387,155901952,119508992
27,jsonschema,compact,100000,91848,3/2,READY,Preprocessed global MILP / Preprocessed component MILP,True,True,True,0.36388506962283335,0.16832449997309595,0.46257600001990795,0.15603640000335872,0.2514989000046626,0.41082769993226975,0.6937930000713095,regressed,6,0.294251500046812,119508992,119267328
27,jsonschema,compact,100000,91848,3/2,READY,Maximal sharing / Preprocessed global MILP,True,True,False,0.4039373352218181,0.06799254997167736,0.16832449997309595,0.06583750003483146,0.11039090005215257,0.15603640000335872,0.2514989000046626,regressed,6,0.10033195000141859,116547584,119508992
28,matplotlib,fielded,100000,130113,3/2,READY,Global MILP baseline / Preprocessed global MILP,True,True,True,6.011468285924838,1.0250900000100955,0.1705224000615999,1.0019422000041232,1.1206913000205532,0.1582913000602275,0.18135790002997965,improved,6,-0.8545675999484956,185765888,130760704
28,matplotlib,fielded,100000,130113,3/2,READY,Preprocessed global MILP / Preprocessed component MILP,True,True,True,0.5455903217585806,0.1705224000615999,0.3125466000055894,0.1582913000602275,0.18135790002997965,0.2891285000368953,0.33224689995404333,regressed,6,0.14202419994398952,130760704,130527232
28,matplotlib,fielded,100000,130113,3/2,READY,Maximal sharing / Preprocessed global MILP,True,True,False,0.4766661155950204,0.0812822500593029,0.1705224000615999,0.07131010002922267,0.12680560001172125,0.1582913000602275,0.18135790002997965,regressed,6,0.08924015000229701,128176128,130760704
29,pydantic,fielded,100000,106808,3/2,READY,Global MILP baseline / Preprocessed global MILP,True,True,True,10.406167457520315,3.104002100008074,0.29828485008329153,2.8223589999834076,3.5219048000872135,0.18665509996935725,0.3041215999983251,improved,6,-2.8057172499247827,204767232,130691072
29,pydantic,fielded,100000,106808,3/2,READY,Preprocessed global MILP / Preprocessed component MILP,True,True,True,0.39483366419071253,0.29828485008329153,0.7554696499719284,0.18665509996935725,0.3041215999983251,0.49170119990594685,0.8219452999765053,regressed,6,0.4571847998886369,130691072,130375680
29,pydantic,fielded,100000,106808,3/2,READY,Maximal sharing / Preprocessed global MILP,True,True,False,0.2770484320906423,0.0826393500319682,0.29828485008329153,0.08041059994138777,0.12647180003114045,0.18665509996935725,0.3041215999983251,regressed,6,0.21564550005132332,126943232,130691072
30,aiohttp,fielded,100000,105182,3/2,READY,Global MILP baseline / Preprocessed global MILP,True,True,True,9.280040449203685,1.773522450006567,0.1911114999675192,1.7328796000219882,2.043632599990815,0.1843772999709472,0.20193119999021292,improved,6,-1.5824109500390477,199626752,129257472
30,aiohttp,fielded,100000,105182,3/2,READY,Preprocessed global MILP / Preprocessed component MILP,True,True,True,0.35192639559072664,0.1911114999675192,0.5430439499905333,0.1843772999709472,0.20193119999021292,0.5185076000634581,0.8579588000429794,regressed,6,0.3519324500230141,129257472,127836160
30,aiohttp,fielded,100000,105182,3/2,READY,Maximal sharing / Preprocessed global MILP,True,True,False,0.4231856798884491,0.08087565004825592,0.1911114999675192,0.07485889992676675,0.13198990002274513,0.1843772999709472,0.20193119999021292,regressed,6,0.11023584991926327,124612608,129257472
31,jsonschema,fielded,100000,101506,3/2,READY,Global MILP baseline / Preprocessed global MILP,True,True,True,11.661951648269866,2.100051600020379,0.18007720005698502,1.6410863000201061,2.521134200040251,0.17019770003389567,0.2794028000207618,improved,6,-1.9199743999633938,194535424,123625472
31,jsonschema,fielded,100000,101506,3/2,READY,Preprocessed global MILP / Preprocessed component MILP,True,True,True,0.4863623057296431,0.18007720005698502,0.3702532000024803,0.17019770003389567,0.2794028000207618,0.3669400999788195,0.39814040006604046,regressed,6,0.19017599994549528,123625472,123273216
31,jsonschema,fielded,100000,101506,3/2,READY,Maximal sharing / Preprocessed global MILP,True,True,False,0.39665598964430565,0.071428700000979,0.18007720005698502,0.06862290005665272,0.07581129996106029,0.17019770003389567,0.2794028000207618,regressed,6,0.10864850005600601,121462784,123625472
32,matplotlib,compact,100000,109859,2,READY,Global MILP baseline / Preprocessed global MILP,True,True,True,1.5047545982730366,0.3562185999471694,0.23672870005248114,0.33761930000036955,0.5441645999671891,0.22949079994577914,0.26003499992657453,improved,6,-0.11948989989468828,183656448,143491072
32,matplotlib,compact,100000,109859,2,READY,Preprocessed global MILP / Preprocessed component MILP,True,True,True,0.9450677597985043,0.23672870005248114,0.25048859999515116,0.22949079994577914,0.26003499992657453,0.2407082999125123,0.3833550999406725,unresolved,6,0.013759899942670017,143491072,141090816
32,matplotlib,compact,100000,109859,2,READY,Maximal sharing / Preprocessed global MILP,True,True,False,0.49218092256297286,0.11651334998896345,0.23672870005248114,0.11373199999798089,0.1320248000556603,0.22949079994577914,0.26003499992657453,regressed,6,0.12021535006351769,139051008,143491072
33,pydantic,compact,100000,100042,2,READY,Global MILP baseline / Preprocessed global MILP,True,True,True,3.192574662709237,0.6372991999960504,0.19961919996421784,0.6171590000158176,0.9734965999377891,0.18966779997572303,0.31289810000453144,improved,6,-0.4376800000318326,173420544,130093056
33,pydantic,compact,100000,100042,2,READY,Preprocessed global MILP / Preprocessed component MILP,True,True,True,0.5323127563298752,0.19961919996421784,0.3750036000274122,0.18966779997572303,0.31289810000453144,0.33345319994259626,0.5667160999728367,regressed,6,0.17538440006319433,130093056,131993600
33,pydantic,compact,100000,100042,2,READY,Maximal sharing / Preprocessed global MILP,True,True,False,0.4477359893754666,0.08937669999431819,0.19961919996421784,0.07827040005940944,0.12911399989388883,0.18966779997572303,0.31289810000453144,regressed,6,0.11024249996989965,129884160,130093056
34,aiohttp,compact,100000,108915,2,READY,Global MILP baseline / Preprocessed global MILP,True,True,True,3.13206687033119,0.6056994500104338,0.19338650006102398,0.6032269999850541,0.9727735000196844,0.19117830006871372,0.31114020000677556,improved,6,-0.4123129499494098,175996928,134082560
34,aiohttp,compact,100000,108915,2,READY,Preprocessed global MILP / Preprocessed component MILP,True,True,True,0.5188370586507056,0.19338650006102398,0.3727307000081055,0.19117830006871372,0.31114020000677556,0.3570520000066608,0.5865827000234276,regressed,6,0.1793441999470815,134082560,134262784
34,aiohttp,compact,100000,108915,2,READY,Maximal sharing / Preprocessed global MILP,True,True,False,0.4338459506834853,0.08389994996832684,0.19338650006102398,0.08252960001118481,0.08948640001472086,0.19117830006871372,0.31114020000677556,regressed,6,0.10948655009269714,131276800,134082560
35,jsonschema,compact,100000,91848,2,READY,Global MILP baseline / Preprocessed global MILP,True,True,True,4.070888981290097,0.6178864499670453,0.15178169996943325,0.6148502000141889,0.6250674000475556,0.14777220005635172,0.1566533000441268,improved,6,-0.4661047499976121,155181056,118595584
35,jsonschema,compact,100000,91848,2,READY,Preprocessed global MILP / Preprocessed component MILP,True,True,True,0.6482311361872397,0.15178169996943325,0.23414750001393259,0.14777220005635172,0.1566533000441268,0.22657220007386059,0.25385219999589026,regressed,6,0.08236580004449934,118595584,118272000
35,jsonschema,compact,100000,91848,2,READY,Maximal sharing / Preprocessed global MILP,True,True,False,0.4378271559013453,0.06645415001548827,0.15178169996943325,0.0647998999338597,0.07560119999106973,0.14777220005635172,0.1566533000441268,regressed,6,0.08532754995394498,116621312,118595584
36,matplotlib,fielded,100000,130113,2,READY,Global MILP baseline / Preprocessed global MILP,True,True,True,7.131845546587033,1.084856050030794,0.1521143500576727,1.0806883999612182,1.0921050000470132,0.1501535999123007,0.15575679996982217,improved,6,-0.9327416999731213,187109376,130777088
36,matplotlib,fielded,100000,130113,2,READY,Preprocessed global MILP / Preprocessed component MILP,True,True,True,0.7398730614896211,0.1521143500576727,0.20559520000824705,0.1501535999123007,0.15575679996982217,0.19207740004640073,0.21018309995997697,regressed,6,0.05348084995057434,130777088,130297856
36,matplotlib,fielded,100000,130113,2,READY,Maximal sharing / Preprocessed global MILP,True,True,False,0.4796897859556278,0.07296770001994446,0.1521143500576727,0.07097299990709871,0.07835189998149872,0.1501535999123007,0.15575679996982217,regressed,6,0.07914665003772825,127406080,130777088
37,pydantic,fielded,100000,106808,2,READY,Global MILP baseline / Preprocessed global MILP,True,True,True,12.777983530079997,2.2785310500185005,0.17831694998312742,2.2707236000569537,2.294846300035715,0.1756048999959603,0.18273779994342476,improved,6,-2.100214100035373,204423168,129277952
37,pydantic,fielded,100000,106808,2,READY,Preprocessed global MILP / Preprocessed component MILP,True,True,True,0.6689887712044125,0.17831694998312742,0.2665469999774359,0.1756048999959603,0.18273779994342476,0.2361394000472501,0.2757516000419855,regressed,6,0.0882300499943085,129277952,130072576
37,pydantic,fielded,100000,106808,2,READY,Maximal sharing / Preprocessed global MILP,True,True,False,0.4159713923046525,0.0741747499560006,0.17831694998312742,0.07286940002813935,0.07628949999343604,0.1756048999959603,0.18273779994342476,regressed,6,0.10414220002712682,127115264,129277952
38,aiohttp,fielded,100000,105182,2,READY,Global MILP baseline / Preprocessed global MILP,True,True,True,9.813044067592523,1.7746742999879643,0.18084849999286234,1.7663620999082923,1.8033423000015318,0.1729928000131622,0.1846486000576988,improved,6,-1.593825799995102,195760128,128143360
38,aiohttp,fielded,100000,105182,2,READY,Preprocessed global MILP / Preprocessed component MILP,True,True,True,0.7059510783370272,0.18084849999286234,0.256177100003697,0.1729928000131622,0.1846486000576988,0.2382795000448823,0.26630950008984655,regressed,6,0.07532860001083463,128143360,128471040
38,aiohttp,fielded,100000,105182,2,READY,Maximal sharing / Preprocessed global MILP,True,True,False,0.40925443124066097,0.07401305000530556,0.18084849999286234,0.07173850003164262,0.07672230002935976,0.1729928000131622,0.1846486000576988,regressed,6,0.10683544998755679,124940288,128143360
39,jsonschema,fielded,100000,101506,2,READY,Global MILP baseline / Preprocessed global MILP,True,True,True,8.086270411569934,1.3462867999332957,0.16649045003578067,1.335206300020218,1.3624668000265956,0.16294209996704012,0.1716406000778079,improved,6,-1.179796349897515,190779392,123977728
39,jsonschema,fielded,100000,101506,2,READY,Preprocessed global MILP / Preprocessed component MILP,True,True,True,0.6934960914744505,0.16649045003578067,0.24007410003105178,0.16294209996704012,0.1716406000778079,0.22639369999524206,0.251440400024876,regressed,6,0.07358364999527112,123977728,124129280
39,jsonschema,fielded,100000,101506,2,READY,Maximal sharing / Preprocessed global MILP,True,True,False,0.41911653188784304,0.0697789000114426,0.16649045003578067,0.0676685000071302,0.07163790008053184,0.16294209996704012,0.1716406000778079,regressed,6,0.09671155002433807,120860672,123977728
40,matplotlib,compact,100000,109859,32,READY,Global MILP baseline / Preprocessed global MILP,True,True,True,1.2891856109295892,0.360919049999211,0.27995895000640303,0.3564311999361962,0.37117600010242313,0.27855789999011904,0.2813373999670148,improved,6,-0.08096009999280795,184344576,142761984
40,matplotlib,compact,100000,109859,32,READY,Preprocessed global MILP / Preprocessed component MILP,True,True,True,0.8835796724699471,0.27995895000640303,0.31684630003292114,0.27855789999011904,0.2813373999670148,0.31579929997678846,0.3297829000512138,regressed,6,0.036887350026518106,142761984,142712832
40,matplotlib,compact,100000,109859,32,READY,Maximal sharing / Preprocessed global MILP,True,True,False,0.39830607312074207,0.11150935001205653,0.27995895000640303,0.11011549993418157,0.11395180004183203,0.27855789999011904,0.2813373999670148,regressed,6,0.1684495999943465,141168640,142761984
41,pydantic,compact,100000,100042,32,READY,Global MILP baseline / Preprocessed global MILP,True,True,True,2.0265523361979687,0.7186682500760071,0.35462604998610914,0.7121372000547126,0.7335822000168264,0.3440897000255063,0.3713687000563368,improved,6,-0.36404220008989796,173330432,131629056
41,pydantic,compact,100000,100042,32,READY,Preprocessed global MILP / Preprocessed component MILP,True,True,True,0.7797066245000345,0.35462604998610914,0.45481984998332337,0.3440897000255063,0.3713687000563368,0.4429209999507293,0.47140730009414256,regressed,6,0.10019379999721423,131629056,132288512
41,pydantic,compact,100000,100042,32,READY,Maximal sharing / Preprocessed global MILP,True,True,False,0.21999652855051963,0.07801649993052706,0.35462604998610914,0.07628120004665107,0.08615309989545494,0.3440897000255063,0.3713687000563368,regressed,6,0.2766095500555821,128700416,131629056
42,aiohttp,compact,100000,108915,32,READY,Global MILP baseline / Preprocessed global MILP,True,True,True,2.285400438438045,0.7450410000164993,0.3260002000024542,0.7445494999410585,0.7560891000321135,0.32415940007194877,0.3320937000680715,improved,6,-0.4190408000140451,181719040,135741440
42,aiohttp,compact,100000,108915,32,READY,Preprocessed global MILP / Preprocessed component MILP,True,True,True,0.7114507158360104,0.3260002000024542,0.45821895002154633,0.32415940007194877,0.3320937000680715,0.45110409997869283,0.5023564000148326,regressed,6,0.1322187500190921,135741440,137469952
42,aiohttp,compact,100000,108915,32,READY,Maximal sharing / Preprocessed global MILP,True,True,False,0.25174677806822887,0.08206950000021607,0.3260002000024542,0.08038980001583695,0.08442450000438839,0.32415940007194877,0.3320937000680715,regressed,6,0.24393070000223815,130379776,135741440
43,jsonschema,compact,100000,91848,32,READY,Global MILP baseline / Preprocessed global MILP,True,True,True,4.492765774322807,0.9631602499866858,0.21438025002134964,0.953092799987644,0.9750249999342486,0.21090940001886338,0.22147520002909005,improved,6,-0.7487799999653362,166825984,121618432
43,jsonschema,compact,100000,91848,32,READY,Preprocessed global MILP / Preprocessed component MILP,True,True,True,0.6233551460098435,0.21438025002134964,0.3439135000226088,0.21090940001886338,0.22147520002909005,0.3352483999915421,0.35970300005283207,regressed,6,0.12953325000125915,121618432,120709120
43,jsonschema,compact,100000,91848,32,READY,Maximal sharing / Preprocessed global MILP,True,True,False,0.3120387724496933,0.06689495005412027,0.21438025002134964,0.06268750003073364,0.07231180008966476,0.21090940001886338,0.22147520002909005,regressed,6,0.14748529996722937,116695040,121618432
44,matplotlib,fielded,100000,130113,32,READY,Global MILP baseline / Preprocessed global MILP,True,True,True,6.034052783747071,1.3177257999777794,0.2183815500466153,1.311576700070873,1.320028999936767,0.2135065000038594,0.2234728999901563,improved,6,-1.099344249931164,190955520,134225920
44,matplotlib,fielded,100000,130113,32,READY,Preprocessed global MILP / Preprocessed component MILP,True,True,True,0.8187857853416733,0.2183815500466153,0.2667138999677263,0.2135065000038594,0.2234728999901563,0.25151450000703335,0.2747050999896601,regressed,6,0.04833234992111102,134225920,134193152
44,matplotlib,fielded,100000,130113,32,READY,Maximal sharing / Preprocessed global MILP,True,True,False,0.3479069087109932,0.07597644999623299,0.2183815500466153,0.07314059999771416,0.09238259994890541,0.2135065000038594,0.2234728999901563,regressed,6,0.14240510005038232,127238144,134225920
45,pydantic,fielded,100000,106808,32,READY,Global MILP baseline / Preprocessed global MILP,True,True,True,10.864472725763747,3.226018849934917,0.29693284997483715,3.215099199907854,3.252013099961914,0.29017859988380224,0.30630569998174906,improved,6,-2.92908599996008,216604672,132775936
45,pydantic,fielded,100000,106808,32,READY,Preprocessed global MILP / Preprocessed component MILP,True,True,True,0.8684743303823302,0.29693284997483715,0.34190170001238585,0.29017859988380224,0.30630569998174906,0.32613870000932366,0.34580720006488264,regressed,6,0.04496885003754869,132775936,132825088
45,pydantic,fielded,100000,106808,32,READY,Maximal sharing / Preprocessed global MILP,True,True,False,0.2473951603791591,0.07345975004136562,0.29693284997483715,0.0703870999859646,0.08476709993556142,0.29017859988380224,0.30630569998174906,regressed,6,0.22347309993347153,127107072,132775936
46,aiohttp,fielded,100000,105182,32,READY,Global MILP baseline / Preprocessed global MILP,True,True,True,10.37897415298566,2.7006111500086263,0.26020019996212795,2.6754381000064313,2.7134475000202656,0.2584972999757156,0.2635436999844387,improved,6,-2.4404109500464983,208416768,131375104
46,aiohttp,fielded,100000,105182,32,READY,Preprocessed global MILP / Preprocessed component MILP,True,True,True,0.7293790107200425,0.26020019996212795,0.35674209997523576,0.2584972999757156,0.2635436999844387,0.3447126999963075,0.36529059999156743,regressed,6,0.0965419000131078,131375104,130674688
46,aiohttp,fielded,100000,105182,32,READY,Maximal sharing / Preprocessed global MILP,True,True,False,0.3012524587581048,0.07838595000794157,0.26020019996212795,0.07256690005306154,0.0894873000215739,0.2584972999757156,0.2635436999844387,regressed,6,0.18181424995418638,125784064,131375104
47,jsonschema,fielded,100000,101506,32,READY,Global MILP baseline / Preprocessed global MILP,True,True,True,10.312044884512874,2.5770042500807904,0.24990235001314431,2.5734563999576494,2.592554699978791,0.2434646999463439,0.25848650000989437,improved,6,-2.327101900067646,205131776,126083072
47,jsonschema,fielded,100000,101506,32,READY,Preprocessed global MILP / Preprocessed component MILP,True,True,True,0.6584920700512692,0.24990235001314431,0.3795069999760017,0.2434646999463439,0.25848650000989437,0.37601870007347316,0.3978018000489101,regressed,6,0.12960464996285737,126083072,124669952
47,jsonschema,fielded,100000,101506,32,READY,Maximal sharing / Preprocessed global MILP,True,True,False,0.27724709259439156,0.06928469997365028,0.24990235001314431,0.06771119998302311,0.07211110007483512,0.2434646999463439,0.25848650000989437,regressed,6,0.18061765003949404,119894016,126083072
56,matplotlib,compact,1000000,1004814,11/10,READY,Global MILP baseline / Preprocessed global MILP,True,True,True,6.834917050204207,23.563027950003743,3.4474490000284277,23.331190299941227,23.646918600075878,3.412486399989575,3.490621800068766,improved,6,-20.115578949975315,992968704,643305472
56,matplotlib,compact,1000000,1004814,11/10,READY,Preprocessed global MILP / Preprocessed component MILP,True,True,True,0.5675626114605022,3.4474490000284277,6.0741298500215635,3.412486399989575,3.490621800068766,6.029820499941707,6.1484807000961155,regressed,6,2.626680849993136,643305472,620367872
56,matplotlib,compact,1000000,1004814,11/10,READY,Maximal sharing / Preprocessed global MILP,True,True,False,0.5011893286699567,1.727824649948161,3.4474490000284277,1.7199049000628293,1.7816420999588445,3.412486399989575,3.490621800068766,regressed,6,1.7196243500802666,615112704,643305472
57,pydantic,compact,1000000,366328,11/10,READY,Global MILP baseline / Preprocessed global MILP,True,True,True,5.957068858258834,5.64432185003534,0.9474998500663787,5.6201321999542415,5.696019500028342,0.9363519999897107,0.9624869000399485,improved,6,-4.696821999968961,418811904,264495104
57,pydantic,compact,1000000,366328,11/10,READY,Preprocessed global MILP / Preprocessed component MILP,True,True,True,0.43069946744736304,0.9474998500663787,2.199909499962814,0.9363519999897107,0.9624869000399485,2.153908699983731,2.317432999960147,regressed,6,1.2524096498964354,264495104,270303232
57,pydantic,compact,1000000,366328,11/10,READY,Maximal sharing / Preprocessed global MILP,True,True,False,0.5162440394433514,0.48914114997023717,0.9474998500663787,0.4832683999557048,0.5056694999802858,0.9363519999897107,0.9624869000399485,regressed,6,0.45835870009614155,259735552,264495104
58,aiohttp,compact,1000000,231531,11/10,READY,Global MILP baseline / Preprocessed global MILP,True,True,True,3.949509463281699,2.085192100086715,0.5279622999951243,2.0579371000640094,2.0940918000414968,0.5270532000577077,0.564799000043422,improved,6,-1.5572298000915907,279363584,195784704
58,aiohttp,compact,1000000,231531,11/10,READY,Preprocessed global MILP / Preprocessed component MILP,True,True,True,0.4503748123830287,0.5279622999951243,1.1722731500049122,0.5270532000577077,0.564799000043422,1.1294726999476552,1.2319397000828758,regressed,6,0.6443108500097878,195784704,192770048
58,aiohttp,compact,1000000,231531,11/10,READY,Maximal sharing / Preprocessed global MILP,True,True,False,0.34646981425859763,0.18292300001485273,0.5279622999951243,0.18104119994677603,0.21352899994235486,0.5270532000577077,0.564799000043422,regressed,6,0.3450392999802716,191852544,195784704
59,jsonschema,compact,1000000,91848,11/10,ALIAS_IDENTICAL_PREFIX,Global MILP baseline / Preprocessed global MILP,False,True,False,,,,,,,,,,,,
59,jsonschema,compact,1000000,91848,11/10,ALIAS_IDENTICAL_PREFIX,Preprocessed global MILP / Preprocessed component MILP,False,True,False,,,,,,,,,,,,
59,jsonschema,compact,1000000,91848,11/10,ALIAS_IDENTICAL_PREFIX,Maximal sharing / Preprocessed global MILP,False,True,False,,,,,,,,,,,,
60,matplotlib,fielded,1000000,1011144,11/10,READY,Global MILP baseline / Preprocessed global MILP,False,True,False,,,,,,,,,,,,
60,matplotlib,fielded,1000000,1011144,11/10,READY,Preprocessed global MILP / Preprocessed component MILP,True,True,True,0.47777150673607366,2.5049040999729186,5.242891350062564,2.474169100052677,2.512920100009069,5.080677599995397,5.304467699956149,regressed,6,2.7379872500896454,592941056,591937536
60,matplotlib,fielded,1000000,1011144,11/10,READY,Maximal sharing / Preprocessed global MILP,True,True,False,0.40100153936329014,1.0044704000465572,2.5049040999729186,0.9897593000205234,1.018705299939029,2.474169100052677,2.512920100009069,regressed,6,1.5004336999263614,588193792,592941056
61,pydantic,fielded,1000000,668703,11/10,READY,Global MILP baseline / Preprocessed global MILP,False,True,True,,,,,,,,,,,,
61,pydantic,fielded,1000000,668703,11/10,READY,Preprocessed global MILP / Preprocessed component MILP,True,True,True,0.4349046107667799,1.5029838000191376,3.4558930000057444,1.5004553999751806,1.5269545000046492,3.3553298000479117,3.586909200064838,regressed,6,1.9529091999866068,391839744,387518464
61,pydantic,fielded,1000000,668703,11/10,READY,Maximal sharing / Preprocessed global MILP,True,True,False,0.39780445400504155,0.5978936499450356,1.5029838000191376,0.5918733000289649,0.6181972000049427,1.5004553999751806,1.5269545000046492,regressed,6,0.905090150074102,388538368,391839744
62,aiohttp,fielded,1000000,426119,11/10,READY,Global MILP baseline / Preprocessed global MILP,True,True,True,14.029530644193635,11.275401899998542,0.8036905999178998,11.167113800067455,11.36486650002189,0.8018854999681935,0.8120884000090882,improved,6,-10.471711300080642,503103488,276131840
62,aiohttp,fielded,1000000,426119,11/10,READY,Preprocessed global MILP / Preprocessed component MILP,True,True,True,0.4119860164511706,0.8036905999178998,1.9507715500658378,0.8018854999681935,0.8120884000090882,1.8689012000104412,1.98305869998876,regressed,6,1.147080950147938,276131840,275849216
62,aiohttp,fielded,1000000,426119,11/10,READY,Maximal sharing / Preprocessed global MILP,True,True,False,0.42390846679933264,0.34069124999223277,0.8036905999178998,0.3381432000314817,0.3450093000428751,0.8018854999681935,0.8120884000090882,regressed,6,0.46299934992566705,273494016,276131840
63,jsonschema,fielded,1000000,167196,11/10,READY,Global MILP baseline / Preprocessed global MILP,True,True,True,8.836442199211321,2.4306945000425912,0.2750761500210501,2.4196567999897525,2.455730800051242,0.26998839993029833,0.27951719996053725,improved,6,-2.155618350021541,239349760,153251840
63,jsonschema,fielded,1000000,167196,11/10,READY,Preprocessed global MILP / Preprocessed component MILP,True,True,True,0.38217558316663025,0.2750761500210501,0.7197638000361621,0.26998839993029833,0.27951719996053725,0.7007066999794915,0.7421911999117583,regressed,6,0.444687650015112,153251840,152317952
63,jsonschema,fielded,1000000,167196,11/10,READY,Maximal sharing / Preprocessed global MILP,True,True,False,0.44116565516952067,0.12135414994554594,0.2750761500210501,0.11763680004514754,0.12607399991247803,0.26998839993029833,0.27951719996053725,regressed,6,0.15372200007550418,151031808,153251840
64,matplotlib,compact,1000000,1004814,5/4,READY,Global MILP baseline / Preprocessed global MILP,True,True,True,4.714015101282884,16.14712734997738,3.4253448499948718,16.112039100029506,16.178902699961327,3.402381099993363,3.4436195000307634,improved,6,-12.72178249998251,995172352,641687552
64,matplotlib,compact,1000000,1004814,5/4,READY,Preprocessed global MILP / Preprocessed component MILP,True,True,True,0.5607930013125482,3.4253448499948718,6.10803780000424,3.402381099993363,3.4436195000307634,6.064934200025164,6.150413200026378,regressed,6,2.6826929500093684,641687552,619331584
64,matplotlib,compact,1000000,1004814,5/4,READY,Maximal sharing / Preprocessed global MILP,True,True,False,0.5055369096638461,1.7316382499993779,3.4253448499948718,1.7257381998933852,1.7474026000127196,3.402381099993363,3.4436195000307634,regressed,6,1.6937065999954939,618823680,641687552
65,pydantic,compact,1000000,366328,5/4,READY,Global MILP baseline / Preprocessed global MILP,True,True,True,6.019212226750782,5.717902200005483,0.9499419499770738,5.688569200108759,5.784266300033778,0.9326827001059428,0.9626157999737188,improved,6,-4.767960250028409,418639872,260628480
65,pydantic,compact,1000000,366328,5/4,READY,Preprocessed global MILP / Preprocessed component MILP,True,True,True,0.433947171598612,0.9499419499770738,2.189072799985297,0.9326827001059428,0.9626157999737188,2.117048899992369,2.2656577000161633,regressed,6,1.2391308500082232,260628480,261640192
65,pydantic,compact,1000000,366328,5/4,READY,Maximal sharing / Preprocessed global MILP,True,True,False,0.5147405060330329,0.488973600033205,0.9499419499770738,0.48690629994962364,0.5000074999406934,0.9326827001059428,0.9626157999737188,regressed,6,0.4609683499438688,257089536,260628480
66,aiohttp,compact,1000000,231531,5/4,READY,Global MILP baseline / Preprocessed global MILP,False,False,True,,,,,,,,,,,,
66,aiohttp,compact,1000000,231531,5/4,READY,Preprocessed global MILP / Preprocessed component MILP,False,False,True,,,,,,,,,,,,
66,aiohttp,compact,1000000,231531,5/4,READY,Maximal sharing / Preprocessed global MILP,False,False,False,,,,,,,,,,,,
67,jsonschema,compact,1000000,91848,5/4,ALIAS_IDENTICAL_PREFIX,Global MILP baseline / Preprocessed global MILP,False,True,False,,,,,,,,,,,,
67,jsonschema,compact,1000000,91848,5/4,ALIAS_IDENTICAL_PREFIX,Preprocessed global MILP / Preprocessed component MILP,False,True,False,,,,,,,,,,,,
67,jsonschema,compact,1000000,91848,5/4,ALIAS_IDENTICAL_PREFIX,Maximal sharing / Preprocessed global MILP,False,True,False,,,,,,,,,,,,
68,matplotlib,fielded,1000000,1011144,5/4,READY,Global MILP baseline / Preprocessed global MILP,False,True,False,,,,,,,,,,,,
68,matplotlib,fielded,1000000,1011144,5/4,READY,Preprocessed global MILP / Preprocessed component MILP,True,True,True,0.507004378681488,2.698812699993141,5.32305600005202,2.631220899987966,2.8187827998772264,5.081419399939477,5.587292399955913,regressed,6,2.624243300058879,590508032,603344896
68,matplotlib,fielded,1000000,1011144,5/4,READY,Maximal sharing / Preprocessed global MILP,True,True,False,0.41050386709560144,1.1078730499139056,2.698812699993141,1.0159209000412375,1.189926200080663,2.631220899987966,2.8187827998772264,regressed,6,1.5909396500792354,585605120,590508032
69,pydantic,fielded,1000000,668703,5/4,READY,Global MILP baseline / Preprocessed global MILP,False,True,True,,,,,,,,,,,,
69,pydantic,fielded,1000000,668703,5/4,READY,Preprocessed global MILP / Preprocessed component MILP,True,True,True,0.4465840958950729,1.8292707999935374,4.0961396001512185,1.7950013000518084,2.051022400148213,3.9976168000139296,4.463110700016841,regressed,6,2.266868800157681,390635520,389201920
69,pydantic,fielded,1000000,668703,5/4,READY,Maximal sharing / Preprocessed global MILP,True,True,False,0.4506557203016256,0.8243713499978185,1.8292707999935374,0.7077314001508057,0.8593510999344289,1.7950013000518084,2.051022400148213,regressed,6,1.004899449995719,393011200,390635520
70,aiohttp,fielded,1000000,426119,5/4,READY,Global MILP baseline / Preprocessed global MILP,True,True,True,12.510364875828351,11.859792749979533,0.9479973500128835,11.668710799887776,12.151348800165579,0.9325190999079496,0.9632304001133889,improved,6,-10.91179539996665,500576256,277434368
70,aiohttp,fielded,1000000,426119,5/4,READY,Preprocessed global MILP / Preprocessed component MILP,True,True,True,0.43661586479169034,0.9479973500128835,2.1712389000458643,0.9325190999079496,0.9632304001133889,2.0556342001073062,2.345113300019875,regressed,6,1.2232415500329807,277434368,275333120
70,aiohttp,fielded,1000000,426119,5/4,READY,Maximal sharing / Preprocessed global MILP,True,True,False,0.4692595396142081,0.444856800022535,0.9479973500128835,0.41281450004316866,0.4586861999705434,0.9325190999079496,0.9632304001133889,regressed,6,0.5031405499903485,273891328,277434368
71,jsonschema,fielded,1000000,167196,5/4,READY,Global MILP baseline / Preprocessed global MILP,True,True,True,8.663334958070525,2.7550683000590652,0.31801474990788847,2.6790779000148177,2.829458500025794,0.31260099983774126,0.332519699819386,improved,6,-2.4370535501511768,243130368,153432064
71,jsonschema,fielded,1000000,167196,5/4,READY,Preprocessed global MILP / Preprocessed component MILP,True,True,True,0.39307582073982344,0.31801474990788847,0.8090417500352487,0.31260099983774126,0.332519699819386,0.7542846000287682,0.8181001998018473,regressed,6,0.4910270001273602,153432064,153448448
71,jsonschema,fielded,1000000,167196,5/4,READY,Maximal sharing / Preprocessed global MILP,True,True,False,0.45241973857903545,0.14387615001760423,0.31801474990788847,0.1394809999037534,0.14623870002105832,0.31260099983774126,0.332519699819386,regressed,6,0.17413859989028424,151556096,153432064
72,matplotlib,compact,1000000,1004814,3/2,READY,Global MILP baseline / Preprocessed global MILP,True,True,True,6.4359379954075795,25.09820230002515,3.8996960999211296,24.189364599995315,26.474793900037184,3.7547522999811918,4.11827479978092,improved,6,-21.19850620010402,1032040448,640368640
72,matplotlib,compact,1000000,1004814,3/2,READY,Preprocessed global MILP / Preprocessed component MILP,True,True,True,0.5796852988020101,3.8996960999211296,6.727264099987224,3.7547522999811918,4.11827479978092,6.702585499966517,6.977023500017822,regressed,6,2.827568000066094,640368640,617369600
72,matplotlib,compact,1000000,1004814,3/2,READY,Maximal sharing / Preprocessed global MILP,True,True,False,0.5264136736458622,2.0528533500619233,3.8996960999211296,1.9988450000528246,2.1610590000636876,3.7547522999811918,4.11827479978092,regressed,6,1.8468427498592064,637210624,640368640
73,pydantic,compact,1000000,366328,3/2,READY,Global MILP baseline / Preprocessed global MILP,True,True,True,5.929059805674651,6.8223491499666125,1.1506628999486566,6.725924000144005,6.951347299851477,1.0738790999166667,1.18096820008941,improved,6,-5.671686250017956,419926016,266825728
73,pydantic,compact,1000000,366328,3/2,READY,Preprocessed global MILP / Preprocessed component MILP,True,True,True,0.45082848131865705,1.1506628999486566,2.552329650032334,1.0738790999166667,1.18096820008941,2.446080199908465,2.6483682999387383,regressed,6,1.4016667500836775,266825728,265330688
73,pydantic,compact,1000000,366328,3/2,READY,Maximal sharing / Preprocessed global MILP,True,True,False,0.5425594238552923,0.6243030000478029,1.1506628999486566,0.5837971998844296,0.6838901001028717,1.0738790999166667,1.18096820008941,regressed,6,0.5263598999008536,258772992,266825728
74,aiohttp,compact,1000000,231531,3/2,READY,Global MILP baseline / Preprocessed global MILP,True,True,True,3.871660337501646,2.5780366000253707,0.6658736498793587,2.413265199866146,2.6355634999927133,0.6124052000232041,0.715776699827984,improved,6,-1.912162950146012,281288704,199774208
74,aiohttp,compact,1000000,231531,3/2,READY,Preprocessed global MILP / Preprocessed component MILP,True,True,True,0.4666467193788129,0.6658736498793587,1.4269330999813974,0.6124052000232041,0.715776699827984,1.3072424000129104,1.5338494000025094,regressed,6,0.7610594501020387,199774208,200232960
74,aiohttp,compact,1000000,231531,3/2,READY,Maximal sharing / Preprocessed global MILP,True,True,False,0.35620579084442244,0.23718805005773902,0.6658736498793587,0.21891129994764924,0.2670642000157386,0.6124052000232041,0.715776699827984,regressed,6,0.4286855998216197,190324736,199774208
75,jsonschema,compact,1000000,91848,3/2,ALIAS_IDENTICAL_PREFIX,Global MILP baseline / Preprocessed global MILP,False,True,False,,,,,,,,,,,,
75,jsonschema,compact,1000000,91848,3/2,ALIAS_IDENTICAL_PREFIX,Preprocessed global MILP / Preprocessed component MILP,False,True,False,,,,,,,,,,,,
75,jsonschema,compact,1000000,91848,3/2,ALIAS_IDENTICAL_PREFIX,Maximal sharing / Preprocessed global MILP,False,True,False,,,,,,,,,,,,
76,matplotlib,fielded,1000000,1011144,3/2,READY,Global MILP baseline / Preprocessed global MILP,False,True,False,,,,,,,,,,,,
76,matplotlib,fielded,1000000,1011144,3/2,READY,Preprocessed global MILP / Preprocessed component MILP,True,True,True,0.50830672443088,3.024453450110741,5.950055949972011,2.846784899942577,3.1343831000849605,5.895764900138602,6.3636327998247,regressed,6,2.92560249986127,590389248,602701824
76,matplotlib,fielded,1000000,1011144,3/2,READY,Maximal sharing / Preprocessed global MILP,True,True,False,0.41607844880622114,1.2584099000087008,3.024453450110741,1.207167600048706,1.3182530000340194,2.846784899942577,3.1343831000849605,regressed,6,1.7660435501020402,587718656,590389248
77,pydantic,fielded,1000000,668703,3/2,READY,Global MILP baseline / Preprocessed global MILP,False,True,True,,,,,,,,,,,,
77,pydantic,fielded,1000000,668703,3/2,READY,Preprocessed global MILP / Preprocessed component MILP,True,True,True,0.44328163817998484,1.6914010000182316,3.8156351500656456,1.5974640001077205,1.8081890000030398,3.526844499865547,4.093061099993065,regressed,6,2.124234150047414,393515008,390656000
77,pydantic,fielded,1000000,668703,3/2,READY,Maximal sharing / Preprocessed global MILP,True,True,False,0.4215603809508454,0.7130276499083266,1.6914010000182316,0.6387889999896288,0.7855336000211537,1.5974640001077205,1.8081890000030398,regressed,6,0.978373350109905,391524352,393515008
78,aiohttp,fielded,1000000,426119,3/2,READY,Global MILP baseline / Preprocessed global MILP,True,True,True,12.319613673093016,9.930029949988239,0.8060341998934746,9.888613800052553,10.217008299892768,0.7990766000002623,0.8428418000694364,improved,6,-9.123995750094764,491749376,276496384
78,aiohttp,fielded,1000000,426119,3/2,READY,Preprocessed global MILP / Preprocessed component MILP,True,True,True,0.4200602791668689,0.8060341998934746,1.9188536499859765,0.7990766000002623,0.8428418000694364,1.8167379000224173,2.0735788999591023,regressed,6,1.112819450092502,276496384,277368832
78,aiohttp,fielded,1000000,426119,3/2,READY,Maximal sharing / Preprocessed global MILP,True,True,False,0.42624432071585133,0.3435675000073388,0.8060341998934746,0.3397470999043435,0.36953190015628934,0.7990766000002623,0.8428418000694364,regressed,6,0.46246669988613576,272678912,276496384
79,jsonschema,fielded,1000000,167196,3/2,READY,Global MILP baseline / Preprocessed global MILP,True,True,True,10.125237744361815,2.7363090498838574,0.27024640003219247,2.7221415999811143,2.763192299986258,0.2676734998822212,0.274294100003317,improved,6,-2.466062649851665,246759424,153518080
79,jsonschema,fielded,1000000,167196,3/2,READY,Preprocessed global MILP / Preprocessed component MILP,True,True,True,0.3818782273218501,0.27024640003219247,0.7076768998522311,0.2676734998822212,0.274294100003317,0.654716799966991,0.7316604999359697,regressed,6,0.4374304998200387,153518080,152838144
79,jsonschema,fielded,1000000,167196,3/2,READY,Maximal sharing / Preprocessed global MILP,True,True,False,0.4438159025577207,0.11993964994326234,0.27024640003219247,0.1182113999966532,0.12264419998973608,0.2676734998822212,0.274294100003317,regressed,6,0.15030675008893013,150466560,153518080
80,matplotlib,compact,1000000,1004814,2,READY,Global MILP baseline / Preprocessed global MILP,True,True,True,4.902444491896424,16.542310849996284,3.3742984499549493,16.530434700194746,16.569132500095293,3.3619034998118877,3.432305700145662,improved,6,-13.168012400041334,982708224,622821376
80,matplotlib,compact,1000000,1004814,2,READY,Preprocessed global MILP / Preprocessed component MILP,True,True,True,0.746468981961948,3.3742984499549493,4.520346499979496,3.3619034998118877,3.432305700145662,4.466517399996519,4.571671799989417,regressed,6,1.1460480500245467,622821376,642068480
80,matplotlib,compact,1000000,1004814,2,READY,Maximal sharing / Preprocessed global MILP,True,True,False,0.5087493223886759,1.7166720499517396,3.3742984499549493,1.7029601000249386,1.738672100007534,3.3619034998118877,3.432305700145662,regressed,6,1.6576264000032097,618639360,622821376
81,pydantic,compact,1000000,366328,2,READY,Global MILP baseline / Preprocessed global MILP,True,True,True,6.975969461015857,6.4976666499860585,0.9314356500981376,6.481487599899992,6.549059800105169,0.9284359000157565,0.9393994000274688,improved,6,-5.566230999887921,428101632,256847872
81,pydantic,compact,1000000,366328,2,READY,Preprocessed global MILP / Preprocessed component MILP,True,True,True,0.6474336847549432,0.9314356500981376,1.4386580000864342,0.9284359000157565,0.9393994000274688,1.4209888998884708,1.5001371998805553,regressed,6,0.5072223499882966,256847872,257654784
81,pydantic,compact,1000000,366328,2,READY,Maximal sharing / Preprocessed global MILP,True,True,False,0.5280035716653503,0.4918013500282541,0.9314356500981376,0.48492640000768006,0.5045702999923378,0.9284359000157565,0.9393994000274688,regressed,6,0.43963430006988347,266158080,256847872
82,aiohttp,compact,1000000,231531,2,READY,Global MILP baseline / Preprocessed global MILP,True,True,True,4.176928137289977,2.195798799977638,0.5256970500340685,2.178992100059986,2.2132227001711726,0.522071200190112,0.5297785000875592,improved,6,-1.6701017499435693,283557888,194609152
82,aiohttp,compact,1000000,231531,2,READY,Preprocessed global MILP / Preprocessed component MILP,True,True,True,0.6367221283499452,0.5256970500340685,0.8256302500376478,0.522071200190112,0.5297785000875592,0.8007988000754267,0.8553297000471503,regressed,6,0.29993320000357926,194609152,195813376
82,aiohttp,compact,1000000,231531,2,READY,Maximal sharing / Preprocessed global MILP,True,True,False,0.3476579333038662,0.1827627499587834,0.5256970500340685,0.1794049998279661,0.18756210012361407,0.522071200190112,0.5297785000875592,regressed,6,0.34293430007528514,191041536,194609152
83,jsonschema,compact,1000000,91848,2,ALIAS_IDENTICAL_PREFIX,Global MILP baseline / Preprocessed global MILP,False,True,False,,,,,,,,,,,,
83,jsonschema,compact,1000000,91848,2,ALIAS_IDENTICAL_PREFIX,Preprocessed global MILP / Preprocessed component MILP,False,True,False,,,,,,,,,,,,
83,jsonschema,compact,1000000,91848,2,ALIAS_IDENTICAL_PREFIX,Maximal sharing / Preprocessed global MILP,False,True,False,,,,,,,,,,,,
84,matplotlib,fielded,1000000,1011144,2,READY,Global MILP baseline / Preprocessed global MILP,False,True,False,,,,,,,,,,,,
84,matplotlib,fielded,1000000,1011144,2,READY,Preprocessed global MILP / Preprocessed component MILP,True,True,True,0.7793125254326522,2.4698875000467524,3.1693158000707626,2.4611171998549253,2.500369600020349,3.1379999998025596,3.207516700029373,regressed,6,0.6994283000240102,589488128,588091392
84,matplotlib,fielded,1000000,1011144,2,READY,Maximal sharing / Preprocessed global MILP,True,True,False,0.4020419958344441,0.9929985000053421,2.4698875000467524,0.9794000000692904,1.0112727999221534,2.4611171998549253,2.500369600020349,regressed,6,1.4768890000414103,586022912,589488128
85,pydantic,fielded,1000000,668703,2,READY,Global MILP baseline / Preprocessed global MILP,False,True,True,,,,,,,,,,,,
85,pydantic,fielded,1000000,668703,2,READY,Preprocessed global MILP / Preprocessed component MILP,True,True,True,0.7058149499181932,1.4958635499933735,2.1193424001103267,1.489260499831289,1.5124925000127405,1.9839469001162797,2.174847000045702,regressed,6,0.6234788501169533,390029312,391172096
85,pydantic,fielded,1000000,668703,2,READY,Maximal sharing / Preprocessed global MILP,True,True,False,0.4007405288166464,0.5994531500618905,1.4958635499933735,0.5882017998956144,0.6079160999506712,1.489260499831289,1.5124925000127405,regressed,6,0.896410399931483,388775936,390029312
86,aiohttp,fielded,1000000,426119,2,READY,Global MILP baseline / Preprocessed global MILP,True,True,True,15.037277818052557,11.9698174999794,0.7960095999296755,11.9072553999722,12.081159200053662,0.7930449000559747,0.8133894000202417,improved,6,-11.173807900049724,506314752,274567168
86,aiohttp,fielded,1000000,426119,2,READY,Preprocessed global MILP / Preprocessed component MILP,True,True,True,0.7395755824679228,0.7960095999296755,1.0763059500604868,0.7930449000559747,0.8133894000202417,1.0524649999570101,1.087161400122568,regressed,6,0.28029635013081133,274567168,278986752
86,aiohttp,fielded,1000000,426119,2,READY,Maximal sharing / Preprocessed global MILP,True,True,False,0.43184215370540296,0.34375050000380725,0.7960095999296755,0.3387094000354409,0.35428400011733174,0.7930449000559747,0.8133894000202417,regressed,6,0.4522590999258682,271015936,274567168
87,jsonschema,fielded,1000000,167196,2,READY,Global MILP baseline / Preprocessed global MILP,True,True,True,9.46172026880811,2.5328755500959232,0.26769715000409633,2.504068600013852,2.538895000005141,0.26457319990731776,0.2700169999152422,improved,6,-2.265178400091827,249155584,152821760
87,jsonschema,fielded,1000000,167196,2,READY,Preprocessed global MILP / Preprocessed component MILP,True,True,True,0.6094802855030332,0.26769715000409633,0.43922200007364154,0.26457319990731776,0.2700169999152422,0.40625949995592237,0.4522339999675751,regressed,6,0.1715248500695452,152821760,152203264
87,jsonschema,fielded,1000000,167196,2,READY,Maximal sharing / Preprocessed global MILP,True,True,False,0.4474272509440764,0.11977499991189688,0.26769715000409633,0.11728319991379976,0.12285599997267127,0.26457319990731776,0.2700169999152422,regressed,6,0.14792215009219944,149581824,152821760
88,matplotlib,compact,1000000,1004814,32,READY,Global MILP baseline / Preprocessed global MILP,True,True,True,2.0202252180340743,15.623074750066735,7.733333199983463,15.59153339988552,15.695902799954638,7.702508999966085,7.785388499964029,improved,6,-7.889741550083272,994471936,669728768
88,matplotlib,compact,1000000,1004814,32,READY,Preprocessed global MILP / Preprocessed component MILP,True,True,True,0.846279938369422,7.733333199983463,9.138032049871981,7.702508999966085,7.785388499964029,9.049360000062734,9.251387600088492,regressed,6,1.4046988498885185,669728768,644792320
88,matplotlib,compact,1000000,1004814,32,READY,Maximal sharing / Preprocessed global MILP,True,True,False,0.22298052538801647,1.724382699932903,7.733333199983463,1.7202461999841034,1.7558693001046777,7.702508999966085,7.785388499964029,regressed,6,6.00895050005056,637415424,669728768
89,pydantic,compact,1000000,366328,32,READY,Global MILP baseline / Preprocessed global MILP,True,True,True,5.2139839683533555,8.234429500065744,1.5792970500187948,8.2193397001829,8.333793200086802,1.572047600056976,1.5868083001114428,improved,6,-6.655132450046949,448454656,283176960
89,pydantic,compact,1000000,366328,32,READY,Preprocessed global MILP / Preprocessed component MILP,True,True,True,0.6761627544081761,1.5792970500187948,2.3356759001035243,1.572047600056976,1.5868083001114428,2.2966134999878705,2.3743024999275804,regressed,6,0.7563788500847295,283176960,271589376
89,pydantic,compact,1000000,366328,32,READY,Maximal sharing / Preprocessed global MILP,True,True,False,0.31000985541167836,0.4895976501284167,1.5792970500187948,0.4875896000303328,0.49359750002622604,1.572047600056976,1.5868083001114428,regressed,6,1.0896993998903781,257581056,283176960
90,aiohttp,compact,1000000,231531,32,READY,Global MILP baseline / Preprocessed global MILP,True,True,True,3.924174726900516,3.7535702500026673,0.95652475010138,3.731381099903956,3.8114973998162895,0.954428100027144,0.9664944999385625,improved,6,-2.7970454999012873,293552128,208502784
90,aiohttp,compact,1000000,231531,32,READY,Preprocessed global MILP / Preprocessed component MILP,True,True,True,0.7445888512963484,0.95652475010138,1.284634800045751,0.954428100027144,0.9664944999385625,1.27561130002141,1.30548350000754,regressed,6,0.328110049944371,208502784,196968448
90,aiohttp,compact,1000000,231531,32,READY,Maximal sharing / Preprocessed global MILP,True,True,False,0.19484953205669678,0.18637839995790273,0.95652475010138,0.18289649998769164,0.19267149991355836,0.954428100027144,0.9664944999385625,regressed,6,0.7701463501434773,188850176,208502784
91,jsonschema,compact,1000000,91848,32,ALIAS_IDENTICAL_PREFIX,Global MILP baseline / Preprocessed global MILP,False,True,False,,,,,,,,,,,,
91,jsonschema,compact,1000000,91848,32,ALIAS_IDENTICAL_PREFIX,Preprocessed global MILP / Preprocessed component MILP,False,True,False,,,,,,,,,,,,
91,jsonschema,compact,1000000,91848,32,ALIAS_IDENTICAL_PREFIX,Maximal sharing / Preprocessed global MILP,False,True,False,,,,,,,,,,,,
92,matplotlib,fielded,1000000,1011144,32,READY,Global MILP baseline / Preprocessed global MILP,False,True,True,,,,,,,,,,,,
92,matplotlib,fielded,1000000,1011144,32,READY,Preprocessed global MILP / Preprocessed component MILP,True,True,True,0.8519275084761155,6.08162185002584,7.138661200064234,6.071941500063986,6.113510499941185,7.010753200156614,7.227551999967545,regressed,6,1.0570393500383943,612753408,608944128
92,matplotlib,fielded,1000000,1011144,32,READY,Maximal sharing / Preprocessed global MILP,True,True,False,0.1654730472914094,1.0063444999977946,6.08162185002584,0.9951686002314091,1.0301692998036742,6.071941500063986,6.113510499941185,regressed,6,5.0752773500280455,587345920,612753408
93,pydantic,fielded,1000000,668703,32,READY,Global MILP baseline / Preprocessed global MILP,False,False,False,,,,,,,,,,,,
93,pydantic,fielded,1000000,668703,32,READY,Preprocessed global MILP / Preprocessed component MILP,False,False,True,,,,,,,,,,,,
93,pydantic,fielded,1000000,668703,32,READY,Maximal sharing / Preprocessed global MILP,False,False,False,,,,,,,,,,,,
94,aiohttp,fielded,1000000,426119,32,READY,Global MILP baseline / Preprocessed global MILP,False,True,False,,,,,,,,,,,,
94,aiohttp,fielded,1000000,426119,32,READY,Preprocessed global MILP / Preprocessed component MILP,True,True,True,0.8439302227246587,1.9867628500001047,2.354179049999857,1.9142514000004667,2.3010259000002407,2.2640887999996266,2.430836900000031,unresolved,6,0.3674161999997523,283901952,283168768
94,aiohttp,fielded,1000000,426119,32,READY,Maximal sharing / Preprocessed global MILP,True,True,False,0.18582152369105587,0.36918329999980415,1.9867628500001047,0.3547318999999334,0.3863080999999511,1.9142514000004667,2.3010259000002407,regressed,6,1.6175795500003005,276193280,283901952
95,jsonschema,fielded,1000000,167196,32,READY,Global MILP baseline / Preprocessed global MILP,True,True,True,12.628025136866913,5.252890349999689,0.4159708499996668,5.217928699999902,6.1552787999999055,0.4015734999993583,0.48158019999937096,improved,6,-4.836919500000022,267915264,157696000
95,jsonschema,fielded,1000000,167196,32,READY,Preprocessed global MILP / Preprocessed component MILP,True,True,True,0.7966996129510855,0.4159708499996668,0.5221175499996207,0.4015734999993583,0.48158019999937096,0.5069320000002335,0.5958224999994854,regressed,6,0.10614669999995385,157696000,158593024
95,jsonschema,fielded,1000000,167196,32,READY,Maximal sharing / Preprocessed global MILP,True,True,False,0.31261890106013174,0.13004034999994474,0.4159708499996668,0.12457899999935762,0.1484841999999844,0.4015734999993583,0.48158019999937096,regressed,6,0.2859304999997221,148635648,157696000
104,matplotlib,compact,10000000,1856156,11/10,READY,Global MILP baseline / Preprocessed global MILP,False,True,False,,,,,,,,,,,,
104,matplotlib,compact,10000000,1856156,11/10,READY,Preprocessed global MILP / Preprocessed component MILP,True,True,True,0.6085783554038445,8.601709949999986,14.134104299999308,8.369561199999225,8.909197999999378,13.956341400000383,14.788272299999335,regressed,6,5.532394349999322,1054236672,1053204480
104,matplotlib,compact,10000000,1856156,11/10,READY,Maximal sharing / Preprocessed global MILP,True,True,False,0.5100795045990439,4.38755595000066,8.601709949999986,4.211227700000563,4.672861999999441,8.369561199999225,8.909197999999378,regressed,6,4.214153999999326,1015459840,1054236672
105,pydantic,compact,10000000,366328,11/10,ALIAS_IDENTICAL_PREFIX,Global MILP baseline / Preprocessed global MILP,False,True,False,,,,,,,,,,,,
105,pydantic,compact,10000000,366328,11/10,ALIAS_IDENTICAL_PREFIX,Preprocessed global MILP / Preprocessed component MILP,False,True,False,,,,,,,,,,,,
105,pydantic,compact,10000000,366328,11/10,ALIAS_IDENTICAL_PREFIX,Maximal sharing / Preprocessed global MILP,False,True,False,,,,,,,,,,,,
106,aiohttp,compact,10000000,231531,11/10,ALIAS_IDENTICAL_PREFIX,Global MILP baseline / Preprocessed global MILP,False,True,False,,,,,,,,,,,,
106,aiohttp,compact,10000000,231531,11/10,ALIAS_IDENTICAL_PREFIX,Preprocessed global MILP / Preprocessed component MILP,False,True,False,,,,,,,,,,,,
106,aiohttp,compact,10000000,231531,11/10,ALIAS_IDENTICAL_PREFIX,Maximal sharing / Preprocessed global MILP,False,True,False,,,,,,,,,,,,
107,jsonschema,compact,10000000,91848,11/10,ALIAS_IDENTICAL_PREFIX,Global MILP baseline / Preprocessed global MILP,False,True,False,,,,,,,,,,,,
107,jsonschema,compact,10000000,91848,11/10,ALIAS_IDENTICAL_PREFIX,Preprocessed global MILP / Preprocessed component MILP,False,True,False,,,,,,,,,,,,
107,jsonschema,compact,10000000,91848,11/10,ALIAS_IDENTICAL_PREFIX,Maximal sharing / Preprocessed global MILP,False,True,False,,,,,,,,,,,,
108,matplotlib,fielded,10000000,3373699,11/10,READY,Global MILP baseline / Preprocessed global MILP,False,True,False,,,,,,,,,,,,
108,matplotlib,fielded,10000000,3373699,11/10,READY,Preprocessed global MILP / Preprocessed component MILP,True,True,True,0.628744161809882,17.698516550000022,28.148995449999347,17.45183779999934,20.352128300000913,27.330204799998683,29.16909680000026,regressed,6,10.450478899999325,1656520704,1656475648
108,matplotlib,fielded,10000000,3373699,11/10,READY,Maximal sharing / Preprocessed global MILP,True,True,False,0.2524679307091529,4.468307850000201,17.698516550000022,4.389760599999136,4.709549600000173,17.45183779999934,20.352128300000913,regressed,6,13.230208699999821,1637724160,1656520704
109,pydantic,fielded,10000000,668703,11/10,ALIAS_IDENTICAL_PREFIX,Global MILP baseline / Preprocessed global MILP,False,True,False,,,,,,,,,,,,
109,pydantic,fielded,10000000,668703,11/10,ALIAS_IDENTICAL_PREFIX,Preprocessed global MILP / Preprocessed component MILP,False,True,False,,,,,,,,,,,,
109,pydantic,fielded,10000000,668703,11/10,ALIAS_IDENTICAL_PREFIX,Maximal sharing / Preprocessed global MILP,False,True,False,,,,,,,,,,,,
110,aiohttp,fielded,10000000,426119,11/10,ALIAS_IDENTICAL_PREFIX,Global MILP baseline / Preprocessed global MILP,False,True,False,,,,,,,,,,,,
110,aiohttp,fielded,10000000,426119,11/10,ALIAS_IDENTICAL_PREFIX,Preprocessed global MILP / Preprocessed component MILP,False,True,False,,,,,,,,,,,,
110,aiohttp,fielded,10000000,426119,11/10,ALIAS_IDENTICAL_PREFIX,Maximal sharing / Preprocessed global MILP,False,True,False,,,,,,,,,,,,
111,jsonschema,fielded,10000000,167196,11/10,ALIAS_IDENTICAL_PREFIX,Global MILP baseline / Preprocessed global MILP,False,True,False,,,,,,,,,,,,
111,jsonschema,fielded,10000000,167196,11/10,ALIAS_IDENTICAL_PREFIX,Preprocessed global MILP / Preprocessed component MILP,False,True,False,,,,,,,,,,,,
111,jsonschema,fielded,10000000,167196,11/10,ALIAS_IDENTICAL_PREFIX,Maximal sharing / Preprocessed global MILP,False,True,False,,,,,,,,,,,,
112,matplotlib,compact,10000000,1856156,5/4,READY,Global MILP baseline / Preprocessed global MILP,False,True,False,,,,,,,,,,,,
112,matplotlib,compact,10000000,1856156,5/4,READY,Preprocessed global MILP / Preprocessed component MILP,True,True,True,0.6169239615812304,8.754049500000292,14.189835450000828,8.17048369999975,9.206167299998924,13.802141799998935,14.85199460000149,regressed,6,5.435785950000536,1022865408,1026793472
112,matplotlib,compact,10000000,1856156,5/4,READY,Maximal sharing / Preprocessed global MILP,True,True,False,0.47082348003631425,4.121612050000294,8.754049500000292,4.0678065000010974,4.389657899999293,8.17048369999975,9.206167299998924,regressed,6,4.632437449999998,1040945152,1022865408
113,pydantic,compact,10000000,366328,5/4,ALIAS_IDENTICAL_PREFIX,Global MILP baseline / Preprocessed global MILP,False,True,False,,,,,,,,,,,,
113,pydantic,compact,10000000,366328,5/4,ALIAS_IDENTICAL_PREFIX,Preprocessed global MILP / Preprocessed component MILP,False,True,False,,,,,,,,,,,,
113,pydantic,compact,10000000,366328,5/4,ALIAS_IDENTICAL_PREFIX,Maximal sharing / Preprocessed global MILP,False,True,False,,,,,,,,,,,,
114,aiohttp,compact,10000000,231531,5/4,ALIAS_IDENTICAL_PREFIX,Global MILP baseline / Preprocessed global MILP,False,True,False,,,,,,,,,,,,
114,aiohttp,compact,10000000,231531,5/4,ALIAS_IDENTICAL_PREFIX,Preprocessed global MILP / Preprocessed component MILP,False,True,False,,,,,,,,,,,,
114,aiohttp,compact,10000000,231531,5/4,ALIAS_IDENTICAL_PREFIX,Maximal sharing / Preprocessed global MILP,False,True,False,,,,,,,,,,,,
115,jsonschema,compact,10000000,91848,5/4,ALIAS_IDENTICAL_PREFIX,Global MILP baseline / Preprocessed global MILP,False,True,False,,,,,,,,,,,,
115,jsonschema,compact,10000000,91848,5/4,ALIAS_IDENTICAL_PREFIX,Preprocessed global MILP / Preprocessed component MILP,False,True,False,,,,,,,,,,,,
115,jsonschema,compact,10000000,91848,5/4,ALIAS_IDENTICAL_PREFIX,Maximal sharing / Preprocessed global MILP,False,True,False,,,,,,,,,,,,
116,matplotlib,fielded,10000000,3373699,5/4,READY,Global MILP baseline / Preprocessed global MILP,False,True,False,,,,,,,,,,,,
116,matplotlib,fielded,10000000,3373699,5/4,READY,Preprocessed global MILP / Preprocessed component MILP,True,True,True,0.6398439517589927,18.14457989999937,28.357820449999053,17.555028400000083,18.87413320000087,27.495991899999353,29.09852040000078,regressed,6,10.213240549999682,1651806208,1656954880
116,matplotlib,fielded,10000000,3373699,5/4,READY,Maximal sharing / Preprocessed global MILP,True,True,False,0.24829179153385628,4.505150250000042,18.14457989999937,4.394392100000914,5.148881400000391,17.555028400000083,18.87413320000087,regressed,6,13.639429649999329,1650139136,1651806208
117,pydantic,fielded,10000000,668703,5/4,ALIAS_IDENTICAL_PREFIX,Global MILP baseline / Preprocessed global MILP,False,True,False,,,,,,,,,,,,
117,pydantic,fielded,10000000,668703,5/4,ALIAS_IDENTICAL_PREFIX,Preprocessed global MILP / Preprocessed component MILP,False,True,False,,,,,,,,,,,,
117,pydantic,fielded,10000000,668703,5/4,ALIAS_IDENTICAL_PREFIX,Maximal sharing / Preprocessed global MILP,False,True,False,,,,,,,,,,,,
118,aiohttp,fielded,10000000,426119,5/4,ALIAS_IDENTICAL_PREFIX,Global MILP baseline / Preprocessed global MILP,False,True,False,,,,,,,,,,,,
118,aiohttp,fielded,10000000,426119,5/4,ALIAS_IDENTICAL_PREFIX,Preprocessed global MILP / Preprocessed component MILP,False,True,False,,,,,,,,,,,,
118,aiohttp,fielded,10000000,426119,5/4,ALIAS_IDENTICAL_PREFIX,Maximal sharing / Preprocessed global MILP,False,True,False,,,,,,,,,,,,
119,jsonschema,fielded,10000000,167196,5/4,ALIAS_IDENTICAL_PREFIX,Global MILP baseline / Preprocessed global MILP,False,True,False,,,,,,,,,,,,
119,jsonschema,fielded,10000000,167196,5/4,ALIAS_IDENTICAL_PREFIX,Preprocessed global MILP / Preprocessed component MILP,False,True,False,,,,,,,,,,,,
119,jsonschema,fielded,10000000,167196,5/4,ALIAS_IDENTICAL_PREFIX,Maximal sharing / Preprocessed global MILP,False,True,False,,,,,,,,,,,,
120,matplotlib,compact,10000000,1856156,3/2,READY,Global MILP baseline / Preprocessed global MILP,False,True,False,,,,,,,,,,,,
120,matplotlib,compact,10000000,1856156,3/2,READY,Preprocessed global MILP / Preprocessed component MILP,True,True,True,0.6054000148132032,8.372014600000512,13.82889725000041,8.097876899999392,8.526080499999807,13.541661600000225,14.10552319999988,regressed,6,5.456882649999898,1053011968,1017339904
120,matplotlib,compact,10000000,1856156,3/2,READY,Maximal sharing / Preprocessed global MILP,True,True,False,0.48812438764734056,4.086584499999844,8.372014600000512,3.97828010000012,4.1642735000004905,8.097876899999392,8.526080499999807,regressed,6,4.285430100000667,1047117824,1053011968
121,pydantic,compact,10000000,366328,3/2,ALIAS_IDENTICAL_PREFIX,Global MILP baseline / Preprocessed global MILP,False,True,False,,,,,,,,,,,,
121,pydantic,compact,10000000,366328,3/2,ALIAS_IDENTICAL_PREFIX,Preprocessed global MILP / Preprocessed component MILP,False,True,False,,,,,,,,,,,,
121,pydantic,compact,10000000,366328,3/2,ALIAS_IDENTICAL_PREFIX,Maximal sharing / Preprocessed global MILP,False,True,False,,,,,,,,,,,,
122,aiohttp,compact,10000000,231531,3/2,ALIAS_IDENTICAL_PREFIX,Global MILP baseline / Preprocessed global MILP,False,True,False,,,,,,,,,,,,
122,aiohttp,compact,10000000,231531,3/2,ALIAS_IDENTICAL_PREFIX,Preprocessed global MILP / Preprocessed component MILP,False,True,False,,,,,,,,,,,,
122,aiohttp,compact,10000000,231531,3/2,ALIAS_IDENTICAL_PREFIX,Maximal sharing / Preprocessed global MILP,False,True,False,,,,,,,,,,,,
123,jsonschema,compact,10000000,91848,3/2,ALIAS_IDENTICAL_PREFIX,Global MILP baseline / Preprocessed global MILP,False,True,False,,,,,,,,,,,,
123,jsonschema,compact,10000000,91848,3/2,ALIAS_IDENTICAL_PREFIX,Preprocessed global MILP / Preprocessed component MILP,False,True,False,,,,,,,,,,,,
123,jsonschema,compact,10000000,91848,3/2,ALIAS_IDENTICAL_PREFIX,Maximal sharing / Preprocessed global MILP,False,True,False,,,,,,,,,,,,
124,matplotlib,fielded,10000000,3373699,3/2,READY,Global MILP baseline / Preprocessed global MILP,False,True,False,,,,,,,,,,,,
124,matplotlib,fielded,10000000,3373699,3/2,READY,Preprocessed global MILP / Preprocessed component MILP,True,True,True,0.6299364461156812,17.761278450000646,28.19534980000026,17.559994799999913,19.12731840000015,27.194669699998485,29.961714900000516,regressed,6,10.434071349999613,1642995712,1656303616
124,matplotlib,fielded,10000000,3373699,3/2,READY,Maximal sharing / Preprocessed global MILP,True,True,False,0.2556391147620097,4.540477499999724,17.761278450000646,4.3968973999999434,4.604976099999476,17.559994799999913,19.12731840000015,regressed,6,13.220800950000921,1648369664,1642995712
125,pydantic,fielded,10000000,668703,3/2,ALIAS_IDENTICAL_PREFIX,Global MILP baseline / Preprocessed global MILP,False,True,False,,,,,,,,,,,,
125,pydantic,fielded,10000000,668703,3/2,ALIAS_IDENTICAL_PREFIX,Preprocessed global MILP / Preprocessed component MILP,False,True,False,,,,,,,,,,,,
125,pydantic,fielded,10000000,668703,3/2,ALIAS_IDENTICAL_PREFIX,Maximal sharing / Preprocessed global MILP,False,True,False,,,,,,,,,,,,
126,aiohttp,fielded,10000000,426119,3/2,ALIAS_IDENTICAL_PREFIX,Global MILP baseline / Preprocessed global MILP,False,True,False,,,,,,,,,,,,
126,aiohttp,fielded,10000000,426119,3/2,ALIAS_IDENTICAL_PREFIX,Preprocessed global MILP / Preprocessed component MILP,False,True,False,,,,,,,,,,,,
126,aiohttp,fielded,10000000,426119,3/2,ALIAS_IDENTICAL_PREFIX,Maximal sharing / Preprocessed global MILP,False,True,False,,,,,,,,,,,,
127,jsonschema,fielded,10000000,167196,3/2,ALIAS_IDENTICAL_PREFIX,Global MILP baseline / Preprocessed global MILP,False,True,False,,,,,,,,,,,,
127,jsonschema,fielded,10000000,167196,3/2,ALIAS_IDENTICAL_PREFIX,Preprocessed global MILP / Preprocessed component MILP,False,True,False,,,,,,,,,,,,
127,jsonschema,fielded,10000000,167196,3/2,ALIAS_IDENTICAL_PREFIX,Maximal sharing / Preprocessed global MILP,False,True,False,,,,,,,,,,,,
128,matplotlib,compact,10000000,1856156,2,READY,Global MILP baseline / Preprocessed global MILP,False,True,False,,,,,,,,,,,,
128,matplotlib,compact,10000000,1856156,2,READY,Preprocessed global MILP / Preprocessed component MILP,True,True,True,0.756439322663979,8.194864599999164,10.833472500000425,7.9654317000004085,8.678702499999417,10.495196599998962,10.982321299999967,regressed,6,2.6386079000012614,1046925312,1051680768
128,matplotlib,compact,10000000,1856156,2,READY,Maximal sharing / Preprocessed global MILP,True,True,False,0.4954660873835756,4.060277499999756,8.194864599999164,3.9000713000004907,4.262388400000418,7.9654317000004085,8.678702499999417,regressed,6,4.134587099999408,1046147072,1046925312
129,pydantic,compact,10000000,366328,2,ALIAS_IDENTICAL_PREFIX,Global MILP baseline / Preprocessed global MILP,False,True,False,,,,,,,,,,,,
129,pydantic,compact,10000000,366328,2,ALIAS_IDENTICAL_PREFIX,Preprocessed global MILP / Preprocessed component MILP,False,True,False,,,,,,,,,,,,
129,pydantic,compact,10000000,366328,2,ALIAS_IDENTICAL_PREFIX,Maximal sharing / Preprocessed global MILP,False,True,False,,,,,,,,,,,,
130,aiohttp,compact,10000000,231531,2,ALIAS_IDENTICAL_PREFIX,Global MILP baseline / Preprocessed global MILP,False,True,False,,,,,,,,,,,,
130,aiohttp,compact,10000000,231531,2,ALIAS_IDENTICAL_PREFIX,Preprocessed global MILP / Preprocessed component MILP,False,True,False,,,,,,,,,,,,
130,aiohttp,compact,10000000,231531,2,ALIAS_IDENTICAL_PREFIX,Maximal sharing / Preprocessed global MILP,False,True,False,,,,,,,,,,,,
131,jsonschema,compact,10000000,91848,2,ALIAS_IDENTICAL_PREFIX,Global MILP baseline / Preprocessed global MILP,False,True,False,,,,,,,,,,,,
131,jsonschema,compact,10000000,91848,2,ALIAS_IDENTICAL_PREFIX,Preprocessed global MILP / Preprocessed component MILP,False,True,False,,,,,,,,,,,,
131,jsonschema,compact,10000000,91848,2,ALIAS_IDENTICAL_PREFIX,Maximal sharing / Preprocessed global MILP,False,True,False,,,,,,,,,,,,
132,matplotlib,fielded,10000000,3373699,2,READY,Global MILP baseline / Preprocessed global MILP,False,True,False,,,,,,,,,,,,
132,matplotlib,fielded,10000000,3373699,2,READY,Preprocessed global MILP / Preprocessed component MILP,True,True,True,0.8659167769537238,14.835201199999574,17.132363750000877,14.37548550000065,15.648028799998428,16.51339629999893,17.44290009999895,regressed,6,2.2971625500013033,1652486144,1651703808
132,matplotlib,fielded,10000000,3373699,2,READY,Maximal sharing / Preprocessed global MILP,True,True,False,0.3031000010973766,4.496549499999674,14.835201199999574,4.474662299999181,4.597510499999771,14.37548550000065,15.648028799998428,regressed,6,10.3386516999999,1649807360,1652486144
133,pydantic,fielded,10000000,668703,2,ALIAS_IDENTICAL_PREFIX,Global MILP baseline / Preprocessed global MILP,False,True,False,,,,,,,,,,,,
133,pydantic,fielded,10000000,668703,2,ALIAS_IDENTICAL_PREFIX,Preprocessed global MILP / Preprocessed component MILP,False,True,False,,,,,,,,,,,,
133,pydantic,fielded,10000000,668703,2,ALIAS_IDENTICAL_PREFIX,Maximal sharing / Preprocessed global MILP,False,True,False,,,,,,,,,,,,
134,aiohttp,fielded,10000000,426119,2,ALIAS_IDENTICAL_PREFIX,Global MILP baseline / Preprocessed global MILP,False,True,False,,,,,,,,,,,,
134,aiohttp,fielded,10000000,426119,2,ALIAS_IDENTICAL_PREFIX,Preprocessed global MILP / Preprocessed component MILP,False,True,False,,,,,,,,,,,,
134,aiohttp,fielded,10000000,426119,2,ALIAS_IDENTICAL_PREFIX,Maximal sharing / Preprocessed global MILP,False,True,False,,,,,,,,,,,,
135,jsonschema,fielded,10000000,167196,2,ALIAS_IDENTICAL_PREFIX,Global MILP baseline / Preprocessed global MILP,False,True,False,,,,,,,,,,,,
135,jsonschema,fielded,10000000,167196,2,ALIAS_IDENTICAL_PREFIX,Preprocessed global MILP / Preprocessed component MILP,False,True,False,,,,,,,,,,,,
135,jsonschema,fielded,10000000,167196,2,ALIAS_IDENTICAL_PREFIX,Maximal sharing / Preprocessed global MILP,False,True,False,,,,,,,,,,,,
136,matplotlib,compact,10000000,1856156,32,READY,Global MILP baseline / Preprocessed global MILP,False,True,False,,,,,,,,,,,,
136,matplotlib,compact,10000000,1856156,32,READY,Preprocessed global MILP / Preprocessed component MILP,True,True,True,0.8693993097617697,20.33831939999982,23.393530649998866,19.804090800000267,20.583334599999944,23.20042459999968,24.44477840000036,regressed,6,3.055211249999047,1098514432,1101488128
136,matplotlib,compact,10000000,1856156,32,READY,Maximal sharing / Preprocessed global MILP,True,True,False,0.2014206517968011,4.096557549999488,20.33831939999982,3.9004798000023584,4.217346199999156,19.804090800000267,20.583334599999944,regressed,6,16.24176185000033,1014849536,1098514432
137,pydantic,compact,10000000,366328,32,ALIAS_IDENTICAL_PREFIX,Global MILP baseline / Preprocessed global MILP,False,True,False,,,,,,,,,,,,
137,pydantic,compact,10000000,366328,32,ALIAS_IDENTICAL_PREFIX,Preprocessed global MILP / Preprocessed component MILP,False,True,False,,,,,,,,,,,,
137,pydantic,compact,10000000,366328,32,ALIAS_IDENTICAL_PREFIX,Maximal sharing / Preprocessed global MILP,False,True,False,,,,,,,,,,,,
138,aiohttp,compact,10000000,231531,32,ALIAS_IDENTICAL_PREFIX,Global MILP baseline / Preprocessed global MILP,False,True,False,,,,,,,,,,,,
138,aiohttp,compact,10000000,231531,32,ALIAS_IDENTICAL_PREFIX,Preprocessed global MILP / Preprocessed component MILP,False,True,False,,,,,,,,,,,,
138,aiohttp,compact,10000000,231531,32,ALIAS_IDENTICAL_PREFIX,Maximal sharing / Preprocessed global MILP,False,True,False,,,,,,,,,,,,
139,jsonschema,compact,10000000,91848,32,ALIAS_IDENTICAL_PREFIX,Global MILP baseline / Preprocessed global MILP,False,True,False,,,,,,,,,,,,
139,jsonschema,compact,10000000,91848,32,ALIAS_IDENTICAL_PREFIX,Preprocessed global MILP / Preprocessed component MILP,False,True,False,,,,,,,,,,,,
139,jsonschema,compact,10000000,91848,32,ALIAS_IDENTICAL_PREFIX,Maximal sharing / Preprocessed global MILP,False,True,False,,,,,,,,,,,,
140,matplotlib,fielded,10000000,3373699,32,READY,Global MILP baseline / Preprocessed global MILP,False,True,False,,,,,,,,,,,,
140,matplotlib,fielded,10000000,3373699,32,READY,Preprocessed global MILP / Preprocessed component MILP,False,True,False,,,,,,,,,,,,
140,matplotlib,fielded,10000000,3373699,32,READY,Maximal sharing / Preprocessed global MILP,False,True,False,,,,,,,,,,,,
141,pydantic,fielded,10000000,668703,32,ALIAS_IDENTICAL_PREFIX,Global MILP baseline / Preprocessed global MILP,False,True,False,,,,,,,,,,,,
141,pydantic,fielded,10000000,668703,32,ALIAS_IDENTICAL_PREFIX,Preprocessed global MILP / Preprocessed component MILP,False,True,False,,,,,,,,,,,,
141,pydantic,fielded,10000000,668703,32,ALIAS_IDENTICAL_PREFIX,Maximal sharing / Preprocessed global MILP,False,True,False,,,,,,,,,,,,
142,aiohttp,fielded,10000000,426119,32,ALIAS_IDENTICAL_PREFIX,Global MILP baseline / Preprocessed global MILP,False,True,False,,,,,,,,,,,,
142,aiohttp,fielded,10000000,426119,32,ALIAS_IDENTICAL_PREFIX,Preprocessed global MILP / Preprocessed component MILP,False,True,False,,,,,,,,,,,,
142,aiohttp,fielded,10000000,426119,32,ALIAS_IDENTICAL_PREFIX,Maximal sharing / Preprocessed global MILP,False,True,False,,,,,,,,,,,,
143,jsonschema,fielded,10000000,167196,32,ALIAS_IDENTICAL_PREFIX,Global MILP baseline / Preprocessed global MILP,False,True,False,,,,,,,,,,,,
143,jsonschema,fielded,10000000,167196,32,ALIAS_IDENTICAL_PREFIX,Preprocessed global MILP / Preprocessed component MILP,False,True,False,,,,,,,,,,,,
143,jsonschema,fielded,10000000,167196,32,ALIAS_IDENTICAL_PREFIX,Maximal sharing / Preprocessed global MILP,False,True,False,,,,,,,,,,,,
