input_id,h,lp_with_presolve_status,lp_with_presolve_valid_return,lp_with_presolve_lp_full_objective_numeric,lp_with_presolve_lp_residual_objective_numeric,lp_with_presolve_profile_fixed_cost,lp_with_presolve_residual_integer_optimum,lp_with_presolve_residual_gap_percent,lp_with_presolve_full_objective_gap,lp_with_presolve_full_gap_percent,lp_with_presolve_lp_max_fractionality,lp_with_presolve_zero_gap_numeric,lp_with_presolve_gap_reference_kind,lp_with_presolve_reference_minus_lp_numeric,lp_without_presolve_status,lp_without_presolve_valid_return,lp_without_presolve_lp_full_objective_numeric,lp_without_presolve_lp_residual_objective_numeric,lp_without_presolve_profile_fixed_cost,lp_without_presolve_residual_integer_optimum,lp_without_presolve_residual_gap_percent,lp_without_presolve_full_objective_gap,lp_without_presolve_full_gap_percent,lp_without_presolve_lp_max_fractionality,lp_without_presolve_zero_gap_numeric,lp_without_presolve_gap_reference_kind,lp_without_presolve_reference_minus_lp_numeric
matplotlib-compact-100000,11/10,LP_OPTIMAL_NUMERICAL,True,75685.75,57.35,378142/5,61.9,7.350565428114557,4.55000000000291,0.006011338308875656,0.5,False,numeric_integer_optimum,4.55000000000291,LP_OPTIMAL_NUMERICAL,True,75685.75,57.35,378142/5,61.9,7.350565428114557,4.55000000000291,0.006011338308875656,0.5,False,numeric_integer_optimum,4.55000000000291
matplotlib-compact-100000,5/4,LP_OPTIMAL_NUMERICAL,True,75939.875,58.875,75881,63.25,6.91699604743083,4.375,0.005760804800890126,0.5,False,numeric_integer_optimum,4.375,LP_OPTIMAL_NUMERICAL,True,75939.875,58.875,75881,63.25,6.91699604743083,4.375,0.005760804800890126,0.5,False,numeric_integer_optimum,4.375
matplotlib-compact-100000,3/2,LP_OPTIMAL_NUMERICAL,True,76363.41666666667,61.41666666666667,76302,65.5,6.234096692104553,4.083333333328483,0.005346951691921934,0.5,False,numeric_integer_optimum,4.083333333328483,LP_OPTIMAL_NUMERICAL,True,76363.41666666667,61.416666666666664,76302,65.5,6.234096692104553,4.083333333328483,0.005346951691921934,0.5,False,numeric_integer_optimum,4.083333333328483
matplotlib-compact-100000,2,LP_OPTIMAL_NUMERICAL,True,77212.0,19.0,77193,21.0,9.523809523809524,2.0,0.00259020384904292,0.5,False,numeric_integer_optimum,2.0,LP_OPTIMAL_NUMERICAL,True,77212.0,19.0,77193,21.0,9.523809523809524,2.0,0.00259020384904292,0.5,False,numeric_integer_optimum,2.0
matplotlib-compact-100000,32,LP_OPTIMAL_NUMERICAL,True,98951.95074696545,1171.9507469654527,97780,1230.0,4.719451466223653,58.04925303455093,0.0586296869352095,0.5,False,numeric_integer_optimum,58.04925303455093,LP_OPTIMAL_NUMERICAL,True,98951.95074696545,1171.950746965453,97780,1230.0,4.719451466223653,58.04925303455093,0.0586296869352095,0.5,False,numeric_integer_optimum,58.04925303455093
matplotlib-compact-1000000,11/10,LP_OPTIMAL_NUMERICAL,True,561838.8545104895,1731.4545104895103,2800537/5,2017.5,14.178215093458304,286.0454895105213,0.05088646482490302,0.5,False,numeric_integer_optimum,286.0454895105213,LP_OPTIMAL_NUMERICAL,True,561838.8545104895,1731.4545104895103,2800537/5,2017.5,14.178215093458304,286.0454895105213,0.05088646482490302,0.5,False,numeric_integer_optimum,286.0454895105213
matplotlib-compact-1000000,5/4,LP_OPTIMAL_NUMERICAL,True,564845.8441183816,1776.8441183816185,563069,2061.75,13.818643463969075,284.9058816183824,0.05041415311737724,0.5,False,numeric_integer_optimum,284.9058816183824,LP_OPTIMAL_NUMERICAL,True,564845.8441183816,1776.8441183816185,563069,2061.75,13.818643463969075,284.9058816183824,0.05041415311737724,0.5,False,numeric_integer_optimum,284.9058816183824
matplotlib-compact-1000000,3/2,LP_OPTIMAL_NUMERICAL,True,569857.4934648685,1852.4934648684653,568005,2135.5,13.25247179262394,283.00653513148427,0.04963803398135798,0.5,False,numeric_integer_optimum,283.00653513148427,LP_OPTIMAL_NUMERICAL,True,569857.4934648685,1852.4934648684653,568005,2135.5,13.25247179262394,283.00653513148427,0.04963803398135798,0.5,False,numeric_integer_optimum,283.00653513148427
matplotlib-compact-1000000,2,LP_OPTIMAL_NUMERICAL,True,579992.1483266733,946.1483266733267,579046,1114.0,15.067475163975574,167.8516733266879,0.028931962445995565,0.5,False,numeric_integer_optimum,167.8516733266879,LP_OPTIMAL_NUMERICAL,True,579992.1483266733,946.1483266733267,579046,1114.0,15.067475163975574,167.8516733266879,0.028931962445995565,0.5,False,numeric_integer_optimum,167.8516733266879
matplotlib-compact-1000000,32,LP_OPTIMAL_NUMERICAL,True,753747.4379229306,36119.4379229306,717628,37566.0,3.850721602165315,1446.5620770694222,0.19154840704102816,0.5,False,numeric_integer_optimum,1446.5620770694222,LP_OPTIMAL_NUMERICAL,True,753747.4379229306,36119.4379229306,717628,37566.0,3.850721602165315,1446.5620770694222,0.19154840704102816,0.5,False,numeric_integer_optimum,1446.5620770694222
matplotlib-compact-10000000,11/10,LP_OPTIMAL_NUMERICAL,True,918357.3843404211,3223.4843404210974,9151339/10,3825.9,15.745724132334423,602.4156595789827,0.06555408186288265,0.5,False,numeric_integer_optimum,602.4156595789827,LP_OPTIMAL_NUMERICAL,True,918357.3843404211,3223.484340421098,9151339/10,3825.9,15.745724132334423,602.4156595789827,0.06555408186288265,0.5,False,numeric_integer_optimum,602.4156595789827
matplotlib-compact-10000000,5/4,LP_OPTIMAL_NUMERICAL,True,923436.8663387629,3306.616338762865,3680521/4,3908.25,15.393940030373688,601.6336612370797,0.06510915521778364,0.5,False,numeric_integer_optimum,601.6336612370797,LP_OPTIMAL_NUMERICAL,True,923436.8663387629,3306.616338762866,3680521/4,3908.25,15.393940030373688,601.6336612370797,0.06510915521778364,0.5,False,numeric_integer_optimum,601.6336612370797
matplotlib-compact-10000000,3/2,LP_OPTIMAL_NUMERICAL,True,931901.5128886132,3444.012888613195,1856915/2,4045.5,14.868053674127871,601.487111386843,0.06450243177628845,0.5,False,numeric_integer_optimum,601.487111386843,LP_OPTIMAL_NUMERICAL,True,931901.5128886132,3444.0128886131934,1856915/2,4045.5,14.868053674127871,601.487111386843,0.06450243177628845,0.5,False,numeric_integer_optimum,601.487111386843
matplotlib-compact-10000000,2,LP_OPTIMAL_NUMERICAL,True,949058.1159036892,1854.1159036891777,947204,2228.0,16.781153335315224,373.8840963108232,0.0393797656188988,0.5,False,numeric_integer_optimum,373.8840963108232,LP_OPTIMAL_NUMERICAL,True,949058.1159036892,1854.1159036891777,947204,2228.0,16.781153335315224,373.8840963108232,0.0393797656188988,0.5,False,numeric_integer_optimum,373.8840963108232
matplotlib-compact-10000000,32,LP_OPTIMAL_NUMERICAL,True,1254796.7571222933,80475.75712229342,1174321,84252.0,4.482080992387899,3776.2428777066525,0.300041624737433,0.5,False,numeric_integer_optimum,3776.2428777066525,LP_OPTIMAL_NUMERICAL,True,1254796.7571222933,80475.75712229342,1174321,84252.0,4.482080992387899,3776.2428777066525,0.300041624737433,0.5,False,numeric_integer_optimum,3776.2428777066525
matplotlib-fielded-100000,11/10,LP_OPTIMAL_NUMERICAL,True,50739.687575757576,159.58757575757576,505801/10,189.5,15.784920444550012,29.912424242422276,0.058917982892168305,0.5,False,numeric_integer_optimum,29.912424242422276,LP_OPTIMAL_NUMERICAL,True,50739.687575757576,159.58757575757576,505801/10,189.5,15.784920444550012,29.912424242422276,0.058917982892168305,0.5,False,numeric_integer_optimum,29.912424242422276
matplotlib-fielded-100000,5/4,LP_OPTIMAL_NUMERICAL,True,51102.691233766236,163.94123376623378,203755/4,193.25,15.166243846708353,29.30876623376389,0.0573198119255337,0.5,False,numeric_integer_optimum,29.30876623376389,LP_OPTIMAL_NUMERICAL,True,51102.691233766236,163.94123376623378,203755/4,193.25,15.166243846708353,29.30876623376389,0.0573198119255337,0.5,False,numeric_integer_optimum,29.30876623376389
matplotlib-fielded-100000,3/2,LP_OPTIMAL_NUMERICAL,True,51707.545815295816,171.0458152958153,103073/2,199.5,14.262749225154744,28.454184704183717,0.05499881070083446,0.5,False,numeric_integer_optimum,28.454184704183717,LP_OPTIMAL_NUMERICAL,True,51707.545815295816,171.04581529581526,103073/2,199.5,14.262749225154744,28.454184704183717,0.05499881070083446,0.5,False,numeric_integer_optimum,28.454184704183717
matplotlib-fielded-100000,2,LP_OPTIMAL_NUMERICAL,True,52934.03571428572,64.03571428571428,52870,74.0,13.46525096524675,9.964285714282596,0.018820424815432526,0.5,False,numeric_integer_optimum,9.964285714282596,LP_OPTIMAL_NUMERICAL,True,52934.03571428572,64.03571428571428,52870,74.0,13.46525096524675,9.964285714282596,0.018820424815432526,0.5,False,numeric_integer_optimum,9.964285714282596
matplotlib-fielded-100000,32,LP_OPTIMAL_NUMERICAL,True,81993.83091576968,4757.8309157696785,77236,4921.0,3.315770864261765,163.16908423032146,0.19860642943428006,0.5,False,numeric_integer_optimum,163.16908423032146,LP_OPTIMAL_NUMERICAL,True,81993.83091576968,4757.8309157696785,77236,4921.0,3.315770864261765,163.16908423032146,0.19860642943428006,0.5,False,numeric_integer_optimum,163.16908423032146
matplotlib-fielded-1000000,11/10,LP_OPTIMAL_NUMERICAL,True,437941.3902786401,2271.690278640065,4356697/10,2705.0,16.018843673195004,433.3097213599249,0.09884460060307423,0.5,False,numeric_integer_optimum,433.3097213599249,LP_OPTIMAL_NUMERICAL,True,437941.3902786401,2271.690278640065,4356697/10,2705.0,16.018843673195004,433.3097213599249,0.09884460060307423,0.5,False,numeric_integer_optimum,433.3097213599249
matplotlib-fielded-1000000,5/4,LP_OPTIMAL_NUMERICAL,True,440266.9605664001,2334.21056640007,1751731/4,2759.0,15.396499949253908,424.78943359991536,0.09639151030168261,0.5,False,numeric_integer_optimum,424.78943359991536,LP_OPTIMAL_NUMERICAL,True,440266.9605664001,2334.2105664000705,1751731/4,2759.0,15.396499949253908,424.78943359991536,0.09639151030168261,0.5,False,numeric_integer_optimum,424.78943359991536
matplotlib-fielded-1000000,3/2,LP_OPTIMAL_NUMERICAL,True,444142.0633277461,2437.563327746111,883409/2,2849.0,14.441441637552947,411.43667225388344,0.092550541667962,0.5,False,numeric_integer_optimum,411.43667225388344,LP_OPTIMAL_NUMERICAL,True,444142.0633277461,2437.5633277461097,883409/2,2849.0,14.441441637552947,411.43667225388344,0.092550541667962,0.5,False,numeric_integer_optimum,411.43667225388344
matplotlib-fielded-1000000,2,LP_OPTIMAL_NUMERICAL,True,452129.52039821056,750.5203982105636,451379,898.0,16.42311823935863,147.4796017894405,0.03260824711171262,0.5,False,numeric_integer_optimum,147.4796017894405,LP_OPTIMAL_NUMERICAL,True,452129.52039821056,750.5203982105636,451379,898.0,16.42311823935863,147.4796017894405,0.03260824711171262,0.5,False,numeric_integer_optimum,147.4796017894405
matplotlib-fielded-1000000,32,LP_OPTIMAL_NUMERICAL,True,599908.0327593083,70595.03275930836,529313,74009.0,4.612908214800431,3413.9672406916507,0.5658615533150873,0.5,False,numeric_integer_optimum,3413.9672406916507,LP_OPTIMAL_NUMERICAL,True,599908.0327593083,70595.03275930836,529313,74009.0,4.612908214800431,3413.9672406916507,0.5658615533150873,0.5,False,numeric_integer_optimum,3413.9672406916507
matplotlib-fielded-10000000,11/10,LP_OPTIMAL_NUMERICAL,True,1188162.6322877966,6738.132287796661,2362849/2,8211.3,17.940736694597202,1473.1677122034598,0.12383350536386512,0.5,False,numeric_integer_optimum,1473.1677122034598,LP_OPTIMAL_NUMERICAL,True,1188162.6322877966,6738.132287796662,2362849/2,8211.3,17.940736694597202,1473.1677122034598,0.12383350536386512,0.5,False,numeric_integer_optimum,1473.1677122034598
matplotlib-fielded-10000000,5/4,LP_OPTIMAL_NUMERICAL,True,1194811.625096984,6919.875096984044,4751567/4,8375.25,17.377092063114834,1455.3749030160252,0.12165970498358855,0.5,False,numeric_integer_optimum,1455.3749030160252,LP_OPTIMAL_NUMERICAL,True,1194811.625096984,6919.87509698404,4751567/4,8375.25,17.377092063114834,1455.3749030160252,0.12165970498358855,0.5,False,numeric_integer_optimum,1455.3749030160252
matplotlib-fielded-10000000,3/2,LP_OPTIMAL_NUMERICAL,True,1205888.5007227496,7218.000722749643,2397341/2,8648.5,16.540432181885595,1430.4992772503756,0.11848560962350262,0.5,False,numeric_integer_optimum,1430.4992772503756,LP_OPTIMAL_NUMERICAL,True,1205888.5007227496,7218.000722749644,2397341/2,8648.5,16.540432181885595,1430.4992772503756,0.11848560962350262,0.5,False,numeric_integer_optimum,1430.4992772503756
matplotlib-fielded-10000000,2,LP_OPTIMAL_NUMERICAL,True,1228983.4924036635,2122.492403663402,1226861,2562.0,17.15486324498587,439.507596336538,0.0357490950093286,0.5,False,numeric_integer_optimum,439.507596336538,LP_OPTIMAL_NUMERICAL,True,1228983.4924036635,2122.4924036634015,1226861,2562.0,17.15486324498587,439.507596336538,0.0357490950093286,0.5,False,numeric_integer_optimum,439.507596336538
matplotlib-fielded-10000000,32,LP_OPTIMAL_NUMERICAL,True,1662943.4502987685,257210.4502987685,1405733,,,,,0.5,,unavailable,,LP_OPTIMAL_NUMERICAL,True,1662943.4502987685,257210.45029876847,1405733,,,,,0.5,,unavailable,
pydantic-compact-100000,11/10,LP_OPTIMAL_NUMERICAL,True,61551.005833333336,337.7058333333333,612133/10,385.6,12.420686376209831,47.894166666665114,0.07775165898524992,0.5,False,numeric_integer_optimum,47.894166666665114,LP_OPTIMAL_NUMERICAL,True,61551.005833333336,337.7058333333333,612133/10,385.6,12.420686376209831,47.894166666665114,0.07775165898524992,0.5,False,numeric_integer_optimum,47.894166666665114
pydantic-compact-100000,5/4,LP_OPTIMAL_NUMERICAL,True,61907.00625,346.75625,246241/4,394.0,11.990799492386156,47.243750000001455,0.07625586622386915,0.5,False,numeric_integer_optimum,47.243750000001455,LP_OPTIMAL_NUMERICAL,True,61907.00625,346.75625,246241/4,394.0,11.990799492386156,47.243750000001455,0.07625586622386915,0.5,False,numeric_integer_optimum,47.243750000001455
pydantic-compact-100000,3/2,LP_OPTIMAL_NUMERICAL,True,62500.34027777778,361.84027777777777,124277/2,408.0,11.313657407406614,46.15972222221899,0.07380064787353248,0.5,False,numeric_integer_optimum,46.15972222221899,LP_OPTIMAL_NUMERICAL,True,62500.34027777778,361.84027777777777,124277/2,408.0,11.313657407406614,46.15972222221899,0.07380064787353248,0.5,False,numeric_integer_optimum,46.15972222221899
pydantic-compact-100000,2,LP_OPTIMAL_NUMERICAL,True,63704.35,181.35,63523,208.0,12.812500000000698,26.650000000001455,0.04181638449106628,0.5,False,numeric_integer_optimum,26.650000000001455,LP_OPTIMAL_NUMERICAL,True,63704.35,181.35,63523,208.0,12.812500000000698,26.650000000001455,0.04181638449106628,0.5,False,numeric_integer_optimum,26.650000000001455
pydantic-compact-100000,32,LP_OPTIMAL_NUMERICAL,True,82088.14314845104,5307.143148451039,76781,5479.0,3.1366463140894427,171.85685154896055,0.20891909986501403,0.5,False,numeric_integer_optimum,171.85685154896055,LP_OPTIMAL_NUMERICAL,True,82088.14314845104,5307.143148451038,76781,5479.0,3.1366463140894427,171.85685154896055,0.20891909986501403,0.5,False,numeric_integer_optimum,171.85685154896055
pydantic-compact-1000000,11/10,LP_OPTIMAL_NUMERICAL,True,193557.7905496138,849.6905496137849,1927081/10,1005.6,15.504121955669682,155.9094503862143,0.0804844729031629,0.5,False,numeric_integer_optimum,155.9094503862143,LP_OPTIMAL_NUMERICAL,True,193557.7905496138,849.6905496137848,1927081/10,1005.6,15.504121955669682,155.9094503862143,0.0804844729031629,0.5,False,numeric_integer_optimum,155.9094503862143
pydantic-compact-1000000,5/4,LP_OPTIMAL_NUMERICAL,True,194752.7755888719,871.5255888719123,775525/4,1027.5,15.179991350665581,155.97441112808883,0.08002432478177036,0.5,False,numeric_integer_optimum,155.97441112808883,LP_OPTIMAL_NUMERICAL,True,194752.7755888719,871.5255888719123,775525/4,1027.5,15.179991350665581,155.97441112808883,0.08002432478177036,0.5,False,numeric_integer_optimum,155.97441112808883
pydantic-compact-1000000,3/2,LP_OPTIMAL_NUMERICAL,True,196744.4173209688,907.9173209687915,391673/2,1064.0,14.669424720978668,156.08267903121305,0.07926982360695531,0.5,False,numeric_integer_optimum,156.08267903121305,LP_OPTIMAL_NUMERICAL,True,196744.4173209688,907.9173209687915,391673/2,1064.0,14.669424720978668,156.08267903121305,0.07926982360695531,0.5,False,numeric_integer_optimum,156.08267903121305
pydantic-compact-1000000,2,LP_OPTIMAL_NUMERICAL,True,200798.24245182922,427.2424518292165,200371,513.0,16.716870988455245,85.75754817077541,0.04269008391448568,0.5,False,numeric_integer_optimum,85.75754817077541,LP_OPTIMAL_NUMERICAL,True,200798.24245182922,427.2424518292165,200371,513.0,16.716870988455245,85.75754817077541,0.04269008391448568,0.5,False,numeric_integer_optimum,85.75754817077541
pydantic-compact-1000000,32,LP_OPTIMAL_NUMERICAL,True,269908.02676957735,29163.02676957735,240745,30357.0,3.933106797188948,1193.973230422649,0.4404147628651389,0.5,False,numeric_integer_optimum,1193.973230422649,LP_OPTIMAL_NUMERICAL,True,269908.02676957735,29163.02676957735,240745,30357.0,3.933106797188948,1193.973230422649,0.4404147628651389,0.5,False,numeric_integer_optimum,1193.973230422649
pydantic-fielded-100000,11/10,LP_OPTIMAL_NUMERICAL,True,49241.66576232978,308.7657623297755,489329/10,377.0,18.099267286530974,68.23423767022177,0.1383783736536107,0.5,False,numeric_integer_optimum,68.23423767022177,LP_OPTIMAL_NUMERICAL,True,49241.66576232978,308.7657623297755,489329/10,377.0,18.099267286530974,68.23423767022177,0.1383783736536107,0.5,False,numeric_integer_optimum,68.23423767022177
pydantic-fielded-100000,5/4,LP_OPTIMAL_NUMERICAL,True,49576.85617392476,317.10617392475945,197039/4,384.5,17.5276530754851,67.39382607524021,0.13575353857745903,0.5,False,numeric_integer_optimum,67.39382607524021,LP_OPTIMAL_NUMERICAL,True,49576.85617392476,317.10617392475945,197039/4,384.5,17.5276530754851,67.39382607524021,0.13575353857745903,0.5,False,numeric_integer_optimum,67.39382607524021
pydantic-fielded-100000,3/2,LP_OPTIMAL_NUMERICAL,True,50135.3193599164,330.8193599163993,99609/2,397.0,16.670186419042675,66.18064008359943,0.13183000524605726,0.5,False,numeric_integer_optimum,66.18064008359943,LP_OPTIMAL_NUMERICAL,True,50135.3193599164,330.81935991639943,99609/2,397.0,16.670186419042675,66.18064008359943,0.13183000524605726,0.5,False,numeric_integer_optimum,66.18064008359943
pydantic-fielded-100000,2,LP_OPTIMAL_NUMERICAL,True,51295.23475274725,100.23475274725274,51195,121.0,17.16136136590739,20.76524725274794,0.04046544401891796,0.5,False,numeric_integer_optimum,20.76524725274794,LP_OPTIMAL_NUMERICAL,True,51295.23475274725,100.23475274725276,51195,121.0,17.16136136590739,20.76524725274794,0.04046544401891796,0.5,False,numeric_integer_optimum,20.76524725274794
pydantic-fielded-100000,32,LP_OPTIMAL_NUMERICAL,True,69548.51053093249,12142.510530932479,57406,12760.0,4.8392591619711105,617.4894690675137,0.8800408589167313,0.5,False,numeric_integer_optimum,617.4894690675137,LP_OPTIMAL_NUMERICAL,True,69548.51053093249,12142.510530932479,57406,12760.0,4.8392591619711105,617.4894690675137,0.8800408589167313,0.5,False,numeric_integer_optimum,617.4894690675137
pydantic-fielded-1000000,11/10,LP_OPTIMAL_NUMERICAL,True,254641.40096002587,1656.6009600258808,1264924/5,2036.8,18.666488608313703,380.1990399741335,0.14908503435557358,0.5,False,numeric_integer_optimum,380.1990399741335,LP_OPTIMAL_NUMERICAL,True,254641.40096002587,1656.6009600258808,1264924/5,2036.8,18.666488608313703,380.1990399741335,0.14908503435557358,0.5,False,numeric_integer_optimum,380.1990399741335
pydantic-fielded-1000000,5/4,LP_OPTIMAL_NUMERICAL,True,256246.5222302236,1699.0222302236207,509095/2,2077.0,18.198255646432017,377.97776977639296,0.1472882635042223,0.5,False,numeric_integer_optimum,377.97776977639296,LP_OPTIMAL_NUMERICAL,True,256246.5222302236,1699.0222302236211,509095/2,2077.0,18.198255646432017,377.97776977639296,0.1472882635042223,0.5,False,numeric_integer_optimum,377.97776977639296
pydantic-fielded-1000000,3/2,LP_OPTIMAL_NUMERICAL,True,258921.33025580403,1769.330255804024,257152,2144.0,17.47526791958813,374.66974419596954,0.14449499575618965,0.5,False,numeric_integer_optimum,374.66974419596954,LP_OPTIMAL_NUMERICAL,True,258921.33025580403,1769.3302558040243,257152,2144.0,17.47526791958813,374.66974419596954,0.14449499575618965,0.5,False,numeric_integer_optimum,374.66974419596954
pydantic-fielded-1000000,2,LP_OPTIMAL_NUMERICAL,True,264519.35117545293,700.3511754529341,263819,820.0,14.591320066715635,119.64882454706822,0.045212090639349535,0.5,False,numeric_integer_optimum,119.64882454706822,LP_OPTIMAL_NUMERICAL,True,264519.35117545293,700.3511754529341,263819,820.0,14.591320066715635,119.64882454706822,0.045212090639349535,0.5,False,numeric_integer_optimum,119.64882454706822
pydantic-fielded-1000000,32,LP_OPTIMAL_NUMERICAL,True,367198.51909227716,70753.51909227719,296445,74482.0,5.0058818341650895,3728.480907722842,1.005179161323614,0.5,False,numeric_integer_optimum,3728.480907722842,LP_OPTIMAL_NUMERICAL,True,367198.51909227716,70753.51909227717,296445,74482.0,5.0058818341650895,3728.480907722842,1.005179161323614,0.5,False,numeric_integer_optimum,3728.480907722842
aiohttp-compact-100000,11/10,LP_OPTIMAL_NUMERICAL,True,64114.035,298.735,638153/10,344.1,13.183667538505656,45.36499999999796,0.07070670860388027,0.5,False,numeric_integer_optimum,45.36499999999796,LP_OPTIMAL_NUMERICAL,True,64114.035,298.735,638153/10,344.1,13.183667538505656,45.36499999999796,0.07070670860388027,0.5,False,numeric_integer_optimum,45.36499999999796
aiohttp-compact-100000,5/4,LP_OPTIMAL_NUMERICAL,True,64499.108928571426,306.8589285714286,256769/4,351.75,12.76220936135719,44.89107142857392,0.06955111463276822,0.5,False,numeric_integer_optimum,44.89107142857392,LP_OPTIMAL_NUMERICAL,True,64499.108928571426,306.8589285714286,256769/4,351.75,12.76220936135719,44.89107142857392,0.06955111463276822,0.5,False,numeric_integer_optimum,44.89107142857392
aiohttp-compact-100000,3/2,LP_OPTIMAL_NUMERICAL,True,65140.89880952381,320.3988095238095,129641/2,364.5,12.099092037363738,44.10119047619082,0.06765542759253021,0.5,False,numeric_integer_optimum,44.10119047619082,LP_OPTIMAL_NUMERICAL,True,65140.89880952381,320.3988095238095,129641/2,364.5,12.099092037363738,44.10119047619082,0.06765542759253021,0.5,False,numeric_integer_optimum,44.10119047619082
aiohttp-compact-100000,2,LP_OPTIMAL_NUMERICAL,True,66436.67857142857,162.67857142857144,66274,193.0,15.710584752038761,30.321428571434808,0.045618771076526406,0.5,False,numeric_integer_optimum,30.321428571434808,LP_OPTIMAL_NUMERICAL,True,66436.67857142857,162.67857142857144,66274,193.0,15.710584752038761,30.321428571434808,0.045618771076526406,0.5,False,numeric_integer_optimum,30.321428571434808
aiohttp-compact-100000,32,LP_OPTIMAL_NUMERICAL,True,86099.94981070701,4155.9498107070085,81944,4284.0,2.989033363515165,128.05018929298967,0.14850186632299214,0.5,False,numeric_integer_optimum,128.05018929298967,LP_OPTIMAL_NUMERICAL,True,86099.94981070701,4155.9498107070085,81944,4284.0,2.989033363515165,128.05018929298967,0.14850186632299214,0.5,False,numeric_integer_optimum,128.05018929298967
aiohttp-compact-1000000,11/10,LP_OPTIMAL_NUMERICAL,True,124946.45153846154,464.45153846153846,124482,530.7,12.48322244930471,66.2484615384601,0.052993385102841635,0.5,False,numeric_integer_optimum,66.2484615384601,LP_OPTIMAL_NUMERICAL,True,124946.45153846154,464.45153846153846,124482,530.7,12.48322244930471,66.2484615384601,0.052993385102841635,0.5,False,numeric_integer_optimum,66.2484615384601
aiohttp-compact-1000000,5/4,LP_OPTIMAL_NUMERICAL,True,125694.19807692307,477.1980769230769,125217,542.25,11.996666312019876,65.05192307692778,0.05172734655854562,0.5,False,numeric_integer_optimum,65.05192307692778,LP_OPTIMAL_NUMERICAL,True,125694.19807692307,477.1980769230769,125217,542.25,11.996666312019876,65.05192307692778,0.05172734655854562,0.5,False,numeric_integer_optimum,65.05192307692778
aiohttp-compact-1000000,3/2,LP_OPTIMAL_NUMERICAL,True,126940.44230769231,498.44230769230774,126442,561.5,11.23022124802989,63.05769230768783,0.04965035790957559,0.5,False,numeric_integer_optimum,63.05769230768783,LP_OPTIMAL_NUMERICAL,True,126940.44230769231,498.44230769230774,126442,561.5,11.23022124802989,63.05769230768783,0.04965035790957559,0.5,False,numeric_integer_optimum,63.05769230768783
aiohttp-compact-1000000,2,LP_OPTIMAL_NUMERICAL,True,129447.83076923077,257.8307692307692,129190,302.0,14.62557310239348,44.16923076922831,0.03410962126558267,0.5,False,numeric_integer_optimum,44.16923076922831,LP_OPTIMAL_NUMERICAL,True,129447.83076923077,257.8307692307692,129190,302.0,14.62557310239348,44.16923076922831,0.03410962126558267,0.5,False,numeric_integer_optimum,44.16923076922831
aiohttp-compact-1000000,32,LP_OPTIMAL_NUMERICAL,True,171494.1246812753,11440.124681275305,160054,11977.0,4.4825525484235715,536.8753187246912,0.3120805661332499,0.5,False,numeric_integer_optimum,536.8753187246912,LP_OPTIMAL_NUMERICAL,True,171494.1246812753,11440.124681275305,160054,11977.0,4.4825525484235715,536.8753187246912,0.3120805661332499,0.5,False,numeric_integer_optimum,536.8753187246912
aiohttp-fielded-100000,11/10,LP_OPTIMAL_NUMERICAL,True,47495.09010925638,383.7901092563795,471113/10,454.9,15.631983016842636,71.10989074361714,0.14949668197925658,0.5,False,numeric_integer_optimum,71.10989074361714,LP_OPTIMAL_NUMERICAL,True,47495.09010925638,383.7901092563795,471113/10,454.9,15.631983016842636,71.10989074361714,0.14949668197925658,0.5,False,numeric_integer_optimum,71.10989074361714
aiohttp-fielded-100000,5/4,LP_OPTIMAL_NUMERICAL,True,47810.81083134612,394.56083134612084,189665/4,463.75,14.919497283855565,69.18916865388019,0.14450536477418585,0.5,False,numeric_integer_optimum,69.18916865388019,LP_OPTIMAL_NUMERICAL,True,47810.81083134612,394.56083134612084,189665/4,463.75,14.919497283855565,69.18916865388019,0.14450536477418585,0.5,False,numeric_integer_optimum,69.18916865388019
aiohttp-fielded-100000,3/2,LP_OPTIMAL_NUMERICAL,True,48337.01203482902,412.5120348290232,95849/2,478.5,13.790588332492787,65.98796517097799,0.1363303207879222,0.5,False,numeric_integer_optimum,65.98796517097799,LP_OPTIMAL_NUMERICAL,True,48337.01203482902,412.5120348290232,95849/2,478.5,13.790588332492787,65.98796517097799,0.1363303207879222,0.5,False,numeric_integer_optimum,65.98796517097799
aiohttp-fielded-100000,2,LP_OPTIMAL_NUMERICAL,True,49431.44847915243,115.44847915242653,49316,133.0,13.196632216217985,17.55152084756992,0.035494187642965316,0.5,False,numeric_integer_optimum,17.55152084756992,LP_OPTIMAL_NUMERICAL,True,49431.44847915243,115.44847915242653,49316,133.0,13.196632216217985,17.55152084756992,0.035494187642965316,0.5,False,numeric_integer_optimum,17.55152084756992
aiohttp-fielded-100000,32,LP_OPTIMAL_NUMERICAL,True,66533.27687531091,10566.276875310907,55967,11044.0,4.32563495734415,477.72312468908785,0.7129025453867094,0.5,False,numeric_integer_optimum,477.72312468908785,LP_OPTIMAL_NUMERICAL,True,66533.27687531091,10566.276875310907,55967,11044.0,4.32563495734415,477.72312468908785,0.7129025453867094,0.5,False,numeric_integer_optimum,477.72312468908785
aiohttp-fielded-1000000,11/10,LP_OPTIMAL_NUMERICAL,True,165960.54247145817,981.1424714581747,824897/5,1178.2,16.72530372957315,197.05752854183083,0.11859675906598967,0.5,False,numeric_integer_optimum,197.05752854183083,LP_OPTIMAL_NUMERICAL,True,165960.54247145817,981.1424714581747,824897/5,1178.2,16.72530372957315,197.05752854183083,0.11859675906598967,0.5,False,numeric_integer_optimum,197.05752854183083
aiohttp-fielded-1000000,5/4,LP_OPTIMAL_NUMERICAL,True,167002.4988601121,1008.4988601121133,165994,1202.5,16.13315092622866,194.00113988789963,0.1160318187808355,0.5,False,numeric_integer_optimum,194.00113988789963,LP_OPTIMAL_NUMERICAL,True,167002.4988601121,1008.4988601121133,165994,1202.5,16.13315092622866,194.00113988789963,0.1160318187808355,0.5,False,numeric_integer_optimum,194.00113988789963
aiohttp-fielded-1000000,3/2,LP_OPTIMAL_NUMERICAL,True,168737.90466780134,1052.9046678013378,167685,1243.0,15.293268881629917,190.0953321986599,0.11253038702800003,0.5,False,numeric_integer_optimum,190.0953321986599,LP_OPTIMAL_NUMERICAL,True,168737.90466780134,1052.904667801338,167685,1243.0,15.293268881629917,190.0953321986599,0.11253038702800003,0.5,False,numeric_integer_optimum,190.0953321986599
aiohttp-fielded-1000000,2,LP_OPTIMAL_NUMERICAL,True,172325.87546154825,342.8754615482556,171983,408.0,15.961896679351305,65.12453845175332,0.0377772264513538,0.5,False,numeric_integer_optimum,65.12453845175332,LP_OPTIMAL_NUMERICAL,True,172325.87546154825,342.8754615482556,171983,408.0,15.961896679351305,65.12453845175332,0.0377772264513538,0.5,False,numeric_integer_optimum,65.12453845175332
aiohttp-fielded-1000000,32,LP_OPTIMAL_NUMERICAL,True,236088.33771138964,44727.33771138965,191361,47365.0,5.568800355980909,2637.662288610358,1.1048910837572605,0.5,False,numeric_integer_optimum,2637.662288610358,LP_OPTIMAL_NUMERICAL,True,236088.33771138964,44727.33771138966,191361,47365.0,5.568800355980909,2637.662288610358,1.1048910837572605,0.5,False,numeric_integer_optimum,2637.662288610358
jsonschema-compact-100000,11/10,LP_OPTIMAL_NUMERICAL,True,47237.11,225.31,235059/5,261.9,13.970981290567588,36.58999999999651,0.07740033041627059,0.5,False,numeric_integer_optimum,36.58999999999651,LP_OPTIMAL_NUMERICAL,True,47237.11,225.31,235059/5,261.9,13.970981290567588,36.58999999999651,0.07740033041627059,0.5,False,numeric_integer_optimum,36.58999999999651
jsonschema-compact-100000,5/4,LP_OPTIMAL_NUMERICAL,True,47523.18928571429,231.18928571428575,47292,267.75,13.654795251432898,36.56071428571158,0.07687322638515043,0.5,False,numeric_integer_optimum,36.56071428571158,LP_OPTIMAL_NUMERICAL,True,47523.18928571429,231.18928571428572,47292,267.75,13.654795251432898,36.56071428571158,0.07687322638515043,0.5,False,numeric_integer_optimum,36.56071428571158
jsonschema-compact-100000,3/2,LP_OPTIMAL_NUMERICAL,True,47999.98809523809,240.98809523809524,47759,277.5,13.157443157444407,36.51190476190823,0.07600866999450048,0.5,False,numeric_integer_optimum,36.51190476190823,LP_OPTIMAL_NUMERICAL,True,47999.98809523809,240.98809523809524,47759,277.5,13.157443157444407,36.51190476190823,0.07600866999450048,0.5,False,numeric_integer_optimum,36.51190476190823
jsonschema-compact-100000,2,LP_OPTIMAL_NUMERICAL,True,48970.97857142857,76.97857142857143,48894,96.0,19.813988095241562,19.021428571431898,0.038827165893921,0.5,False,numeric_integer_optimum,19.021428571431898,LP_OPTIMAL_NUMERICAL,True,48970.97857142857,76.97857142857143,48894,96.0,19.813988095241562,19.021428571431898,0.038827165893921,0.5,False,numeric_integer_optimum,19.021428571431898
jsonschema-compact-100000,32,LP_OPTIMAL_NUMERICAL,True,67146.00739361085,8456.007393610857,58690,8863.0,4.592041141703115,406.9926063891471,0.6024789519179712,0.5,False,numeric_integer_optimum,406.9926063891471,LP_OPTIMAL_NUMERICAL,True,67146.00739361085,8456.007393610857,58690,8863.0,4.592041141703115,406.9926063891471,0.6024789519179712,0.5,False,numeric_integer_optimum,406.9926063891471
jsonschema-fielded-100000,11/10,LP_OPTIMAL_NUMERICAL,True,40651.239440742866,191.63944074286565,202298/5,250.5,23.49722924436447,58.86055925713299,0.14458465898421521,0.5,False,numeric_integer_optimum,58.86055925713299,LP_OPTIMAL_NUMERICAL,True,40651.239440742866,191.63944074286567,202298/5,250.5,23.49722924436447,58.86055925713299,0.14458465898421521,0.5,False,numeric_integer_optimum,58.86055925713299
jsonschema-fielded-100000,5/4,LP_OPTIMAL_NUMERICAL,True,40895.595829367354,196.5958293673561,40699,255.75,23.12968548686066,59.15417063264613,0.14443787505148029,0.5,False,numeric_integer_optimum,59.15417063264613,LP_OPTIMAL_NUMERICAL,True,40895.595829367354,196.5958293673561,40699,255.75,23.12968548686066,59.15417063264613,0.14443787505148029,0.5,False,numeric_integer_optimum,59.15417063264613
jsonschema-fielded-100000,3/2,LP_OPTIMAL_NUMERICAL,True,41302.63028659865,204.6302865986496,41098,264.5,22.63505232565185,59.869713401349145,0.14474394294674922,0.5,False,numeric_integer_optimum,59.869713401349145,LP_OPTIMAL_NUMERICAL,True,41302.63028659865,204.6302865986496,41098,264.5,22.63505232565185,59.869713401349145,0.14474394294674922,0.5,False,numeric_integer_optimum,59.869713401349145
jsonschema-fielded-100000,2,LP_OPTIMAL_NUMERICAL,True,42155.83227299017,112.83227299016772,42043,135.0,16.420538525799877,22.167727009829832,0.05255755846609567,0.5,False,numeric_integer_optimum,22.167727009829832,LP_OPTIMAL_NUMERICAL,True,42155.83227299017,112.83227299016774,42043,135.0,16.420538525799877,22.167727009829832,0.05255755846609567,0.5,False,numeric_integer_optimum,22.167727009829832
jsonschema-fielded-100000,32,LP_OPTIMAL_NUMERICAL,True,60036.81762311726,13218.817623117264,46818,13904.0,4.927951502321188,685.182376882738,1.1283923073725142,0.5,False,numeric_integer_optimum,685.182376882738,LP_OPTIMAL_NUMERICAL,True,60036.81762311726,13218.817623117264,46818,13904.0,4.927951502321188,685.182376882738,1.1283923073725142,0.5,False,numeric_integer_optimum,685.182376882738
jsonschema-fielded-1000000,11/10,LP_OPTIMAL_NUMERICAL,True,62195.4559315189,393.0559315188996,309012/5,488.5,19.538192114861396,95.44406848109793,0.1532231328831305,0.5,False,numeric_integer_optimum,95.44406848109793,LP_OPTIMAL_NUMERICAL,True,62195.4559315189,393.0559315188996,309012/5,488.5,19.538192114861396,95.44406848109793,0.1532231328831305,0.5,False,numeric_integer_optimum,95.44406848109793
jsonschema-fielded-1000000,5/4,LP_OPTIMAL_NUMERICAL,True,62575.8456409131,403.84564091310676,62172,498.25,18.947186971780607,94.40435908689687,0.15063664033077398,0.5,False,numeric_integer_optimum,94.40435908689687,LP_OPTIMAL_NUMERICAL,True,62575.8456409131,403.84564091310676,62172,498.25,18.947186971780607,94.40435908689687,0.15063664033077398,0.5,False,numeric_integer_optimum,94.40435908689687
jsonschema-fielded-1000000,3/2,LP_OPTIMAL_NUMERICAL,True,63209.68563276059,421.6856327605949,62788,514.5,18.039721523694293,92.81436723940715,0.14662038187971588,0.5,False,numeric_integer_optimum,92.81436723940715,LP_OPTIMAL_NUMERICAL,True,63209.68563276059,421.6856327605949,62788,514.5,18.039721523694293,92.81436723940715,0.14662038187971588,0.5,False,numeric_integer_optimum,92.81436723940715
jsonschema-fielded-1000000,2,LP_OPTIMAL_NUMERICAL,True,64528.29975153401,194.29975153400744,64334,233.0,16.609548697849664,38.700248465989716,0.05993812391157977,0.5,False,numeric_integer_optimum,38.700248465989716,LP_OPTIMAL_NUMERICAL,True,64528.29975153401,194.29975153400744,64334,233.0,16.609548697849664,38.700248465989716,0.05993812391157977,0.5,False,numeric_integer_optimum,38.700248465989716
jsonschema-fielded-1000000,32,LP_OPTIMAL_NUMERICAL,True,91757.96331004205,18244.96331004204,73513,19235.0,5.147058434925672,990.0366899579531,1.0674480203971546,0.5,False,numeric_integer_optimum,990.0366899579531,LP_OPTIMAL_NUMERICAL,True,91757.96331004205,18244.96331004204,73513,19235.0,5.147058434925672,990.0366899579531,1.0674480203971546,0.5,False,numeric_integer_optimum,990.0366899579531
