input_id,h,comparison,valid_all,equal_cost,eligible,greedy_gap_percent,reference_median_all_valid,new_median_all_valid,ratio,reference_median,new_median,reference_min,reference_max,new_min,new_max,classification,repeats
matplotlib-compact-100000,11/10,Preprocessed global MILP / Residual greedy addition,True,True,True,0.0,0.22478050000063377,0.24047169999903417,0.934748246889495,0.22478050000063377,0.24047169999903417,0.21935929999744985,0.25002409999797237,0.214420299998892,0.25212739999915357,unresolved,3
matplotlib-compact-100000,11/10,Preprocessed global MILP / Residual greedy pruning,True,True,True,0.0,0.22478050000063377,0.23390099999960512,0.9610070072424369,0.22478050000063377,0.23390099999960512,0.21935929999744985,0.25002409999797237,0.21341910000046482,0.23574619999999413,unresolved,3
matplotlib-compact-100000,5/4,Preprocessed global MILP / Residual greedy addition,True,True,True,0.0,0.22278929999811226,0.22430529999837745,0.9932413545276185,0.22278929999811226,0.22430529999837745,0.22241980000035255,0.23154069999873172,0.21021749999999884,0.27269779999915045,unresolved,3
matplotlib-compact-100000,5/4,Preprocessed global MILP / Residual greedy pruning,True,True,True,0.0,0.22278929999811226,0.21994329999870388,1.0129396985469672,0.22278929999811226,0.21994329999870388,0.22241980000035255,0.23154069999873172,0.21004200000243145,0.2478397999984736,unresolved,3
matplotlib-compact-100000,3/2,Preprocessed global MILP / Residual greedy addition,True,True,True,0.0,0.22829130000172881,0.22699610000199755,1.0057058249006035,0.22829130000172881,0.22699610000199755,0.2274692999999388,0.23870720000195433,0.2204234999990149,0.2358985000028042,unresolved,3
matplotlib-compact-100000,3/2,Preprocessed global MILP / Residual greedy pruning,True,True,True,0.0,0.22829130000172881,0.23877600000196253,0.9560898080202888,0.22829130000172881,0.23877600000196253,0.2274692999999388,0.23870720000195433,0.2319180000013148,0.23883000000205357,unresolved,3
matplotlib-compact-100000,2,Preprocessed global MILP / Residual greedy addition,True,True,True,0.0,0.25649260000136564,0.2517293000018981,1.018922310590907,0.25649260000136564,0.2517293000018981,0.252049700000498,0.27109439999912865,0.23625400000310037,0.27017630000045756,unresolved,3
matplotlib-compact-100000,2,Preprocessed global MILP / Residual greedy pruning,True,True,True,0.0,0.25649260000136564,0.2546699999984412,1.0071567126200007,0.25649260000136564,0.2546699999984412,0.252049700000498,0.27109439999912865,0.25195610000082524,0.25990660000024945,unresolved,3
matplotlib-compact-100000,32,Preprocessed global MILP / Residual greedy addition,True,True,True,0.0,0.3315208999993047,0.2979233000005479,1.1127726498689259,0.3315208999993047,0.2979233000005479,0.32401759999993374,0.38268220000099973,0.2937449999990349,0.30071200000020326,improved,3
matplotlib-compact-100000,32,Preprocessed global MILP / Residual greedy pruning,True,False,False,0.00706999293000707,0.3315208999993047,0.3176330999995116,,,,,,,,,
matplotlib-compact-1000000,11/10,Preprocessed global MILP / Residual greedy addition,True,False,False,0.0001601067663076302,3.9107877999995253,3.85979899999802,,,,,,,,,
matplotlib-compact-1000000,11/10,Preprocessed global MILP / Residual greedy pruning,True,False,False,5.33689221025434e-05,3.9107877999995253,3.970306499999424,,,,,,,,,
matplotlib-compact-1000000,5/4,Preprocessed global MILP / Residual greedy addition,True,False,False,0.00013271265101040777,3.8226375999984157,3.948234200001025,,,,,,,,,
matplotlib-compact-1000000,5/4,Preprocessed global MILP / Residual greedy pruning,True,False,False,0.00013271265101040777,3.8226375999984157,3.817054300001473,,,,,,,,,
matplotlib-compact-1000000,3/2,Preprocessed global MILP / Residual greedy addition,True,False,False,8.769768153639322e-05,4.057813699997496,3.911209999998391,,,,,,,,,
matplotlib-compact-1000000,3/2,Preprocessed global MILP / Residual greedy pruning,True,False,False,0.0002630930446091797,4.057813699997496,3.7471752999990713,,,,,,,,,
matplotlib-compact-1000000,2,Preprocessed global MILP / Residual greedy addition,True,True,True,0.0,3.7083247999980813,3.6765406999984407,1.0086451103341938,3.7083247999980813,3.6765406999984407,3.674037100001442,3.722314300001017,3.6660572000000684,3.684565499999735,unresolved,3
matplotlib-compact-1000000,2,Preprocessed global MILP / Residual greedy pruning,True,False,False,0.0005170987313844456,3.7083247999980813,3.64988269999958,,,,,,,,,
matplotlib-compact-1000000,32,Preprocessed global MILP / Residual greedy addition,True,False,False,0.003310407656840494,7.680814999999711,7.729876299999887,,,,,,,,,
matplotlib-compact-1000000,32,Preprocessed global MILP / Residual greedy pruning,True,False,False,0.013506463239909217,7.680814999999711,7.701081499999418,,,,,,,,,
matplotlib-compact-10000000,11/10,Preprocessed global MILP / Residual greedy addition,True,False,False,9.793681943432128e-05,7.156044799998199,7.102452899998752,,,,,,,,,
matplotlib-compact-10000000,11/10,Preprocessed global MILP / Residual greedy pruning,True,False,False,4.35274753041428e-05,7.156044799998199,7.127576700000645,,,,,,,,,
matplotlib-compact-10000000,5/4,Preprocessed global MILP / Residual greedy addition,True,False,False,8.116544927511138e-05,7.18838820000019,7.068616500000644,,,,,,,,,
matplotlib-compact-10000000,5/4,Preprocessed global MILP / Residual greedy pruning,True,False,False,0.00010822059903348183,7.18838820000019,7.0814022999984445,,,,,,,,,
matplotlib-compact-10000000,3/2,Preprocessed global MILP / Residual greedy addition,True,False,False,5.361913044783771e-05,7.149813699998049,7.116992300001584,,,,,,,,,
matplotlib-compact-10000000,3/2,Preprocessed global MILP / Residual greedy pruning,True,False,False,0.00021447652179135083,7.149813699998049,7.14090330000181,,,,,,,,,
matplotlib-compact-10000000,2,Preprocessed global MILP / Residual greedy addition,True,True,True,0.0,7.108646600001521,7.0785738000013225,1.0042484264273959,7.108646600001521,7.0785738000013225,7.098589600002015,7.111067500001809,7.065366099999665,7.114501399999426,unresolved,3
matplotlib-compact-10000000,2,Preprocessed global MILP / Residual greedy pruning,True,False,False,0.00042130452733845074,7.108646600001521,7.034794499999407,,,,,,,,,
matplotlib-compact-10000000,32,Preprocessed global MILP / Residual greedy addition,True,False,False,0.008183871734098857,17.382852700000512,17.32745150000119,,,,,,,,,
matplotlib-compact-10000000,32,Preprocessed global MILP / Residual greedy pruning,True,False,False,0.021611777783251348,17.382852700000512,17.44917279999936,,,,,,,,,
matplotlib-fielded-100000,11/10,Preprocessed global MILP / Residual greedy addition,True,False,False,0.007090857521036211,0.15283509999790112,0.1471867000000202,,,,,,,,,
matplotlib-fielded-100000,11/10,Preprocessed global MILP / Residual greedy pruning,True,True,True,0.0,0.15283509999790112,0.14399799999955576,1.061369602344287,0.15283509999790112,0.14399799999955576,0.15000890000010259,0.16269660000034492,0.14142460000221035,0.14707730000009178,improved,3
matplotlib-fielded-100000,5/4,Preprocessed global MILP / Residual greedy addition,True,False,False,0.005867167331612298,0.1556148999989091,0.14414249999754247,,,,,,,,,
matplotlib-fielded-100000,5/4,Preprocessed global MILP / Residual greedy pruning,True,True,True,0.0,0.1556148999989091,0.14177569999810657,1.0976133427730377,0.1556148999989091,0.14177569999810657,0.15183049999905052,0.15970089999973425,0.14069390000076964,0.1453986000014993,improved,3
matplotlib-fielded-100000,3/2,Preprocessed global MILP / Residual greedy addition,True,False,False,0.003865780114427091,0.15281150000009802,0.14843800000016927,,,,,,,,,
matplotlib-fielded-100000,3/2,Preprocessed global MILP / Residual greedy pruning,True,True,True,0.0,0.15281150000009802,0.1477737999994133,1.0340906168800201,0.15281150000009802,0.1477737999994133,0.15025669999886304,0.15459960000225692,0.14196200000151293,0.16556100000161678,unresolved,3
matplotlib-fielded-100000,2,Preprocessed global MILP / Residual greedy addition,True,True,True,0.0,0.15486130000135745,0.1439276000019163,1.0759666665691332,0.15486130000135745,0.1439276000019163,0.15141969999967841,0.1551231999983429,0.14024890000291634,0.1456575000011071,improved,3
matplotlib-fielded-100000,2,Preprocessed global MILP / Residual greedy pruning,True,True,True,0.0,0.15486130000135745,0.1460713999986183,1.0601753663127915,0.15486130000135745,0.1460713999986183,0.15141969999967841,0.1551231999983429,0.1457358999978169,0.15206549999857089,unresolved,3
matplotlib-fielded-100000,32,Preprocessed global MILP / Residual greedy addition,True,False,False,0.007303090424431272,0.2138775000021269,0.2184387000015704,,,,,,,,,
matplotlib-fielded-100000,32,Preprocessed global MILP / Residual greedy pruning,True,False,False,0.009737453899241697,0.2138775000021269,0.22441579999940586,,,,,,,,,
matplotlib-fielded-1000000,11/10,Preprocessed global MILP / Residual greedy addition,True,False,False,0.008645571927394532,2.489551999999094,2.4125767000005,,,,,,,,,
matplotlib-fielded-1000000,11/10,Preprocessed global MILP / Residual greedy pruning,True,False,False,4.5623070856963234e-05,2.489551999999094,2.4044667999987723,,,,,,,,,
matplotlib-fielded-1000000,5/4,Preprocessed global MILP / Residual greedy addition,True,False,False,0.007204582341285036,2.4744322000005923,2.4068318999998155,,,,,,,,,
matplotlib-fielded-1000000,5/4,Preprocessed global MILP / Residual greedy pruning,True,False,False,0.000113457989626536,2.4744322000005923,2.403165399999125,,,,,,,,,
matplotlib-fielded-1000000,3/2,Preprocessed global MILP / Residual greedy addition,True,False,False,0.004836313289626558,2.4907404000005045,2.425081000001228,,,,,,,,,
matplotlib-fielded-1000000,3/2,Preprocessed global MILP / Residual greedy pruning,True,False,False,0.0002249448041686771,2.4907404000005045,2.4048293999985617,,,,,,,,,
matplotlib-fielded-1000000,2,Preprocessed global MILP / Residual greedy addition,True,False,False,0.00022110343882178398,2.4378856000002997,2.4205375999990792,,,,,,,,,
matplotlib-fielded-1000000,2,Preprocessed global MILP / Residual greedy pruning,True,False,False,0.00022110343882178398,2.4378856000002997,2.4219247000000905,,,,,,,,,
matplotlib-fielded-1000000,32,Preprocessed global MILP / Residual greedy addition,True,False,False,0.020884370203639185,5.986689599998499,9.98050019999937,,,,,,,,,
matplotlib-fielded-1000000,32,Preprocessed global MILP / Residual greedy pruning,True,False,False,0.02419934960104223,5.986689599998499,13.30342169999858,,,,,,,,,
matplotlib-fielded-10000000,11/10,Preprocessed global MILP / Residual greedy addition,True,False,False,0.00841433991814974,15.406594899999618,15.166477400001895,,,,,,,,,
matplotlib-fielded-10000000,11/10,Preprocessed global MILP / Residual greedy pruning,True,False,False,0.00021855428358830495,15.406594899999618,15.209219199998188,,,,,,,,,
matplotlib-fielded-10000000,5/4,Preprocessed global MILP / Residual greedy addition,True,False,False,0.007000945441109718,15.517442000000301,15.204179399999703,,,,,,,,,
matplotlib-fielded-10000000,5/4,Preprocessed global MILP / Residual greedy pruning,True,False,False,0.00041796689200655036,15.517442000000301,15.171616100000392,,,,,,,,,
matplotlib-fielded-10000000,3/2,Preprocessed global MILP / Residual greedy addition,True,False,False,0.004679790511041407,15.54575499999919,15.16731179999988,,,,,,,,,
matplotlib-fielded-10000000,3/2,Preprocessed global MILP / Residual greedy pruning,True,False,False,0.0007454533557411091,15.54575499999919,15.21195969999826,,,,,,,,,
matplotlib-fielded-10000000,2,Preprocessed global MILP / Residual greedy addition,True,True,True,0.0,12.553768699999637,12.477359100001195,1.0061238599759812,12.553768699999637,12.477359100001195,12.550349799999822,12.561374199998681,12.476999200000137,12.494176900003367,unresolved,3
matplotlib-fielded-10000000,2,Preprocessed global MILP / Residual greedy pruning,True,False,False,0.0001626779391633311,12.553768699999637,12.51822170000014,,,,,,,,,
matplotlib-fielded-10000000,32,Preprocessed global MILP / Residual greedy addition,False,False,False,,,,,,,,,,,,
matplotlib-fielded-10000000,32,Preprocessed global MILP / Residual greedy pruning,False,False,False,,,,,,,,,,,,
pydantic-compact-100000,11/10,Preprocessed global MILP / Residual greedy addition,True,True,True,0.0,0.19039109999721404,0.18138980000003357,1.0496240692540528,0.19039109999721404,0.18138980000003357,0.18465819999983069,0.20827250000002095,0.17603840000083437,0.1870703999993566,unresolved,3
pydantic-compact-100000,11/10,Preprocessed global MILP / Residual greedy pruning,True,True,True,0.0,0.19039109999721404,0.18344169999909354,1.0378834256232625,0.19039109999721404,0.18344169999909354,0.18465819999983069,0.20827250000002095,0.17611849999957485,0.1835294000011345,unresolved,3
pydantic-compact-100000,5/4,Preprocessed global MILP / Residual greedy addition,True,True,True,0.0,0.1892679999982647,0.17728100000022096,1.0676158189429708,0.1892679999982647,0.17728100000022096,0.18798429999878863,0.1908718000013323,0.1755345000019588,0.17804459999751998,improved,3
pydantic-compact-100000,5/4,Preprocessed global MILP / Residual greedy pruning,True,True,True,0.0,0.1892679999982647,0.17793920000258368,1.0636666906196979,0.1892679999982647,0.17793920000258368,0.18798429999878863,0.1908718000013323,0.17784060000121826,0.19216489999962505,unresolved,3
pydantic-compact-100000,3/2,Preprocessed global MILP / Residual greedy addition,True,True,True,0.0,0.1892492000006314,0.18171799999981886,1.041444435888685,0.1892492000006314,0.18171799999981886,0.18564510000214796,0.1914452999990317,0.17838420000043698,0.1817929999997432,unresolved,3
pydantic-compact-100000,3/2,Preprocessed global MILP / Residual greedy pruning,True,True,True,0.0,0.1892492000006314,0.1809032000019215,1.0461351706250703,0.1892492000006314,0.1809032000019215,0.18564510000214796,0.1914452999990317,0.18030450000151177,0.18164400000023306,unresolved,3
pydantic-compact-100000,2,Preprocessed global MILP / Residual greedy addition,True,True,True,0.0,0.1866413999996439,0.1776408999976411,1.0506668227988167,0.1866413999996439,0.1776408999976411,0.18333180000263383,0.18863129999954253,0.17425099999672966,0.18625839999731397,unresolved,3
pydantic-compact-100000,2,Preprocessed global MILP / Residual greedy pruning,True,True,True,0.0,0.1866413999996439,0.1756098000005295,1.0628188176233966,0.1866413999996439,0.1756098000005295,0.18333180000263383,0.18863129999954253,0.1748501000001852,0.17926100000113365,improved,3
pydantic-compact-100000,32,Preprocessed global MILP / Residual greedy addition,True,False,False,0.0024313153415998056,0.34241839999958756,0.34095069999966654,,,,,,,,,
pydantic-compact-100000,32,Preprocessed global MILP / Residual greedy pruning,True,False,False,0.007293946024799416,0.34241839999958756,0.33430150000276626,,,,,,,,,
pydantic-compact-1000000,11/10,Preprocessed global MILP / Residual greedy addition,True,False,False,0.0004646031746851152,0.931262300000526,0.9148079000005964,,,,,,,,,
pydantic-compact-1000000,11/10,Preprocessed global MILP / Residual greedy pruning,True,False,False,5.1622574965012804e-05,0.931262300000526,0.9085881999999401,,,,,,,,,
pydantic-compact-1000000,5/4,Preprocessed global MILP / Residual greedy addition,True,False,False,0.00038479544915248805,0.9301550999989558,0.9123417999981029,,,,,,,,,
pydantic-compact-1000000,5/4,Preprocessed global MILP / Residual greedy pruning,True,False,False,0.00012826514971749602,0.9301550999989558,0.9138519000007364,,,,,,,,,
pydantic-compact-1000000,3/2,Preprocessed global MILP / Residual greedy addition,True,False,False,0.00025393536329262754,0.9282249999996566,0.9114517999987584,,,,,,,,,
pydantic-compact-1000000,3/2,Preprocessed global MILP / Residual greedy pruning,True,False,False,0.00025393536329262754,0.9282249999996566,0.9133576999993238,,,,,,,,,
pydantic-compact-1000000,2,Preprocessed global MILP / Residual greedy addition,True,True,True,0.0,0.9181810000009136,0.910599099999672,1.0083262766251848,0.9181810000009136,0.910599099999672,0.9156165000022156,0.921799199997622,0.8993085000001884,0.9113059000010253,unresolved,3
pydantic-compact-1000000,2,Preprocessed global MILP / Residual greedy pruning,True,True,True,0.0,0.9181810000009136,0.9094398999986879,1.0096115202359588,0.9181810000009136,0.9094398999986879,0.9156165000022156,0.921799199997622,0.9080988999994588,0.910339699999895,unresolved,3
pydantic-compact-1000000,32,Preprocessed global MILP / Residual greedy addition,True,False,False,0.005164107974120442,1.5562198000006902,1.541000900000654,,,,,,,,,
pydantic-compact-1000000,32,Preprocessed global MILP / Residual greedy pruning,True,False,False,0.028402593857662427,1.5562198000006902,1.5392674999966403,,,,,,,,,
pydantic-fielded-100000,11/10,Preprocessed global MILP / Residual greedy addition,True,False,False,0.010951147741122979,0.1767150000014226,0.16482969999924535,,,,,,,,,
pydantic-fielded-100000,11/10,Preprocessed global MILP / Residual greedy pruning,True,True,True,0.0,0.1767150000014226,0.16738560000158031,1.0557359772869004,0.1767150000014226,0.16738560000158031,0.17667939999955706,0.18122719999882975,0.16454760000124224,0.17086310000013327,improved,3
pydantic-fielded-100000,5/4,Preprocessed global MILP / Residual greedy addition,True,False,False,0.00906449387391289,0.17852780000248458,0.1656567999998515,,,,,,,,,
pydantic-fielded-100000,5/4,Preprocessed global MILP / Residual greedy pruning,True,True,True,0.0,0.17852780000248458,0.1674964000012551,1.065860519994142,0.17852780000248458,0.1674964000012551,0.1750783000024967,0.1800595999993675,0.16628979999950388,0.177993699999206,unresolved,3
pydantic-fielded-100000,3/2,Preprocessed global MILP / Residual greedy addition,True,False,False,0.005975917054271287,0.19416400000045542,0.16845090000060736,,,,,,,,,
pydantic-fielded-100000,3/2,Preprocessed global MILP / Residual greedy pruning,True,True,True,0.0,0.19416400000045542,0.16964070000176434,1.1445602381883357,0.19416400000045542,0.16964070000176434,0.18286359999910928,0.20250599999781116,0.1680856999992102,0.17105179999998654,improved,3
pydantic-fielded-100000,2,Preprocessed global MILP / Residual greedy addition,True,True,True,0.0,0.17461859999821172,0.16320700000142097,1.0699210205241896,0.17461859999821172,0.16320700000142097,0.17275249999875086,0.18278349999673082,0.16301910000038333,0.16860060000180965,improved,3
pydantic-fielded-100000,2,Preprocessed global MILP / Residual greedy pruning,True,True,True,0.0,0.17461859999821172,0.1647819999998319,1.059694626830539,0.17461859999821172,0.1647819999998319,0.17275249999875086,0.18278349999673082,0.1628296999988379,0.16549270000177785,improved,3
pydantic-fielded-100000,32,Preprocessed global MILP / Residual greedy addition,True,False,False,0.019952683635949035,0.2893121999986761,0.41054690000237315,,,,,,,,,
pydantic-fielded-100000,32,Preprocessed global MILP / Residual greedy pruning,True,False,False,0.017102300259384886,0.2893121999986761,0.523912399999972,,,,,,,,,
pydantic-fielded-1000000,11/10,Preprocessed global MILP / Residual greedy addition,True,False,False,0.007058225656179711,1.4885699000005843,1.4484329000006255,,,,,,,,,
pydantic-fielded-1000000,11/10,Preprocessed global MILP / Residual greedy pruning,True,True,True,0.0,1.4885699000005843,1.4491443000006257,1.0272061243314015,1.4885699000005843,1.4491443000006257,1.4786951000023691,1.5091264000002411,1.4478870999992068,1.4543898999982048,unresolved,3
pydantic-fielded-1000000,5/4,Preprocessed global MILP / Residual greedy addition,True,False,False,0.005845116113231589,1.4915694999981497,1.4503579999982321,,,,,,,,,
pydantic-fielded-1000000,5/4,Preprocessed global MILP / Residual greedy pruning,True,True,True,0.0,1.4915694999981497,1.4711078999971505,1.013908972959114,1.4915694999981497,1.4711078999971505,1.475070999997115,1.4974844999997003,1.453315599999769,1.4763605999978608,unresolved,3
pydantic-fielded-1000000,3/2,Preprocessed global MILP / Residual greedy addition,True,False,False,0.003856596322349747,1.513988499998959,1.448135700000421,,,,,,,,,
pydantic-fielded-1000000,3/2,Preprocessed global MILP / Residual greedy pruning,True,True,True,0.0,1.513988499998959,1.4482904000033159,1.0453625184531312,1.513988499998959,1.4482904000033159,1.5105335000007472,1.5262193999988085,1.4433003000012832,1.4630711999998312,unresolved,3
pydantic-fielded-1000000,2,Preprocessed global MILP / Residual greedy addition,True,True,True,0.0,1.4897554000017408,1.4527558000008867,1.025468561199915,1.4897554000017408,1.4527558000008867,1.4746374999995169,1.5042341000007582,1.4455250999999407,1.4560266999978921,unresolved,3
pydantic-fielded-1000000,2,Preprocessed global MILP / Residual greedy pruning,True,True,True,0.0,1.4897554000017408,1.4503462000029685,1.0271722710058409,1.4897554000017408,1.4503462000029685,1.4746374999995169,1.5042341000007582,1.4453983999992488,1.4810451000012108,unresolved,3
pydantic-fielded-1000000,32,Preprocessed global MILP / Residual greedy addition,True,False,False,0.024533129160185154,3.5427395000006072,10.356027999998332,,,,,,,,,
pydantic-fielded-1000000,32,Preprocessed global MILP / Residual greedy pruning,True,False,False,0.04960544797224252,3.5427395000006072,16.362315200000012,,,,,,,,,
aiohttp-compact-100000,11/10,Preprocessed global MILP / Residual greedy addition,True,False,False,0.0014027562601894657,0.19201690000045346,0.18363099999987753,,,,,,,,,
aiohttp-compact-100000,11/10,Preprocessed global MILP / Residual greedy pruning,True,False,False,0.0001558618066877184,0.19201690000045346,0.1832207000006747,,,,,,,,,
aiohttp-compact-100000,5/4,Preprocessed global MILP / Residual greedy addition,True,False,False,0.0011619980168567179,0.19208119999893825,0.1810568000000785,,,,,,,,,
aiohttp-compact-100000,5/4,Preprocessed global MILP / Residual greedy pruning,True,False,False,0.0003873326722855726,0.19208119999893825,0.17897310000262223,,,,,,,,,
aiohttp-compact-100000,3/2,Preprocessed global MILP / Residual greedy addition,True,False,False,0.0007670476336580502,0.1943792999991274,0.1825143999994907,,,,,,,,,
aiohttp-compact-100000,3/2,Preprocessed global MILP / Residual greedy pruning,True,False,False,0.0007670476336580502,0.1943792999991274,0.17960699999821372,,,,,,,,,
aiohttp-compact-100000,2,Preprocessed global MILP / Residual greedy addition,True,True,True,0.0,0.18697939999765367,0.18080990000089514,1.034121472312788,0.18697939999765367,0.18080990000089514,0.18295500000022002,0.1912585999998555,0.17833710000195424,0.1840050999999221,unresolved,3
aiohttp-compact-100000,2,Preprocessed global MILP / Residual greedy pruning,True,False,False,0.001504505995456392,0.18697939999765367,0.17974270000195247,,,,,,,,,
aiohttp-compact-100000,32,Preprocessed global MILP / Residual greedy addition,True,False,False,0.0173957415224753,0.3192434999982652,0.3066521000000648,,,,,,,,,
aiohttp-compact-100000,32,Preprocessed global MILP / Residual greedy pruning,True,False,False,0.0347914830449506,0.3192434999982652,0.31053049999900395,,,,,,,,,
aiohttp-compact-1000000,11/10,Preprocessed global MILP / Residual greedy addition,True,True,True,0.0,0.5258247000019765,0.5118179000019154,1.0273667646247007,0.5258247000019765,0.5118179000019154,0.5233800999994855,0.538292499997624,0.5115050000022165,0.5154253000000608,unresolved,3
aiohttp-compact-1000000,11/10,Preprocessed global MILP / Residual greedy pruning,True,False,False,0.0001599837456514418,0.5258247000019765,0.5115167000003566,,,,,,,,,
aiohttp-compact-1000000,5/4,Preprocessed global MILP / Residual greedy addition,True,True,True,0.0,0.5268242000020109,0.5104724999982864,1.032032479719827,0.5268242000020109,0.5104724999982864,0.5247372000012547,0.5391345999996702,0.5097543000010774,0.5174826000002213,unresolved,3
aiohttp-compact-1000000,5/4,Preprocessed global MILP / Residual greedy pruning,True,False,False,0.00039758506829517507,0.5268242000020109,0.5096988000004785,,,,,,,,,
aiohttp-compact-1000000,3/2,Preprocessed global MILP / Residual greedy addition,True,True,True,0.0,0.5277998999990814,0.5214221999995061,1.0122313549357533,0.5277998999990814,0.5214221999995061,0.5214383999991696,0.5304457999991428,0.5079622999983258,0.5384087999991607,unresolved,3
aiohttp-compact-1000000,3/2,Preprocessed global MILP / Residual greedy pruning,True,False,False,0.0007873798753577658,0.5277998999990814,0.5134809000010137,,,,,,,,,
aiohttp-compact-1000000,2,Preprocessed global MILP / Residual greedy addition,True,True,True,0.0,0.5216825000024983,0.5174412999986089,1.0081964852900238,0.5216825000024983,0.5174412999986089,0.5213987000024645,0.5597693000017898,0.5108243000031507,0.5317467999993823,unresolved,3
aiohttp-compact-1000000,2,Preprocessed global MILP / Residual greedy pruning,True,False,False,0.0015444969573409943,0.5216825000024983,0.5095404999992752,,,,,,,,,
aiohttp-compact-1000000,32,Preprocessed global MILP / Residual greedy addition,True,False,False,0.012207102208322919,0.9437872999988031,0.9189139999980398,,,,,,,,,
aiohttp-compact-1000000,32,Preprocessed global MILP / Residual greedy pruning,True,False,False,0.018601298603158734,0.9437872999988031,0.9242323000034958,,,,,,,,,
aiohttp-fielded-100000,11/10,Preprocessed global MILP / Residual greedy addition,True,False,False,0.013244698966913479,0.17954599999939092,0.16611829999965266,,,,,,,,,
aiohttp-fielded-100000,11/10,Preprocessed global MILP / Residual greedy pruning,True,True,True,0.0,0.17954599999939092,0.16793519999919226,1.0691385724985263,0.17954599999939092,0.16793519999919226,0.17536130000007688,0.18372219999946537,0.16479099999924074,0.17156139999860898,improved,3
aiohttp-fielded-100000,5/4,Preprocessed global MILP / Residual greedy addition,True,False,False,0.010964912280701754,0.17839169999933802,0.17033879999871715,,,,,,,,,
aiohttp-fielded-100000,5/4,Preprocessed global MILP / Residual greedy pruning,True,True,True,0.0,0.17839169999933802,0.16811299999972107,1.0611416130795002,0.17839169999933802,0.16811299999972107,0.1771907000002102,0.18135690000053728,0.1677715999976499,0.1691900000005262,improved,3
aiohttp-fielded-100000,3/2,Preprocessed global MILP / Residual greedy addition,True,False,False,0.007230956758878582,0.18226660000073025,0.16532550000192714,,,,,,,,,
aiohttp-fielded-100000,3/2,Preprocessed global MILP / Residual greedy pruning,True,True,True,0.0,0.18226660000073025,0.16873800000030315,1.080175182830203,0.18226660000073025,0.16873800000030315,0.1796351999983017,0.18240900000091642,0.16469830000278307,0.16990879999866593,improved,3
aiohttp-fielded-100000,2,Preprocessed global MILP / Residual greedy addition,True,True,True,0.0,0.1758071000003838,0.17120749999958207,1.0268656454934098,0.1758071000003838,0.17120749999958207,0.1729494999999588,0.17724679999810178,0.16451619999861578,0.17736220000006142,unresolved,3
aiohttp-fielded-100000,2,Preprocessed global MILP / Residual greedy pruning,True,True,True,0.0,0.1758071000003838,0.16674050000074203,1.0543755116459494,0.1758071000003838,0.16674050000074203,0.1729494999999588,0.17724679999810178,0.1622072999998636,0.16803540000182693,improved,3
aiohttp-fielded-100000,32,Preprocessed global MILP / Residual greedy addition,True,False,False,0.002984584620435451,0.2674617999982729,0.29331619999720715,,,,,,,,,
aiohttp-fielded-100000,32,Preprocessed global MILP / Residual greedy pruning,True,False,False,0.08655295399262808,0.2674617999982729,0.34560770000098273,,,,,,,,,
aiohttp-fielded-1000000,11/10,Preprocessed global MILP / Residual greedy addition,True,False,False,0.011916397444354035,0.7910000999982003,0.7690461999991385,,,,,,,,,
aiohttp-fielded-1000000,11/10,Preprocessed global MILP / Residual greedy pruning,True,False,False,6.018382547653553e-05,0.7910000999982003,0.7737378000019817,,,,,,,,,
aiohttp-fielded-1000000,5/4,Preprocessed global MILP / Residual greedy addition,True,False,False,0.009868627632755471,0.7933999000015319,0.7658659000007901,,,,,,,,,
aiohttp-fielded-1000000,5/4,Preprocessed global MILP / Residual greedy pruning,True,False,False,0.0001495246611023556,0.7933999000015319,0.7665885000023991,,,,,,,,,
aiohttp-fielded-1000000,3/2,Preprocessed global MILP / Residual greedy addition,True,False,False,0.006511649933699564,0.7939120000010007,0.7658961999986786,,,,,,,,,
aiohttp-fielded-1000000,3/2,Preprocessed global MILP / Residual greedy pruning,True,False,False,0.00029598408789543475,0.7939120000010007,0.7613264000028721,,,,,,,,,
aiohttp-fielded-1000000,2,Preprocessed global MILP / Residual greedy addition,True,True,True,0.0,0.7793552000002819,0.7607833000001847,1.024411550569121,0.7793552000002819,0.7607833000001847,0.7790275000006659,0.7970754000016314,0.759537599999021,0.7628241000020353,unresolved,3
aiohttp-fielded-1000000,2,Preprocessed global MILP / Residual greedy pruning,True,False,False,0.0005800766861379073,0.7793552000002819,0.7635247000034724,,,,,,,,,
aiohttp-fielded-1000000,32,Preprocessed global MILP / Residual greedy addition,True,False,False,0.03099788041520404,1.8846559000012348,4.317838299997675,,,,,,,,,
aiohttp-fielded-1000000,32,Preprocessed global MILP / Residual greedy pruning,True,False,False,0.05990130945100241,1.8846559000012348,6.71056949999911,,,,,,,,,
jsonschema-compact-100000,11/10,Preprocessed global MILP / Residual greedy addition,True,True,True,0.0,0.15142999999807216,0.14249389999895357,1.062712158198942,0.15142999999807216,0.14249389999895357,0.15095999999903142,0.15333620000092196,0.14128600000185543,0.1447279999993043,improved,3
jsonschema-compact-100000,11/10,Preprocessed global MILP / Residual greedy pruning,True,True,True,0.0,0.15142999999807216,0.14960689999861643,1.0121859352708504,0.15142999999807216,0.14960689999861643,0.15095999999903142,0.15333620000092196,0.14355090000026394,0.1502617999976792,unresolved,3
jsonschema-compact-100000,5/4,Preprocessed global MILP / Residual greedy addition,True,True,True,0.0,0.15289040000061505,0.14529920000131824,1.052245297972927,0.15289040000061505,0.14529920000131824,0.1492480999986583,0.17092789999878732,0.14403239999955986,0.1473033000002033,improved,3
jsonschema-compact-100000,5/4,Preprocessed global MILP / Residual greedy pruning,True,True,True,0.0,0.15289040000061505,0.14322180000090157,1.067507879384651,0.15289040000061505,0.14322180000090157,0.1492480999986583,0.17092789999878732,0.14288460000170744,0.1446998999999778,improved,3
jsonschema-compact-100000,3/2,Preprocessed global MILP / Residual greedy addition,True,True,True,0.0,0.15262250000159838,0.14388880000115023,1.0606975664567244,0.15262250000159838,0.14388880000115023,0.15179409999836935,0.15901579999990645,0.142437800001062,0.14563679999992019,improved,3
jsonschema-compact-100000,3/2,Preprocessed global MILP / Residual greedy pruning,True,True,True,0.0,0.15262250000159838,0.14565520000178367,1.0478342002189376,0.15262250000159838,0.14565520000178367,0.15179409999836935,0.15901579999990645,0.14421870000296622,0.14567449999958626,unresolved,3
jsonschema-compact-100000,2,Preprocessed global MILP / Residual greedy addition,True,True,True,0.0,0.1515932000002067,0.1429000999996788,1.0608334073982275,0.1515932000002067,0.1429000999996788,0.14761589999761782,0.15630310000051395,0.1426142999989679,0.14688110000133747,improved,3
jsonschema-compact-100000,2,Preprocessed global MILP / Residual greedy pruning,True,True,True,0.0,0.1515932000002067,0.16264289999890025,0.9320615901538385,0.1515932000002067,0.16264289999890025,0.14761589999761782,0.15630310000051395,0.14223479999782285,0.16692610000245622,unresolved,3
jsonschema-compact-100000,32,Preprocessed global MILP / Residual greedy addition,True,False,False,0.02516542566577354,0.21238180000000284,0.23107399999935296,,,,,,,,,
jsonschema-compact-100000,32,Preprocessed global MILP / Residual greedy pruning,True,False,False,0.03404734060663479,0.21238180000000284,0.24987550000150804,,,,,,,,,
jsonschema-fielded-100000,11/10,Preprocessed global MILP / Residual greedy addition,True,False,False,0.004421507193546564,0.16865619999953196,0.15373639999961597,,,,,,,,,
jsonschema-fielded-100000,11/10,Preprocessed global MILP / Residual greedy pruning,True,True,True,0.0,0.16865619999953196,0.1543963000003714,1.0923590785473891,0.16865619999953196,0.1543963000003714,0.16614359999948647,0.18414599999960046,0.15378989999953774,0.15727530000003753,improved,3
jsonschema-fielded-100000,5/4,Preprocessed global MILP / Residual greedy addition,True,False,False,0.0036625788217483934,0.16763210000135587,0.16155989999970188,,,,,,,,,
jsonschema-fielded-100000,5/4,Preprocessed global MILP / Residual greedy pruning,True,True,True,0.0,0.16763210000135587,0.1581941000004008,1.0596608849567155,0.16763210000135587,0.1581941000004008,0.16097639999861713,0.1685484000008728,0.1567486000021745,0.1599802999990061,improved,3
jsonschema-fielded-100000,3/2,Preprocessed global MILP / Residual greedy addition,True,False,False,0.0024176488365064974,0.16610840000066673,0.15467449999778182,,,,,,,,,
jsonschema-fielded-100000,3/2,Preprocessed global MILP / Residual greedy pruning,True,True,True,0.0,0.16610840000066673,0.15747909999845433,1.0547964777694125,0.16610840000066673,0.15747909999845433,0.16236030000072788,0.17745260000083363,0.1527892999984033,0.16049829999974463,improved,3
jsonschema-fielded-100000,2,Preprocessed global MILP / Residual greedy addition,True,True,True,0.0,0.16191629999957513,0.1527855999993335,1.0597615220300962,0.16191629999957513,0.1527855999993335,0.16187690000151633,0.16491250000035507,0.14903290000074776,0.17282319999867468,unresolved,3
jsonschema-fielded-100000,2,Preprocessed global MILP / Residual greedy pruning,True,True,True,0.0,0.16191629999957513,0.15554419999898528,1.04096649055787,0.16191629999957513,0.15554419999898528,0.16187690000151633,0.16491250000035507,0.15007120000154828,0.16069269999934477,unresolved,3
jsonschema-fielded-100000,32,Preprocessed global MILP / Residual greedy addition,True,False,False,0.07246138137742499,0.2453349999996135,0.35297560000253725,,,,,,,,,
jsonschema-fielded-100000,32,Preprocessed global MILP / Residual greedy pruning,True,False,False,0.01317479661407727,0.2453349999996135,0.4431038000002445,,,,,,,,,
jsonschema-fielded-1000000,11/10,Preprocessed global MILP / Residual greedy addition,True,False,False,0.00738470627330798,0.2715289000007033,0.25073949999932665,,,,,,,,,
jsonschema-fielded-1000000,11/10,Preprocessed global MILP / Residual greedy pruning,True,True,True,0.0,0.2715289000007033,0.2561150999972597,1.0601830973792976,0.2715289000007033,0.2561150999972597,0.2645689000019047,0.27629959999831044,0.24465330000020913,0.2592645000004268,improved,3
jsonschema-fielded-1000000,5/4,Preprocessed global MILP / Residual greedy addition,True,False,False,0.00638261376011744,0.26715949999925215,0.24998000000050524,,,,,,,,,
jsonschema-fielded-1000000,5/4,Preprocessed global MILP / Residual greedy pruning,True,True,True,0.0,0.26715949999925215,0.25073889999839594,1.065488841184839,0.26715949999925215,0.25073889999839594,0.26527569999962,0.2823845999992045,0.2485530000012659,0.25149559999772464,improved,3
jsonschema-fielded-1000000,3/2,Preprocessed global MILP / Residual greedy addition,True,False,False,0.004739149322696576,0.27045300000099814,0.2498857999999018,,,,,,,,,
jsonschema-fielded-1000000,3/2,Preprocessed global MILP / Residual greedy pruning,True,True,True,0.0,0.27045300000099814,0.2519136000009894,1.0735942799433453,0.27045300000099814,0.2519136000009894,0.26166490000105114,0.27564210000127787,0.2510755000002973,0.2563388999988092,improved,3
jsonschema-fielded-1000000,2,Preprocessed global MILP / Residual greedy addition,True,True,True,0.0,0.2593542000031448,0.24404389999835985,1.062735843857961,0.2593542000031448,0.24404389999835985,0.2571643999981461,0.26139920000059647,0.24028530000214232,0.24836839999989024,improved,3
jsonschema-fielded-1000000,2,Preprocessed global MILP / Residual greedy pruning,True,True,True,0.0,0.2593542000031448,0.24801149999984773,1.0457345728053096,0.2593542000031448,0.24801149999984773,0.2571643999981461,0.26139920000059647,0.2454491999997117,0.2508989999987534,unresolved,3
jsonschema-fielded-1000000,32,Preprocessed global MILP / Residual greedy addition,True,False,False,0.05606589899512658,0.39269839999906253,0.7586717000012868,,,,,,,,,
jsonschema-fielded-1000000,32,Preprocessed global MILP / Residual greedy pruning,True,False,False,0.06469142191745374,0.39269839999906253,1.103078899999673,,,,,,,,,
