condition,distribution,representation,target_nodes,actual_nodes,h,input_status,batches,greedy_pruning_statuses,greedy_pruning_valid,greedy_pruning_optimal,greedy_pruning_primary_median,greedy_pruning_max_sampled_rss_MiB,greedy_pruning_preprocess_median,greedy_pruning_model_median,greedy_pruning_solver_median,greedy_pruning_interpret_median,greedy_pruning_reconstruct_median,forest_algorithm_statuses,forest_algorithm_valid,forest_algorithm_optimal,forest_algorithm_primary_median,forest_algorithm_max_sampled_rss_MiB,forest_algorithm_preprocess_median,forest_algorithm_model_median,forest_algorithm_solver_median,forest_algorithm_interpret_median,forest_algorithm_reconstruct_median,global_milp_baseline_statuses,global_milp_baseline_valid,global_milp_baseline_optimal,global_milp_baseline_primary_median,global_milp_baseline_max_sampled_rss_MiB,global_milp_baseline_preprocess_median,global_milp_baseline_model_median,global_milp_baseline_solver_median,global_milp_baseline_interpret_median,global_milp_baseline_reconstruct_median,unshared_representation_statuses,unshared_representation_valid,unshared_representation_optimal,unshared_representation_primary_median,unshared_representation_max_sampled_rss_MiB,unshared_representation_preprocess_median,unshared_representation_model_median,unshared_representation_solver_median,unshared_representation_interpret_median,unshared_representation_reconstruct_median,maximal_sharing_statuses,maximal_sharing_valid,maximal_sharing_optimal,maximal_sharing_primary_median,maximal_sharing_max_sampled_rss_MiB,maximal_sharing_preprocess_median,maximal_sharing_model_median,maximal_sharing_solver_median,maximal_sharing_interpret_median,maximal_sharing_reconstruct_median,greedy_addition_statuses,greedy_addition_valid,greedy_addition_optimal,greedy_addition_primary_median,greedy_addition_max_sampled_rss_MiB,greedy_addition_preprocess_median,greedy_addition_model_median,greedy_addition_solver_median,greedy_addition_interpret_median,greedy_addition_reconstruct_median,preprocessed_global_milp_statuses,preprocessed_global_milp_valid,preprocessed_global_milp_optimal,preprocessed_global_milp_primary_median,preprocessed_global_milp_max_sampled_rss_MiB,preprocessed_global_milp_preprocess_median,preprocessed_global_milp_model_median,preprocessed_global_milp_solver_median,preprocessed_global_milp_interpret_median,preprocessed_global_milp_reconstruct_median,preprocessed_component_milp_statuses,preprocessed_component_milp_valid,preprocessed_component_milp_optimal,preprocessed_component_milp_primary_median,preprocessed_component_milp_max_sampled_rss_MiB,preprocessed_component_milp_preprocess_median,preprocessed_component_milp_model_median,preprocessed_component_milp_solver_median,preprocessed_component_milp_interpret_median,preprocessed_component_milp_reconstruct_median
0,matplotlib,compact,100000,109859,1,READY,C071,"{""FEASIBLE"": 6}",6,0,1.0418954500346445,131.44140625,,,,,0.06806909997249022,"{""THEOREM_EXACT"": 6}",6,6,0.2821559500298463,142.01171875,,,,,,"{""optimal_numerical"": 6}",6,6,0.32413685001665726,173.03515625,0.004043900000397116,0.05770840001059696,0.11613360000774264,0.01602640002965927,0.1154254000284709,"{""FEASIBLE"": 6}",6,0,0.13988815003540367,136.046875,,,,,0.12116910004988313,"{""FEASIBLE"": 6}",6,0,0.12639455002499744,136.390625,,,,,0.10729745001299307,"{""limit_feasible"": 6}",6,0,27.100719399983063,132.9765625,,,,,0.07140029995935038,,,,,,,,,,,,,,,,,,,,
1,pydantic,compact,100000,100042,1,READY,C071,"{""FEASIBLE"": 6}",6,0,2.9332073999685235,120.84765625,,,,,0.06810710002901033,"{""THEOREM_EXACT"": 6}",6,6,0.23358195001492277,129.12109375,,,,,,"{""optimal_numerical"": 6}",6,6,0.7017854999867268,163.85546875,0.0036784999538213015,0.060976649983786047,0.5331091999541968,0.016844100027810782,0.07702225004322827,"{""FEASIBLE"": 6}",6,0,0.15937145001953468,127.62890625,,,,,0.1401878499891609,"{""FEASIBLE"": 6}",6,0,0.08792545000324026,120.59375,,,,,0.06978125002933666,"{""limit_feasible"": 6}",6,0,27.10307199996896,121.96875,,,,,0.0714884499902837,,,,,,,,,,,,,,,,,,,,
2,aiohttp,compact,100000,108915,1,READY,C071,"{""FEASIBLE"": 6}",6,0,3.2136735999956727,123.890625,,,,,0.1128167500719428,"{""THEOREM_EXACT"": 6}",6,6,0.23468310001771897,131.4609375,,,,,,"{""optimal_numerical"": 6}",6,6,0.6308176500024274,168.15625,0.003661349997855723,0.059417050040792674,0.45553845004178584,0.01630264997947961,0.0812865499756299,"{""FEASIBLE"": 6}",6,0,0.16142404999118298,132.1640625,,,,,0.14490605000173673,"{""FEASIBLE"": 6}",6,0,0.0865442999638617,123.48046875,,,,,0.06946239998796955,"{""limit_feasible"": 6}",6,0,27.11513565009227,125.1328125,,,,,0.09177844994701445,,,,,,,,,,,,,,,,,,,,
3,jsonschema,compact,100000,91848,1,READY,C071,"{""FEASIBLE"": 6}",6,0,1.9283430500072427,112.0078125,,,,,0.05383440002333373,"{""THEOREM_EXACT"": 6}",6,6,0.19512789999134839,113.71875,,,,,,"{""optimal_numerical"": 6}",6,6,0.6414858999778517,150.84765625,0.003228449961170554,0.045525249966885895,0.5047069500433281,0.013100749987643212,0.06668495002668351,"{""FEASIBLE"": 6}",6,0,0.14368335000472143,120.71484375,,,,,0.13037904998054728,"{""FEASIBLE"": 6}",6,0,0.07506454997928813,110.234375,,,,,0.06075039994902909,"{""limit_feasible"": 5, ""FEASIBLE"": 1}",6,0,27.07557435001945,112.703125,,,,,0.057132099987939,,,,,,,,,,,,,,,,,,,,
4,matplotlib,fielded,100000,130113,1,READY,C071,"{""FEASIBLE"": 6}",6,0,6.509796749975067,122.16015625,,,,,0.07471214997349307,"{""THEOREM_EXACT"": 6}",6,6,0.26901759998872876,129.78515625,,,,,,"{""optimal_numerical"": 6}",6,6,1.0681862500496209,173.40234375,0.003521149978041649,0.04741615004604682,0.917504450015258,0.013084900041576475,0.07714005000889301,"{""FEASIBLE"": 6}",6,0,0.2692248999956064,139.83203125,,,,,0.2556347500649281,"{""FEASIBLE"": 6}",6,0,0.0893072999897413,121.796875,,,,,0.07462960004340857,"{""limit_feasible"": 6}",6,0,27.091710300010163,122.94140625,,,,,0.07367359998170286,,,,,,,,,,,,,,,,,,,,
5,pydantic,fielded,100000,106808,1,READY,C071,"{""FEASIBLE"": 6}",6,0,13.498966749990359,121.3203125,,,,,0.061505299992859364,"{""THEOREM_EXACT"": 6}",6,6,0.23227789998054504,126.6796875,,,,,,"{""optimal_numerical"": 6}",6,6,2.1488401999813505,190.0234375,0.003972399979829788,0.06636205001268536,1.97751810005866,0.017196649976540357,0.07265755004482344,"{""FEASIBLE"": 6}",6,0,0.15997045004041865,129.1328125,,,,,0.14421690005110577,"{""FEASIBLE"": 6}",6,0,0.08072489994810894,120.88671875,,,,,0.0647964000236243,"{""limit_feasible"": 6}",6,0,27.086977850005496,123.1953125,,,,,0.0648617499973625,,,,,,,,,,,,,,,,,,,,
6,aiohttp,fielded,100000,105182,1,READY,C071,"{""FEASIBLE"": 6}",6,0,16.71292825002456,120.03125,,,,,0.060444950009696186,"{""THEOREM_EXACT"": 6}",6,6,0.23297955002635717,127.5,,,,,,"{""optimal_numerical"": 6}",6,6,1.5318436499801464,184.0234375,0.0036907500470988452,0.06300134997582063,1.3674265999579802,0.016391899960581213,0.07191175001207739,"{""FEASIBLE"": 6}",6,0,0.16429500002413988,127.2265625,,,,,0.14784665004117414,"{""FEASIBLE"": 6}",6,0,0.08214114996371791,118.59375,,,,,0.0673368499847129,"{""limit_feasible"": 6}",6,0,27.090960299945436,120.4375,,,,,0.06382295000366867,,,,,,,,,,,,,,,,,,,,
7,jsonschema,fielded,100000,101506,1,READY,C071,"{""FEASIBLE"": 6}",6,0,7.996763149974868,115.82421875,,,,,0.06254564999835566,"{""THEOREM_EXACT"": 6}",6,6,0.21045140002388507,122.2734375,,,,,,"{""optimal_numerical"": 6}",6,6,1.3681139499531128,176.2421875,0.0035404000082053244,0.054991149983834475,1.2201187499449588,0.014774300041608512,0.06394469999941066,"{""FEASIBLE"": 6}",6,0,0.15359619999071583,123.265625,,,,,0.13979485002346337,"{""FEASIBLE"": 6}",6,0,0.07717270002467558,114.9609375,,,,,0.06194410001626238,"{""FEASIBLE"": 6}",6,0,24.571630800084677,116.5546875,,,,,0.0626076499465853,,,,,,,,,,,,,,,,,,,,
8,matplotlib,compact,100000,109859,11/10,READY,C071,"{""FEASIBLE"": 6}",6,0,13.976040349982213,134.67578125,,,,,0.10076970001682639,,,,,,,,,,,"{""optimal_numerical"": 6}",6,6,0.324812299979385,177.58984375,0.003985899966210127,0.058204200002364814,0.12078070000279695,0.01570755004649982,0.11551809997763485,,,,,,,,,,,"{""FEASIBLE"": 6}",6,0,0.12236094998661429,135.32421875,,,,,0.1037468999857083,"{""limit_feasible"": 6}",6,0,27.094556600030046,133.58203125,,,,,0.06619925005361438,"{""optimal_numerical"": 6}",6,6,0.21721194998826832,134.12109375,0.09554084995761514,0.0021109500085003674,0.00358260003849864,0.00018085003830492496,0.1094874000409618,"{""optimal_numerical"": 6}",6,6,0.27551464998396114,135.34375,0.09484634996624663,0.01842080010101199,0.023500149720348418,0.0008544999291189015,0.11070635000942275
9,pydantic,compact,100000,100042,11/10,READY,C071,"{""FEASIBLE"": 6}",6,0,17.89191305002896,123.26171875,,,,,0.06281139998463914,,,,,,,,,,,"{""optimal_numerical"": 6}",6,6,0.6486816499964334,163.109375,0.003549849963746965,0.057931299961637706,0.4816515499842353,0.01627670001471415,0.079254399985075,,,,,,,,,,,"{""FEASIBLE"": 6}",6,0,0.08367850002832711,120.8046875,,,,,0.06597035005688667,"{""limit_feasible"": 6}",6,0,27.122597599984147,122.26171875,,,,,0.10067280003568158,"{""optimal_numerical"": 6}",6,6,0.2078461500350386,123.41796875,0.11645309993764386,0.002382999984547496,0.007583799946587533,0.0003506499924696982,0.07552780007245019,"{""optimal_numerical"": 6}",6,6,0.6287532499409281,124.46875,0.11619645002065226,0.12057240033755079,0.13924980000592768,0.004884450056124479,0.07212219998473302
10,aiohttp,compact,100000,108915,11/10,READY,C071,"{""FEASIBLE"": 6}",6,0,15.89184924995061,127.83984375,,,,,0.07033429999137297,,,,,,,,,,,"{""optimal_numerical"": 6}",6,6,0.6936826999881305,168.87890625,0.0038825999945402145,0.05859109997982159,0.5288287999574095,0.016180000035092235,0.07756950001930818,,,,,,,,,,,"{""FEASIBLE"": 6}",6,0,0.08899695001309738,123.27734375,,,,,0.0721375000430271,"{""limit_feasible"": 6}",6,0,27.129953299998306,127.31640625,,,,,0.10925809998298064,"{""optimal_numerical"": 6}",6,6,0.20524435001425445,128.140625,0.11429530003806576,0.002167999977245927,0.006028749980032444,0.00033549999352544546,0.07839439995586872,"{""optimal_numerical"": 6}",6,6,0.604254299949389,126.390625,0.11723820003680885,0.11379569995915517,0.1355451499694027,0.004554650106001645,0.07746730005601421
11,jsonschema,compact,100000,91848,11/10,READY,C071,"{""FEASIBLE"": 6}",6,0,7.1109806500026025,110.60546875,,,,,0.05106585001340136,,,,,,,,,,,"{""optimal_numerical"": 6}",6,6,0.6840198000427336,149.109375,0.0029886499978601933,0.044384249951690435,0.5507526000146754,0.012689500057604164,0.06514834996778518,,,,,,,,,,,"{""FEASIBLE"": 6}",6,0,0.07112005003727973,111.73828125,,,,,0.05662644997937605,"{""FEASIBLE"": 6}",6,0,26.60913995001465,111.16015625,,,,,0.05614925001282245,"{""optimal_numerical"": 6}",6,6,0.163597300008405,113.5078125,0.09071685001254082,0.0022389499354176223,0.005634550005197525,0.00029345002258196473,0.06006899999920279,"{""optimal_numerical"": 6}",6,6,0.46841410000342876,112.5078125,0.09006294998107478,0.08829854964278638,0.10131115012336522,0.0035297501017339528,0.06447404995560646
12,matplotlib,fielded,100000,130113,11/10,READY,C071,"{""FEASIBLE"": 6}",6,0,7.370805199956521,121.8515625,,,,,0.06552409997675568,,,,,,,,,,,"{""optimal_numerical"": 6}",6,6,1.0612424999126233,177.58203125,0.0031268500606529415,0.0460402499884367,0.9231504999916069,0.012459100049454719,0.0717111499980092,,,,,,,,,,,"{""FEASIBLE"": 6}",6,0,0.08604964998085052,121.4921875,,,,,0.07251545001054183,"{""limit_feasible"": 6}",6,0,27.080431399925146,123.97265625,,,,,0.06257035001181066,"{""optimal_numerical"": 6}",6,6,0.16945719998329878,125.76953125,0.08238124998752028,0.002142150013241917,0.006423300015740097,0.00027299998328089714,0.07262505003018305,"{""optimal_numerical"": 6}",6,6,0.319278699986171,126.67578125,0.08575040003051981,0.038632949988823384,0.05524565000087023,0.0019279001862742007,0.07381825003540143
13,pydantic,fielded,100000,106808,11/10,READY,C071,"{""FEASIBLE"": 6}",6,0,17.08523259998765,121.40234375,,,,,0.0666833000141196,,,,,,,,,,,"{""optimal_numerical"": 6}",6,6,2.247361650050152,194.1328125,0.003763150016311556,0.06756789999781176,2.0797009500092827,0.01729664992308244,0.0688916000071913,,,,,,,,,,,"{""FEASIBLE"": 6}",6,0,0.08049160003429279,121.0625,,,,,0.06473770004231483,"{""limit_feasible"": 6}",6,0,27.0907510999823,121.9609375,,,,,0.06302109995158389,"{""optimal_numerical"": 6}",6,6,0.19825744995614514,124.8359375,0.10733199998503551,0.002390550042036921,0.00893249997170642,0.0003964999923482537,0.07265120005467907,"{""optimal_numerical"": 6}",6,6,0.5262816000031307,124.6015625,0.10586489998968318,0.09406709962058812,0.11792634968878701,0.0036546496558003128,0.06995524995727465
14,aiohttp,fielded,100000,105182,11/10,READY,C071,"{""FEASIBLE"": 6}",6,0,20.748851599986665,121.14453125,,,,,0.06314024998573586,,,,,,,,,,,"{""optimal_numerical"": 6}",6,6,1.675125100009609,188.30859375,0.0038661500439047813,0.06313034996856004,1.5112836500047706,0.016320049995556474,0.07240829995134845,,,,,,,,,,,"{""FEASIBLE"": 6}",6,0,0.08101190003799275,119.1328125,,,,,0.0652830500039272,"{""limit_feasible"": 6}",6,0,27.086968049989082,121.046875,,,,,0.0626526499981992,"{""optimal_numerical"": 6}",6,6,0.19413999997777864,122.56640625,0.10771309997653589,0.0024249499547295272,0.009968750004190952,0.0003976499428972602,0.07027254992863163,"{""optimal_numerical"": 6}",6,6,0.5583210500190035,122.578125,0.104058500030078,0.10106924991123378,0.13544754980830476,0.0041231001960113645,0.06826685002306476
15,jsonschema,fielded,100000,101506,11/10,READY,C071,"{""FEASIBLE"": 6}",6,0,10.289693300030194,115.10546875,,,,,0.0639663000474684,,,,,,,,,,,"{""optimal_numerical"": 6}",6,6,1.4679665999719873,183.98046875,0.003403899958357215,0.055309750023297966,1.3176276500453241,0.015017699974123389,0.06916989997262135,,,,,,,,,,,"{""FEASIBLE"": 6}",6,0,0.07634384999983013,114.54296875,,,,,0.06169970001792535,"{""FEASIBLE"": 6}",6,0,24.704484299989417,115.796875,,,,,0.0637171000125818,"{""optimal_numerical"": 6}",6,6,0.1816541000152938,118.625,0.09811454999726266,0.002023350039962679,0.00901870004599914,0.00031240005046129227,0.06748495000647381,"{""optimal_numerical"": 6}",6,6,0.3790598500636406,117.37109375,0.09653780004009604,0.055287249968387187,0.08413744979770854,0.0025474998401477933,0.0695524500333704
16,matplotlib,compact,100000,109859,5/4,READY,C071,"{""FEASIBLE"": 6}",6,0,14.170122399984393,132.26171875,,,,,0.09708470001351088,,,,,,,,,,,"{""optimal_numerical"": 6}",6,6,0.33184754999820143,171.7109375,0.003919349983334541,0.05707114998949692,0.1306849000393413,0.015531450044363737,0.11498060007579625,,,,,,,,,,,"{""FEASIBLE"": 6}",6,0,0.11708895000629127,131.70703125,,,,,0.09845790005056188,"{""limit_feasible"": 6}",6,0,27.09575139998924,133.98828125,,,,,0.06652570003643632,"{""optimal_numerical"": 6}",6,6,0.21398930001305416,136.1875,0.09600020002108067,0.001987900002859533,0.003359299967996776,0.00017389998538419604,0.10663985001156107,"{""optimal_numerical"": 6}",6,6,0.27038005006033927,136.0,0.09407530003227293,0.017190950049553066,0.02283000003080815,0.0008092999923974276,0.10844050004379824
17,pydantic,compact,100000,100042,5/4,READY,C071,"{""FEASIBLE"": 6}",6,0,18.030769800010603,123.10546875,,,,,0.06431819999124855,,,,,,,,,,,"{""optimal_numerical"": 6}",6,6,0.6329368500155397,166.05078125,0.003701950015965849,0.057958199991844594,0.46308130002580583,0.016197799937799573,0.07908354996470734,,,,,,,,,,,"{""FEASIBLE"": 6}",6,0,0.08385709999129176,120.75390625,,,,,0.06680534995393828,"{""limit_feasible"": 6}",6,0,27.11048909998499,122.484375,,,,,0.08656249998603016,"{""optimal_numerical"": 6}",6,6,0.20400014996994287,123.703125,0.11686324997572228,0.0024628500104881823,0.007609400025103241,0.0003545499639585614,0.0721782500622794,"{""optimal_numerical"": 6}",6,6,0.6327555499738082,125.5078125,0.1162696999963373,0.10992179933236912,0.15144469973165542,0.005047649843618274,0.07442240003729239
18,aiohttp,compact,100000,108915,5/4,READY,C071,"{""FEASIBLE"": 6}",6,0,15.872322399925906,128.31640625,,,,,0.06987339997431263,,,,,,,,,,,"{""optimal_numerical"": 6}",6,6,0.603497649950441,168.21875,0.003776450059376657,0.058125299983657897,0.4408003499847837,0.01570725004421547,0.07621435000328347,,,,,,,,,,,"{""FEASIBLE"": 6}",6,0,0.08472959999926388,123.58984375,,,,,0.06790599995292723,"{""limit_feasible"": 6}",6,0,27.14280890004011,127.03125,,,,,0.11424744996475056,"{""optimal_numerical"": 6}",6,6,0.20625594991724938,130.6875,0.11646520002977923,0.0023316500592045486,0.007575950003229082,0.00033730000723153353,0.07414125005016103,"{""optimal_numerical"": 6}",6,6,0.572313699987717,127.62109375,0.11234484997112304,0.10222795006120577,0.12788699998054653,0.004153899906668812,0.07702950004022568
19,jsonschema,compact,100000,91848,5/4,READY,C071,"{""FEASIBLE"": 6}",6,0,7.23330885003088,111.8046875,,,,,0.05288700002711266,,,,,,,,,,,"{""optimal_numerical"": 6}",6,6,0.6248520500375889,149.80859375,0.002873999997973442,0.043684399977792054,0.4966612499556504,0.012565249984618276,0.0627111999783665,,,,,,,,,,,"{""FEASIBLE"": 6}",6,0,0.06852594995871186,111.45703125,,,,,0.05524469999363646,"{""FEASIBLE"": 6}",6,0,26.78356154996436,111.0234375,,,,,0.05591110000386834,"{""optimal_numerical"": 6}",6,6,0.16054620005888864,113.28125,0.08815049997065216,0.0023142999270930886,0.0060738499742001295,0.0002857499639503658,0.0591696499614045,"{""optimal_numerical"": 6}",6,6,0.43624925008043647,114.58984375,0.08945260004838929,0.08235710015287623,0.09720934991491958,0.003456249716691673,0.06350704998476431
20,matplotlib,fielded,100000,130113,5/4,READY,C071,"{""FEASIBLE"": 6}",6,0,7.8600101000629365,123.35546875,,,,,0.0672197500243783,,,,,,,,,,,"{""optimal_numerical"": 6}",6,6,1.1243985500186682,179.22265625,0.0034251000033691525,0.04692300007445738,0.9839882500236854,0.012437500059604645,0.07121355005074292,,,,,,,,,,,"{""FEASIBLE"": 6}",6,0,0.07936404994688928,122.28515625,,,,,0.06745459994999692,"{""limit_feasible"": 6}",6,0,27.085736549983267,122.25390625,,,,,0.068539849948138,"{""optimal_numerical"": 6}",6,6,0.16060860001016408,125.4375,0.07801845000358298,0.0017996500246226788,0.006436650000978261,0.0002429999876767397,0.06727434997446835,"{""optimal_numerical"": 6}",6,6,0.3134211999713443,124.16015625,0.07982570002786815,0.04277499980526045,0.059932349890004843,0.001911899889819324,0.07252734998473898
21,pydantic,fielded,100000,106808,5/4,READY,C071,"{""FEASIBLE"": 6}",6,0,18.572670849913266,121.4453125,,,,,0.07748714997433126,,,,,,,,,,,"{""optimal_numerical"": 6}",6,6,2.24700929998653,194.59375,0.0040832500089891255,0.06865909998305142,2.080565449956339,0.016974549973383546,0.06843054993078113,,,,,,,,,,,"{""FEASIBLE"": 6}",6,0,0.09994024998741224,121.29296875,,,,,0.07946430001175031,"{""limit_feasible"": 6}",6,0,27.086327550001442,122.1484375,,,,,0.06509444996481761,"{""optimal_numerical"": 6}",6,6,0.18769640004029498,124.49609375,0.10442789999069646,0.0023085500579327345,0.008565400028601289,0.00036195002030581236,0.06762455002171919,"{""optimal_numerical"": 6}",6,6,0.4851582000264898,123.69921875,0.10530624992679805,0.08153324970044196,0.1101642003050074,0.003529899811837822,0.06776740000350401
22,aiohttp,fielded,100000,105182,5/4,READY,C071,"{""FEASIBLE"": 6}",6,0,22.217391700018197,120.2421875,,,,,0.05971865000901744,,,,,,,,,,,"{""optimal_numerical"": 6}",6,6,1.7065575499436818,188.8359375,0.003872999979648739,0.061774600006174296,1.5442750499933027,0.01620655006263405,0.06842129997676238,,,,,,,,,,,"{""FEASIBLE"": 6}",6,0,0.07653679995564744,118.56640625,,,,,0.06158909993246198,"{""limit_feasible"": 6}",6,0,27.08176089997869,120.49609375,,,,,0.05827534996205941,"{""optimal_numerical"": 6}",6,6,0.19406809995416552,123.28515625,0.1074365500244312,0.0022947000106796622,0.010062550019938499,0.00040530000114813447,0.06522074999520555,"{""optimal_numerical"": 6}",6,6,0.5174604000058025,122.484375,0.1063127500237897,0.09674725029617548,0.12054755032295361,0.004067250003572553,0.06615715002408251
23,jsonschema,fielded,100000,101506,5/4,READY,C071,"{""FEASIBLE"": 6}",6,0,11.69777604995761,115.359375,,,,,0.07456074998481199,,,,,,,,,,,"{""optimal_numerical"": 6}",6,6,1.4842214000527747,182.33984375,0.003483049978967756,0.05629099998623133,1.3354850499308668,0.014885850076097995,0.06549429998267442,,,,,,,,,,,"{""FEASIBLE"": 6}",6,0,0.07410184998298064,115.9296875,,,,,0.05976019997615367,"{""limit_feasible"": 4, ""FEASIBLE"": 2}",6,0,27.07192610000493,117.68359375,,,,,0.057584050053264946,"{""optimal_numerical"": 6}",6,6,0.17286675004288554,119.640625,0.09458470001118258,0.002286550006829202,0.008648549963254482,0.00030589994275942445,0.06702244997723028,"{""optimal_numerical"": 6}",6,6,0.3707684999681078,117.31640625,0.09782494994578883,0.05651324999053031,0.07574925012886524,0.0024556501302868128,0.06555240001762286
24,matplotlib,compact,100000,109859,3/2,READY,C071,"{""FEASIBLE"": 6}",6,0,15.713575200003106,132.30078125,,,,,0.09604505001334473,,,,,,,,,,,"{""optimal_numerical"": 6}",6,6,0.3356837499886751,172.140625,0.003784600005019456,0.061043750029057264,0.13811984995845705,0.015593099989928305,0.11069015000248328,,,,,,,,,,,"{""FEASIBLE"": 6}",6,0,0.1232400499866344,131.4453125,,,,,0.10456200002226979,"{""limit_feasible"": 6}",6,0,27.152097600046545,132.609375,,,,,0.12012029998004436,"{""optimal_numerical"": 6}",6,6,0.20873669994762167,134.46875,0.09264975000405684,0.0018864500452764332,0.0031869999947957695,0.0001727000344544649,0.10482450004201382,"{""optimal_numerical"": 6}",6,6,0.2783947499701753,135.53515625,0.09249494998948649,0.01696310000261292,0.024977800145279616,0.0009682999225333333,0.11197725002421066
25,pydantic,compact,100000,100042,3/2,READY,C071,"{""FEASIBLE"": 6}",6,0,20.399587099964265,121.78515625,,,,,0.06117100000847131,,,,,,,,,,,"{""optimal_numerical"": 6}",6,6,0.7077104499912821,165.484375,0.0037064499920234084,0.057942100043874234,0.5453450999339111,0.015974349982570857,0.07216984999831766,,,,,,,,,,,"{""FEASIBLE"": 6}",6,0,0.07846095005515963,121.078125,,,,,0.06170675001339987,"{""limit_feasible"": 6}",6,0,27.144126900006086,123.39453125,,,,,0.1096518500125967,"{""optimal_numerical"": 6}",6,6,0.1989983000094071,125.26171875,0.11272480001207441,0.002181999967433512,0.008386500005144626,0.0003529000096023083,0.07170605001738295,"{""optimal_numerical"": 6}",6,6,0.5968927000649273,123.734375,0.11266589997103438,0.10660239972639829,0.13685435010120273,0.00461984978755936,0.07029295002575964
26,aiohttp,compact,100000,108915,3/2,READY,C071,"{""FEASIBLE"": 6}",6,0,17.49758834997192,125.73828125,,,,,0.07080995000433177,,,,,,,,,,,"{""optimal_numerical"": 6}",6,6,0.6739086000015959,168.546875,0.003785550012253225,0.05898219998925924,0.5043816500110552,0.015929499990306795,0.0814476499799639,,,,,,,,,,,"{""FEASIBLE"": 6}",6,0,0.08666380005888641,124.0390625,,,,,0.06958479998866096,"{""limit_feasible"": 6}",6,0,27.111469299939927,126.38671875,,,,,0.07598149997647852,"{""optimal_numerical"": 6}",6,6,0.20526115002576262,126.68359375,0.11116015003062785,0.002207849989645183,0.007002199999988079,0.00032079993980005383,0.07957164995605126,"{""optimal_numerical"": 6}",6,6,0.5451271000201814,126.55078125,0.11158264998812228,0.09537710022414103,0.12184684997191653,0.0041675998363643885,0.07722119998652488
27,jsonschema,compact,100000,91848,3/2,READY,C071,"{""FEASIBLE"": 6}",6,0,7.226058300002478,112.46875,,,,,0.053120149997994304,,,,,,,,,,,"{""optimal_numerical"": 6}",6,6,0.5960694000241347,148.6796875,0.002963449980597943,0.044485900027211756,0.4586774500203319,0.012455450021661818,0.0629310499643907,,,,,,,,,,,"{""FEASIBLE"": 6}",6,0,0.06799254997167736,111.1484375,,,,,0.054582550015766174,"{""limit_feasible"": 6}",6,0,27.08098520000931,111.28125,,,,,0.060671650047879666,"{""optimal_numerical"": 6}",6,6,0.16832449997309595,113.97265625,0.09303714998532087,0.002281149965710938,0.006573999999091029,0.00028090004343539476,0.059485900041181594,"{""optimal_numerical"": 6}",6,6,0.46257600001990795,113.7421875,0.09332020004512742,0.08841974969254807,0.09989909979049116,0.003784949949476868,0.0634606999810785
28,matplotlib,fielded,100000,130113,3/2,READY,C071,"{""FEASIBLE"": 6}",6,0,8.50715780002065,121.8984375,,,,,0.06237884995061904,,,,,,,,,,,"{""optimal_numerical"": 6}",6,6,1.0250900000100955,177.16015625,0.003244499966967851,0.05162844998994842,0.8745310999220237,0.012442049977835268,0.07035860000178218,,,,,,,,,,,"{""FEASIBLE"": 6}",6,0,0.0812822500593029,122.23828125,,,,,0.06841494998661801,"{""limit_feasible"": 6}",6,0,27.103473750001285,122.60546875,,,,,0.08106764999683946,"{""optimal_numerical"": 6}",6,6,0.1705224000615999,124.703125,0.08389860001625493,0.002273400023113936,0.0064311500755138695,0.0002548499614931643,0.07137399999191985,"{""optimal_numerical"": 6}",6,6,0.3125466000055894,124.48046875,0.08331020007608458,0.04063594987383112,0.05566514970269054,0.001884999976027757,0.07050349999917671
29,pydantic,fielded,100000,106808,3/2,READY,C071,"{""FEASIBLE"": 6}",6,0,18.654269099992234,122.484375,,,,,0.08091785002034158,,,,,,,,,,,"{""optimal_numerical"": 6}",6,6,3.104002100008074,195.28125,0.003906950005330145,0.0778729499434121,2.8886137999943458,0.0256836999906227,0.10888899996643886,,,,,,,,,,,"{""FEASIBLE"": 6}",6,0,0.0826393500319682,121.0625,,,,,0.06673479999881238,"{""limit_feasible"": 6}",6,0,27.080689750029705,122.28515625,,,,,0.061528150050435215,"{""optimal_numerical"": 6}",6,6,0.29828485008329153,124.63671875,0.16869659995427355,0.002419250027742237,0.013814750011079013,0.00035564997233450413,0.10347924998495728,"{""optimal_numerical"": 6}",6,6,0.7554696499719284,124.3359375,0.1659349999972619,0.12172060000011697,0.1637653501238674,0.0066024498664774,0.09556420001899824
30,aiohttp,fielded,100000,105182,3/2,READY,C071,"{""FEASIBLE"": 6}",6,0,22.76473245001398,120.52734375,,,,,0.06105039996327832,,,,,,,,,,,"{""optimal_numerical"": 6}",6,6,1.773522450006567,190.37890625,0.003702900023199618,0.0647241499973461,1.6042195500340313,0.01652310002828017,0.06937284994637594,,,,,,,,,,,"{""FEASIBLE"": 6}",6,0,0.08087565004825592,118.83984375,,,,,0.06580069998744875,"{""limit_feasible"": 6}",6,0,27.0948527000146,120.92578125,,,,,0.06921729998430237,"{""optimal_numerical"": 6}",6,6,0.1911114999675192,123.26953125,0.10380730003817007,0.0024004500010050833,0.010821150033734739,0.0003968999953940511,0.06851789995562285,"{""optimal_numerical"": 6}",6,6,0.5430439499905333,121.9140625,0.10608915000921115,0.09345610038144514,0.12694885046221316,0.004163250036071986,0.06893239996861666
31,jsonschema,fielded,100000,101506,3/2,READY,C071,"{""FEASIBLE"": 6}",6,0,11.434525949996896,115.83984375,,,,,0.07745485001942143,,,,,,,,,,,"{""optimal_numerical"": 6}",6,6,2.100051600020379,185.5234375,0.006649300048593432,0.08769620000384748,1.9064320500474423,0.014857949980068952,0.06827904999954626,,,,,,,,,,,"{""FEASIBLE"": 6}",6,0,0.071428700000979,115.8359375,,,,,0.056696749990805984,"{""FEASIBLE"": 4, ""limit_feasible"": 2}",6,0,26.104339749959763,115.71484375,,,,,0.05825585004640743,"{""optimal_numerical"": 6}",6,6,0.18007720005698502,117.8984375,0.09681205003289506,0.0021762499818578362,0.008823400014080107,0.00029214995447546244,0.06878530001267791,"{""optimal_numerical"": 6}",6,6,0.3702532000024803,117.5625,0.09689770004479215,0.05283765000058338,0.07440420024795458,0.0024076501722447574,0.0674278000369668
32,matplotlib,compact,100000,109859,2,READY,C071,"{""FEASIBLE"": 6}",6,0,15.64565160003258,132.30859375,,,,,0.10272620001342148,,,,,,,,,,,"{""optimal_numerical"": 6}",6,6,0.3562185999471694,175.1484375,0.003927350044250488,0.059947599947918206,0.15671725006541237,0.0179548499872908,0.11190535000059754,,,,,,,,,,,"{""FEASIBLE"": 6}",6,0,0.11651334998896345,132.609375,,,,,0.09794614999555051,"{""limit_feasible"": 6}",6,0,27.119927849969827,133.046875,,,,,0.1003681500442326,"{""optimal_numerical"": 6}",6,6,0.23672870005248114,136.84375,0.12008115003118291,0.0019026000518351793,0.0038324000197462738,0.00015874998643994331,0.10546669992618263,"{""optimal_numerical"": 6}",6,6,0.25048859999515116,134.5546875,0.12230915005784482,0.003682000038679689,0.005758850078564137,0.00024354999186471105,0.10794055002043024
33,pydantic,compact,100000,100042,2,READY,C071,"{""FEASIBLE"": 6}",6,0,19.910300999996252,124.1640625,,,,,0.07906394999008626,,,,,,,,,,,"{""optimal_numerical"": 6}",6,6,0.6372991999960504,165.38671875,0.0037073499988764524,0.058332450047601014,0.47072955005569384,0.01648009999189526,0.08116484998026863,,,,,,,,,,,"{""FEASIBLE"": 6}",6,0,0.08937669999431819,123.8671875,,,,,0.07183705002535135,"{""limit_feasible"": 6}",6,0,27.111865449987818,122.28515625,,,,,0.0811970000504516,"{""optimal_numerical"": 6}",6,6,0.19961919996421784,124.06640625,0.11759809998329729,0.0021562499459832907,0.005541750055272132,0.0002479500253684819,0.07135924999602139,"{""optimal_numerical"": 6}",6,6,0.3750036000274122,125.87890625,0.11460614996030927,0.05415069992886856,0.0671119496691972,0.00219440006185323,0.0718784499913454
34,aiohttp,compact,100000,108915,2,READY,C071,"{""FEASIBLE"": 6}",6,0,15.28026085003512,125.6328125,,,,,0.06528560002334416,,,,,,,,,,,"{""optimal_numerical"": 6}",6,6,0.6056994500104338,167.84375,0.003965049982070923,0.058122500020544976,0.44381294993218035,0.01567455002805218,0.07538145000580698,,,,,,,,,,,"{""FEASIBLE"": 6}",6,0,0.08389994996832684,125.1953125,,,,,0.06715014996007085,"{""limit_feasible"": 6}",6,0,27.08928499999456,129.4375,,,,,0.06713354995008558,"{""optimal_numerical"": 6}",6,6,0.19338650006102398,127.87109375,0.11030414997367188,0.0023663000320084393,0.0051733499858528376,0.0002505999873392284,0.07098379998933524,"{""optimal_numerical"": 6}",6,6,0.3727307000081055,128.04296875,0.11361230001784861,0.04972825007280335,0.06414384976960719,0.001844650018028915,0.0730022499919869
35,jsonschema,compact,100000,91848,2,READY,C071,"{""FEASIBLE"": 6}",6,0,6.837103849975392,111.84765625,,,,,0.04707659996347502,,,,,,,,,,,"{""optimal_numerical"": 6}",6,6,0.6178864499670453,147.9921875,0.002843649999704212,0.04363359999842942,0.49415774998487905,0.012413950054906309,0.05747689999407157,,,,,,,,,,,"{""FEASIBLE"": 6}",6,0,0.06645415001548827,111.21875,,,,,0.05325739999534562,"{""FEASIBLE"": 6}",6,0,22.22579339996446,113.80859375,,,,,0.04939325002487749,"{""optimal_numerical"": 6}",6,6,0.15178169996943325,113.1015625,0.08498255000449717,0.0018982500187121332,0.004922599997371435,0.00018244999228045344,0.0561257999506779,"{""optimal_numerical"": 6}",6,6,0.23414750001393259,112.79296875,0.08435929997358471,0.022850100067444146,0.03271655010757968,0.0009157999302260578,0.05643290001899004
36,matplotlib,fielded,100000,130113,2,READY,C071,"{""FEASIBLE"": 6}",6,0,6.883031849982217,123.3828125,,,,,0.058776850055437535,,,,,,,,,,,"{""optimal_numerical"": 6}",6,6,1.084856050030794,178.44140625,0.003119700006209314,0.04673915001330897,0.9515916999662295,0.01234244997613132,0.06540774996392429,,,,,,,,,,,"{""FEASIBLE"": 6}",6,0,0.07296770001994446,121.50390625,,,,,0.06104594998760149,"{""FEASIBLE"": 6}",6,0,24.248611150018405,123.828125,,,,,0.0581208499497734,"{""optimal_numerical"": 6}",6,6,0.1521143500576727,124.71875,0.07668629992986098,0.002010399999562651,0.006139000004623085,0.0001894499291665852,0.06264740001643077,"{""optimal_numerical"": 6}",6,6,0.20559520000824705,124.26171875,0.07923850003862754,0.012417349847964942,0.015950849861837924,0.0005546000320464373,0.07423590001417324
37,pydantic,fielded,100000,106808,2,READY,C071,"{""FEASIBLE"": 6}",6,0,15.953242950025015,121.60546875,,,,,0.05947029998060316,,,,,,,,,,,"{""optimal_numerical"": 6}",6,6,2.2785310500185005,194.953125,0.0037837999989278615,0.06496119993971661,2.1183550499845296,0.016745149972848594,0.06554879999021068,,,,,,,,,,,"{""FEASIBLE"": 6}",6,0,0.0741747499560006,121.2265625,,,,,0.059000550012569875,"{""limit_feasible"": 6}",6,0,27.078195750014856,122.55859375,,,,,0.055364749976433814,"{""optimal_numerical"": 6}",6,6,0.17831694998312742,123.2890625,0.10348130000056699,0.0019999000360257924,0.004876849998254329,0.00019325001630932093,0.06195745000150055,"{""optimal_numerical"": 6}",6,6,0.2665469999774359,124.046875,0.10171919997083023,0.01964225003030151,0.03318969992687926,0.0008880998357199132,0.07482379995053634
38,aiohttp,fielded,100000,105182,2,READY,C071,"{""FEASIBLE"": 6}",6,0,19.36363605002407,120.21875,,,,,0.05441329994937405,,,,,,,,,,,"{""optimal_numerical"": 6}",6,6,1.7746742999879643,186.69140625,0.003659650043118745,0.062029500026255846,1.6208280000719242,0.016081599984318018,0.06460450001759455,,,,,,,,,,,"{""FEASIBLE"": 6}",6,0,0.07401305000530556,119.15234375,,,,,0.059155199967790395,"{""limit_feasible"": 6}",6,0,27.07580945000518,120.08203125,,,,,0.05604065000079572,"{""optimal_numerical"": 6}",6,6,0.18084849999286234,122.20703125,0.10056570003507659,0.0018591000116430223,0.005808949994388968,0.00020225002663210034,0.06491724995430559,"{""optimal_numerical"": 6}",6,6,0.256177100003697,122.51953125,0.10113095003180206,0.020474300195928663,0.028431849903427064,0.0009107000660151243,0.06966864998685196
39,jsonschema,fielded,100000,101506,2,READY,C071,"{""FEASIBLE"": 6}",6,0,9.650973300042097,115.3125,,,,,0.05386339995311573,,,,,,,,,,,"{""optimal_numerical"": 6}",6,6,1.3462867999332957,181.94140625,0.003349649952724576,0.05485405004583299,1.2050410999800079,0.014815950009506196,0.06423519994132221,,,,,,,,,,,"{""FEASIBLE"": 6}",6,0,0.0697789000114426,115.26171875,,,,,0.055905249959323555,"{""FEASIBLE"": 6}",6,0,20.1112018499407,115.703125,,,,,0.04963660007342696,"{""optimal_numerical"": 6}",6,6,0.16649045003578067,118.234375,0.09277955000288785,0.0018565500504337251,0.006233450025320053,0.00021514995023608208,0.06012845004443079,"{""optimal_numerical"": 6}",6,6,0.24007410003105178,118.37890625,0.09043190005468205,0.022240649966988713,0.03442704991903156,0.0009367999737150967,0.06093515001703054
40,matplotlib,compact,100000,109859,32,READY,C071,"{""limit_feasible"": 6}",6,0,27.12307899998268,132.80078125,,,,,0.09716254996601492,,,,,,,,,,,"{""optimal_numerical"": 6}",6,6,0.360919049999211,175.8046875,0.003863050020299852,0.05687139998190105,0.16611084999749437,0.015240149979945272,0.10965190001297742,,,,,,,,,,,"{""FEASIBLE"": 6}",6,0,0.11150935001205653,134.62890625,,,,,0.09313500003190711,"{""FEASIBLE"": 6}",6,0,7.7592788499896415,133.828125,,,,,0.09611189994029701,"{""optimal_numerical"": 6}",6,6,0.27995895000640303,136.1484375,0.16060500004095957,0.0020151500357314944,0.00834269990446046,0.00029749999521300197,0.1037866499973461,"{""optimal_numerical"": 6}",6,6,0.31684630003292114,136.1015625,0.16080660000443459,0.011585250205826014,0.020068200130481273,0.0006605000817216933,0.10410765005508438
41,pydantic,compact,100000,100042,32,READY,C071,"{""limit_feasible"": 6}",6,0,27.08848575002048,123.7734375,,,,,0.06071890000021085,,,,,,,,,,,"{""optimal_numerical"": 6}",6,6,0.7186682500760071,165.30078125,0.003522799990605563,0.05710569996153936,0.5163422999321483,0.015819150023162365,0.11591689998749644,,,,,,,,,,,"{""FEASIBLE"": 6}",6,0,0.07801649993052706,122.73828125,,,,,0.061182849982287735,"{""FEASIBLE"": 6}",6,0,4.4510794000234455,123.359375,,,,,0.10565879993373528,"{""optimal_numerical"": 6}",6,6,0.35462604998610914,125.53125,0.2165603499743156,0.002876749960705638,0.012534099980257452,0.0008354500168934464,0.11786020005820319,"{""optimal_numerical"": 6}",6,6,0.45481984998332337,126.16015625,0.21489095001015812,0.031373150006402284,0.04523165000136942,0.001894649991299957,0.11258934997022152
42,aiohttp,compact,100000,108915,32,READY,C071,"{""limit_feasible"": 6}",6,0,27.089223300048616,125.78125,,,,,0.0655080500873737,,,,,,,,,,,"{""optimal_numerical"": 6}",6,6,0.7450410000164993,173.30078125,0.0036840999964624643,0.057638650003354996,0.5344951000297442,0.015891099988948554,0.12354155001230538,,,,,,,,,,,"{""FEASIBLE"": 6}",6,0,0.08206950000021607,124.33984375,,,,,0.06529165001120418,"{""FEASIBLE"": 6}",6,0,4.4235289500211366,126.61328125,,,,,0.0714229000150226,"{""optimal_numerical"": 6}",6,6,0.3260002000024542,129.453125,0.1872935999999754,0.0027329999720677733,0.009731999947689474,0.0006706499843858182,0.1215568000334315,"{""optimal_numerical"": 6}",6,6,0.45821895002154633,131.1015625,0.18933950003702193,0.03588355012470856,0.05202580010518432,0.0020923002739436924,0.12323874997673556
43,jsonschema,compact,100000,91848,32,READY,C071,"{""limit_feasible"": 6}",6,0,27.075368500023615,115.0234375,,,,,0.053822699934244156,,,,,,,,,,,"{""optimal_numerical"": 6}",6,6,0.9631602499866858,159.09765625,0.0028811500524170697,0.04364789999090135,0.8311315500177443,0.012398699996992946,0.06463214999530464,,,,,,,,,,,"{""FEASIBLE"": 6}",6,0,0.06689495005412027,111.2890625,,,,,0.05348624993348494,"{""FEASIBLE"": 6}",6,0,4.014934150036424,114.94921875,,,,,0.05975880002370104,"{""optimal_numerical"": 6}",6,6,0.21438025002134964,115.984375,0.12252555001759902,0.0034746999735943973,0.019442699966020882,0.0012932499521411955,0.06350360001670197,"{""optimal_numerical"": 6}",6,6,0.3439135000226088,115.1171875,0.12228875001892447,0.037325099867302924,0.061740250093862414,0.0025847498909570277,0.06870125001296401
44,matplotlib,fielded,100000,130113,32,READY,C071,"{""limit_feasible"": 6}",6,0,27.119678949995432,123.49609375,,,,,0.10455245000775903,,,,,,,,,,,"{""optimal_numerical"": 6}",6,6,1.3177257999777794,182.109375,0.0030794499907642603,0.04615180002292618,1.1771676000207663,0.012320749985519797,0.07185830001253635,,,,,,,,,,,"{""FEASIBLE"": 6}",6,0,0.07597644999623299,121.34375,,,,,0.06415930000366643,"{""FEASIBLE"": 6}",6,0,8.274187650007661,123.5546875,,,,,0.06714540004031733,"{""optimal_numerical"": 6}",6,6,0.2183815500466153,128.0078125,0.12834179995115846,0.0027392999618314207,0.013020449958276004,0.0008253499981947243,0.06930490001104772,"{""optimal_numerical"": 6}",6,6,0.2667138999677263,127.9765625,0.13932785001816228,0.01346145011484623,0.02345584996510297,0.0012640499626286328,0.07239844999276102
45,pydantic,fielded,100000,106808,32,READY,C071,"{""limit_feasible"": 6}",6,0,27.08351504994789,122.54296875,,,,,0.05607844999758527,,,,,,,,,,,"{""optimal_numerical"": 6}",6,6,3.226018849934917,206.5703125,0.0037674499908462167,0.06574869999894872,3.062579050019849,0.016832950001116842,0.06834644998889416,,,,,,,,,,,"{""FEASIBLE"": 6}",6,0,0.07345975004136562,121.21875,,,,,0.058410099998582155,"{""FEASIBLE"": 6}",6,0,5.070614550029859,123.3359375,,,,,0.06391510006505996,"{""optimal_numerical"": 6}",6,6,0.29693284997483715,126.625,0.1784580999519676,0.004472949949558824,0.03504340001381934,0.002053899981547147,0.07220830000005662,"{""optimal_numerical"": 6}",6,6,0.34190170001238585,126.671875,0.18974065000656992,0.012638199958018959,0.04915520001668483,0.0024639999610371888,0.06922149995807558
46,aiohttp,fielded,100000,105182,32,READY,C071,"{""limit_feasible"": 6}",6,0,27.077680799993686,122.17578125,,,,,0.05583525000838563,,,,,,,,,,,"{""optimal_numerical"": 6}",6,6,2.7006111500086263,198.76171875,0.0035089500015601516,0.06220069999108091,2.537778199999593,0.015990099986083806,0.07364194997353479,,,,,,,,,,,"{""FEASIBLE"": 6}",6,0,0.07838595000794157,119.95703125,,,,,0.06318684999132529,"{""FEASIBLE"": 6}",6,0,4.262049299955834,121.46484375,,,,,0.061316699953749776,"{""optimal_numerical"": 6}",6,6,0.26020019996212795,125.2890625,0.15203489997657016,0.004487099999096245,0.02867939998395741,0.0018224500236101449,0.0685139000415802,"{""optimal_numerical"": 6}",6,6,0.35674209997523576,124.62109375,0.16164404997834936,0.030007849913090467,0.05402240017428994,0.0030217997264117002,0.06904565001605079
47,jsonschema,fielded,100000,101506,32,READY,C071,"{""FEASIBLE"": 6}",6,0,26.78823544998886,117.6640625,,,,,0.05963184998836368,,,,,,,,,,,"{""optimal_numerical"": 6}",6,6,2.5770042500807904,195.62890625,0.00329949997831136,0.0550439499784261,2.4231677500065416,0.01495110004907474,0.07134790002601221,,,,,,,,,,,"{""FEASIBLE"": 6}",6,0,0.06928469997365028,114.33984375,,,,,0.05540999997174367,"{""FEASIBLE"": 6}",6,0,4.794512149994262,116.81640625,,,,,0.0551878500264138,"{""optimal_numerical"": 6}",6,6,0.24990235001314431,120.2421875,0.12943889998132363,0.004944949992932379,0.042393799987621605,0.002216199995018542,0.06601964996661991,"{""optimal_numerical"": 6}",6,6,0.3795069999760017,118.89453125,0.1302119999891147,0.04267145006451756,0.08625054999720305,0.004268300021067262,0.06649860000470653
48,matplotlib,compact,1000000,1004814,1,READY,C071,"{""limit_feasible"": 6}",6,0,28.829232300049625,597.76171875,,,,,1.4690512000233866,"{""THEOREM_EXACT"": 6}",6,6,3.101774349983316,648.0703125,,,,,,"{""optimal_numerical"": 6}",6,6,18.964937950018793,994.22265625,0.02072889998089522,0.5962065500207245,16.424718850001227,0.21644104999722913,1.671877949964255,"{""FEASIBLE"": 6}",6,0,2.7321127000031993,705.37109375,,,,,2.508616550010629,"{""FEASIBLE"": 6}",6,0,1.716473200067412,589.55859375,,,,,1.4885113000054844,"{""limit_feasible"": 6}",6,0,29.764618900080677,669.96875,,,,,2.3801230000099167,,,,,,,,,,,,,,,,,,,,
49,pydantic,compact,1000000,366328,1,READY,C071,"{""limit_feasible"": 6}",6,0,27.502504349977244,254.23828125,,,,,0.4064831999130547,"{""THEOREM_EXACT"": 6}",6,6,0.9748097499832511,272.47265625,,,,,,"{""optimal_numerical"": 6}",6,6,6.147838600038085,393.921875,0.008025649993214756,0.1941029999870807,5.389316549990326,0.06463034998159856,0.474668400012888,"{""FEASIBLE"": 6}",6,0,0.8019612500211224,287.79296875,,,,,0.7374106499482878,"{""FEASIBLE"": 6}",6,0,0.4932267999975011,255.12109375,,,,,0.42703600000822917,"{""limit_feasible"": 6}",6,0,27.55815735005308,261.0234375,,,,,0.45297874993411824,,,,,,,,,,,,,,,,,,,,
50,aiohttp,compact,1000000,231531,1,READY,C071,"{""FEASIBLE"": 6}",6,0,13.107250300003216,183.50390625,,,,,0.24080469994805753,"{""THEOREM_EXACT"": 6}",6,6,0.4936899000313133,197.09765625,,,,,,"{""optimal_numerical"": 6}",6,6,2.0707585000200197,264.17578125,0.005628999962937087,0.11688295000931248,1.736221450031735,0.0347005000221543,0.16611779999220744,"{""FEASIBLE"": 6}",6,0,0.48975354997674003,203.7265625,,,,,0.45432954997522756,"{""FEASIBLE"": 6}",6,0,0.1834439500235021,183.66015625,,,,,0.14792804996250197,"{""limit_feasible"": 6}",6,0,27.32161729998188,191.3515625,,,,,0.26037869992433116,,,,,,,,,,,,,,,,,,,,
51,jsonschema,compact,1000000,91848,1,ALIAS_IDENTICAL_PREFIX,,"{""ALIAS_NOT_EXECUTED"": 6}",0,0,,,,,,,,"{""ALIAS_NOT_EXECUTED"": 6}",0,0,,,,,,,,"{""ALIAS_NOT_EXECUTED"": 6}",0,0,,,,,,,,"{""ALIAS_NOT_EXECUTED"": 6}",0,0,,,,,,,,"{""ALIAS_NOT_EXECUTED"": 6}",0,0,,,,,,,,"{""ALIAS_NOT_EXECUTED"": 6}",0,0,,,,,,,,,,,,,,,,,,,,,,,,,,,
52,matplotlib,fielded,1000000,1011144,1,READY,C071,"{""limit_feasible"": 6}",6,0,28.79000515001826,559.58203125,,,,,1.4631454999907874,"{""THEOREM_EXACT"": 6}",6,6,2.4442375999642536,629.82421875,,,,,,"{""limit_feasible"": 6}",6,0,28.26705674995901,1021.60546875,0.02145594998728484,0.6166448500589468,26.43972699996084,0.19100745004834607,0.921524950012099,"{""FEASIBLE"": 6}",6,0,2.7918600999983028,683.98046875,,,,,2.6088118000188842,"{""FEASIBLE"": 6}",6,0,0.995178550016135,570.828125,,,,,0.8077346499776468,"{""limit_feasible"": 6}",6,0,29.497127400012687,604.953125,,,,,2.2880457499995828,,,,,,,,,,,,,,,,,,,,
53,pydantic,fielded,1000000,668703,1,READY,C071,"{""limit_feasible"": 6}",6,0,27.6607981499983,370.703125,,,,,0.4672152999555692,"{""THEOREM_EXACT"": 6}",6,6,1.5219118000240996,404.26171875,,,,,,"{""limit_feasible"": 6}",6,0,27.834302850009408,878.046875,0.012297650042455643,0.37078764999751,26.75520975003019,0.12078475003363565,0.5518409500364214,"{""FEASIBLE"": 6}",6,0,1.7168390499427915,437.5703125,,,,,1.6029332500183955,"{""FEASIBLE"": 6}",6,0,0.5913622999796644,369.17578125,,,,,0.4763170000514947,"{""limit_feasible"": 6}",6,0,28.160326350014657,407.578125,,,,,0.9290351499803364,,,,,,,,,,,,,,,,,,,,
54,aiohttp,fielded,1000000,426119,1,READY,C071,"{""limit_feasible"": 6}",6,0,27.376922050025314,259.53125,,,,,0.2858560000313446,"{""THEOREM_EXACT"": 6}",6,6,0.9446348499623127,289.6640625,,,,,,"{""optimal_numerical"": 6}",6,6,10.685411000042222,472.65625,0.008883500006049871,0.22680654999567196,10.042899599939119,0.06597945000976324,0.31493999995291233,"{""FEASIBLE"": 6}",6,0,1.0111639499664307,305.11328125,,,,,0.948604850040283,"{""FEASIBLE"": 6}",6,0,0.34270099992863834,260.1875,,,,,0.28021674999035895,"{""limit_feasible"": 6}",6,0,27.60187885002233,273.91015625,,,,,0.5224523999495432,,,,,,,,,,,,,,,,,,,,
55,jsonschema,fielded,1000000,167196,1,READY,C071,"{""FEASIBLE"": 6}",6,0,17.20547769992845,143.75,,,,,0.09223339997697622,"{""THEOREM_EXACT"": 6}",6,6,0.34823199996026233,151.27734375,,,,,,"{""optimal_numerical"": 6}",6,6,2.8323345000389963,231.09765625,0.00433080003131181,0.08438904996728525,2.6024070500279777,0.02352510002674535,0.10767150006722659,"{""FEASIBLE"": 6}",6,0,0.3570581499952823,159.54296875,,,,,0.33632714999839664,"{""FEASIBLE"": 6}",6,0,0.12021154997637495,142.484375,,,,,0.09865324996644631,"{""limit_feasible"": 6}",6,0,27.204744199989364,144.95703125,,,,,0.16955525003140792,,,,,,,,,,,,,,,,,,,,
56,matplotlib,compact,1000000,1004814,11/10,READY,C071,"{""limit_feasible"": 6}",6,0,28.84458940004697,598.625,,,,,1.4908201500074938,,,,,,,,,,,"{""optimal_numerical"": 6}",6,6,23.563027950003743,946.96875,0.020482299965806305,0.6010833000182174,21.009344850026537,0.21659989998443052,1.6513832999626175,,,,,,,,,,,"{""FEASIBLE"": 6}",6,0,1.727824649948161,586.6171875,,,,,1.4975906499894336,"{""limit_feasible"": 6}",6,0,29.77970734995324,669.90625,,,,,2.4098971000057645,"{""optimal_numerical"": 6}",6,6,3.4474490000284277,613.50390625,1.7513953499728814,0.004508849990088493,0.02187130000675097,0.0014305500662885606,1.6403530999668874,"{""optimal_numerical"": 6}",6,6,6.0741298500215635,591.62890625,1.7327794499578886,0.8209562996053137,0.8200074005289935,0.025691250048112124,1.6729279999854043
57,pydantic,compact,1000000,366328,11/10,READY,C071,"{""limit_feasible"": 6}",6,0,27.529403500026092,254.6171875,,,,,0.4126302999793552,,,,,,,,,,,"{""optimal_numerical"": 6}",6,6,5.64432185003534,399.41015625,0.00782085006358102,0.1940080999629572,4.8937356500537135,0.06459004990756512,0.46604379999917,,,,,,,,,,,"{""FEASIBLE"": 6}",6,0,0.48914114997023717,247.703125,,,,,0.42353254999034107,"{""limit_feasible"": 6}",6,0,27.568342050013598,263.78515625,,,,,0.4503651999984868,"{""optimal_numerical"": 6}",6,6,0.9474998500663787,252.2421875,0.45949779998045415,0.00297949998639524,0.01314575003925711,0.0007101500523276627,0.46309615002246574,"{""optimal_numerical"": 6}",6,6,2.199909499962814,257.78125,0.46064830000977963,0.3559817002969794,0.38979659957112744,0.011976899520959705,0.5238116999389604
58,aiohttp,compact,1000000,231531,11/10,READY,C071,"{""limit_feasible"": 6}",6,0,27.201675249962136,185.08203125,,,,,0.14307855005608872,,,,,,,,,,,"{""optimal_numerical"": 6}",6,6,2.085192100086715,266.421875,0.006152049987576902,0.11670200002845377,1.7457372500211932,0.034613249998074025,0.1667794000240974,,,,,,,,,,,"{""FEASIBLE"": 6}",6,0,0.18292300001485273,182.96484375,,,,,0.14681795006617904,"{""limit_feasible"": 6}",6,0,27.32896149996668,189.85546875,,,,,0.26577075000386685,"{""optimal_numerical"": 6}",6,6,0.5279622999951243,186.71484375,0.2421904499642551,0.0024939000722952187,0.007916999980807304,0.0004169499734416604,0.26979660004144534,"{""optimal_numerical"": 6}",6,6,1.1722731500049122,183.83984375,0.24278299999423325,0.18135069985873997,0.2174145505996421,0.006368150177877396,0.26978744997177273
59,jsonschema,compact,1000000,91848,11/10,ALIAS_IDENTICAL_PREFIX,,"{""ALIAS_NOT_EXECUTED"": 6}",0,0,,,,,,,,,,,,,,,,,,"{""ALIAS_NOT_EXECUTED"": 6}",0,0,,,,,,,,,,,,,,,,,,"{""ALIAS_NOT_EXECUTED"": 6}",0,0,,,,,,,,"{""ALIAS_NOT_EXECUTED"": 6}",0,0,,,,,,,,"{""ALIAS_NOT_EXECUTED"": 6}",0,0,,,,,,,,"{""ALIAS_NOT_EXECUTED"": 6}",0,0,,,,,,,
60,matplotlib,fielded,1000000,1011144,11/10,READY,C071,"{""limit_feasible"": 6}",6,0,28.73823449999327,561.8125,,,,,1.476471399946604,,,,,,,,,,,"{""limit_feasible"": 6}",6,0,28.475664400029927,1021.28515625,0.021837899985257536,0.6265033000381663,26.650814799999353,0.1933921500458382,0.9329756000661291,,,,,,,,,,,"{""FEASIBLE"": 6}",6,0,1.0044704000465572,560.9453125,,,,,0.8154018499772064,"{""limit_feasible"": 6}",6,0,28.877014549972955,604.15625,,,,,1.5905253000091761,"{""optimal_numerical"": 6}",6,6,2.5049040999729186,565.47265625,1.5228026000550017,0.00564704998396337,0.04931109998142347,0.0017663500038906932,0.9028370499727316,"{""optimal_numerical"": 6}",6,6,5.242891350062564,564.515625,1.5234156500082463,0.8327142994967289,0.8731564998161048,0.025941950327251107,0.9302436000434682
61,pydantic,fielded,1000000,668703,11/10,READY,C071,"{""limit_feasible"": 6}",6,0,27.610546949959826,369.63671875,,,,,0.46979359997203574,,,,,,,,,,,"{""limit_feasible"": 6}",6,0,27.834958350053057,794.3671875,0.012737350014504045,0.3748638000106439,26.742028899956495,0.12176190002355725,0.5493300000089221,,,,,,,,,,,"{""FEASIBLE"": 6}",6,0,0.5978936499450356,370.5390625,,,,,0.48214954999275506,"{""limit_feasible"": 6}",6,0,28.141761500039138,398.17578125,,,,,0.9560253500239924,"{""optimal_numerical"": 6}",6,6,1.5029838000191376,373.6875,0.9110147499595769,0.004809599951840937,0.03307250008219853,0.0014223000034689903,0.5417678499943577,"{""optimal_numerical"": 6}",6,6,3.4558930000057444,369.56640625,0.9071625499636866,0.5643818999524228,0.6739687504014,0.019966349995229393,0.5635819500312209
62,aiohttp,fielded,1000000,426119,11/10,READY,C071,"{""limit_feasible"": 6}",6,0,27.383123700041324,260.828125,,,,,0.2708069499931298,,,,,,,,,,,"{""optimal_numerical"": 6}",6,6,11.275401899998542,479.796875,0.009131899918429554,0.22701435000635684,10.636254549957812,0.06557269999757409,0.3163093500188552,,,,,,,,,,,"{""FEASIBLE"": 6}",6,0,0.34069124999223277,260.82421875,,,,,0.27837610006099567,"{""limit_feasible"": 6}",6,0,27.66718700004276,273.6953125,,,,,0.5445643500424922,"{""optimal_numerical"": 6}",6,6,0.8036905999178998,263.33984375,0.46380764996865764,0.0033374500344507396,0.021263099974021316,0.0008224500343203545,0.3058951999992132,"{""optimal_numerical"": 6}",6,6,1.9507715500658378,263.0703125,0.463478599966038,0.32165249990066513,0.3795099996495992,0.0109721003100276,0.32059150002896786
63,jsonschema,fielded,1000000,167196,11/10,READY,C071,"{""FEASIBLE"": 6}",6,0,23.645937349938322,143.3828125,,,,,0.09687540004961193,,,,,,,,,,,"{""optimal_numerical"": 6}",6,6,2.4306945000425912,228.26171875,0.00426484999479726,0.08428184996591881,2.1942394499783404,0.02370754996081814,0.11372840002877638,,,,,,,,,,,"{""FEASIBLE"": 6}",6,0,0.12135414994554594,144.03515625,,,,,0.09983100002864376,"{""limit_feasible"": 6}",6,0,27.128497050027363,144.59765625,,,,,0.09500694996677339,"{""optimal_numerical"": 6}",6,6,0.2750761500210501,146.15234375,0.14452520007034764,0.002298049977980554,0.015308499976526946,0.00042949995258823037,0.10558944998774678,"{""optimal_numerical"": 6}",6,6,0.7197638000361621,145.26171875,0.14465895004104823,0.12283019977621734,0.1564632997615263,0.00444875011453405,0.1097726000007242
64,matplotlib,compact,1000000,1004814,5/4,READY,C071,"{""limit_feasible"": 6}",6,0,28.835586499946658,608.57421875,,,,,1.4775707499939017,,,,,,,,,,,"{""optimal_numerical"": 6}",6,6,16.14712734997738,949.0703125,0.02035185002023354,0.6020805999869481,13.583997950016055,0.21757715003332123,1.6660244000377133,,,,,,,,,,,"{""FEASIBLE"": 6}",6,0,1.7316382499993779,590.15625,,,,,1.500166200043168,"{""limit_feasible"": 6}",6,0,29.820172149979044,672.02734375,,,,,2.4098728999961168,"{""optimal_numerical"": 6}",6,6,3.4253448499948718,611.9609375,1.7400150499888696,0.004637800040654838,0.022848050051834434,0.0013708500191569328,1.636574100004509,"{""optimal_numerical"": 6}",6,6,6.10803780000424,590.640625,1.7365623500663787,0.8297177000204101,0.829406549630221,0.025488450075499713,1.6728845500038005
65,pydantic,compact,1000000,366328,5/4,READY,C071,"{""limit_feasible"": 6}",6,0,27.513963099976536,249.0,,,,,0.4099409499904141,,,,,,,,,,,"{""optimal_numerical"": 6}",6,6,5.717902200005483,399.24609375,0.007753600017167628,0.19474224996520206,4.966122849960811,0.06471759994747117,0.470290599972941,,,,,,,,,,,"{""FEASIBLE"": 6}",6,0,0.488973600033205,245.1796875,,,,,0.4227837999933399,"{""limit_feasible"": 6}",6,0,27.566219899978023,263.48046875,,,,,0.4582842999952845,"{""optimal_numerical"": 6}",6,6,0.9499419499770738,248.5546875,0.460016000084579,0.003074050066061318,0.012632649973966181,0.0007173999329097569,0.46392785001080483,"{""optimal_numerical"": 6}",6,6,2.189072799985297,249.51953125,0.46065180003643036,0.34296984964748845,0.409349599853158,0.01171450043329969,0.5126090500270948
66,aiohttp,compact,1000000,231531,5/4,READY,"C071,C072A","{""limit_feasible"": 6}",6,0,27.224815349909477,183.24609375,,,,,0.15927205001935363,,,,,,,,,,,"{""optimal_numerical"": 6}",6,6,2.2193592499243096,267.203125,0.005957150016911328,0.1263108499115333,1.8453582999063656,0.03689074993599206,0.18824630009476095,,,,,,,,,,,"{""FEASIBLE"": 6}",6,0,0.1992671499028802,180.171875,,,,,0.16164689988363534,"{""limit_feasible"": 6}",6,0,27.348326849984005,185.09375,,,,,0.2808604999445379,"{""optimal_numerical"": 6}",6,6,0.5833306999411434,184.30859375,0.25989370001479983,0.0024267000844702125,0.009370850049890578,0.0004810499958693981,0.3041166499024257,"{""optimal_numerical"": 6}",6,6,1.1886236501159146,183.09765625,0.2585073499940336,0.1821977507788688,0.21529630030272529,0.007491000113077462,0.2884332500398159
67,jsonschema,compact,1000000,91848,5/4,ALIAS_IDENTICAL_PREFIX,,"{""ALIAS_NOT_EXECUTED"": 6}",0,0,,,,,,,,,,,,,,,,,,"{""ALIAS_NOT_EXECUTED"": 6}",0,0,,,,,,,,,,,,,,,,,,"{""ALIAS_NOT_EXECUTED"": 6}",0,0,,,,,,,,"{""ALIAS_NOT_EXECUTED"": 6}",0,0,,,,,,,,"{""ALIAS_NOT_EXECUTED"": 6}",0,0,,,,,,,,"{""ALIAS_NOT_EXECUTED"": 6}",0,0,,,,,,,
68,matplotlib,fielded,1000000,1011144,5/4,READY,C072A,"{""limit_feasible"": 6}",6,0,28.915906750014983,559.75390625,,,,,1.623163350042887,,,,,,,,,,,"{""limit_feasible"": 6}",6,0,28.538302299915813,1021.265625,0.02247289998922497,0.6451864000409842,26.582852799911052,0.1990918000228703,1.0307269499171525,,,,,,,,,,,"{""FEASIBLE"": 6}",6,0,1.1078730499139056,558.4765625,,,,,0.9162289500236511,"{""limit_feasible"": 6}",6,0,29.10002825013362,605.71484375,,,,,1.7700078000780195,"{""optimal_numerical"": 6}",6,6,2.698812699993141,563.15234375,1.6102405998390168,0.005707699921913445,0.05301789997611195,0.001842500059865415,1.0053972998866811,"{""optimal_numerical"": 6}",6,6,5.32305600005202,575.39453125,1.5699412000831217,0.8180329509777948,0.8857298493385315,0.031183498562313616,1.0198064999422058
69,pydantic,fielded,1000000,668703,5/4,READY,C072A,"{""limit_feasible"": 6}",6,0,27.88997265009675,369.4765625,,,,,0.6952523499494419,,,,,,,,,,,"{""limit_feasible"": 6}",6,0,28.359470700030215,773.76171875,0.015347699983976781,0.444898150046356,26.91067979997024,0.14400625007692724,0.760632949997671,,,,,,,,,,,"{""FEASIBLE"": 6}",6,0,0.8243713499978185,374.8046875,,,,,0.6827790000243112,"{""limit_feasible"": 6}",6,0,28.645698399981484,396.25,,,,,1.4386974499793723,"{""optimal_numerical"": 6}",6,6,1.8292707999935374,372.5390625,1.0522750499658287,0.005623699980787933,0.03998170013073832,0.0016377000138163567,0.7176079499768093,"{""optimal_numerical"": 6}",6,6,4.0961396001512185,371.171875,1.0467078001238406,0.6523534496081993,0.7761015008436516,0.028849099297076464,0.7466710500884801
70,aiohttp,fielded,1000000,426119,5/4,READY,C072A,"{""limit_feasible"": 6}",6,0,27.550340450019576,261.05859375,,,,,0.36494249990209937,,,,,,,,,,,"{""optimal_numerical"": 6}",6,6,11.859792749979533,477.38671875,0.010702300001867115,0.26365940005052835,11.064474549959414,0.07526630000211298,0.3929603999713436,,,,,,,,,,,"{""FEASIBLE"": 6}",6,0,0.444856800022535,261.203125,,,,,0.37086575001012534,"{""limit_feasible"": 6}",6,0,27.798454799922183,277.6875,,,,,0.6965871000429615,"{""optimal_numerical"": 6}",6,6,0.9479973500128835,264.58203125,0.5199669499415904,0.003874200046993792,0.024166649905964732,0.000953950104303658,0.388111750013195,"{""optimal_numerical"": 6}",6,6,2.1712389000458643,262.578125,0.5179376999149099,0.33506650023628026,0.42855560104362667,0.014997550169937313,0.4215333500178531
71,jsonschema,fielded,1000000,167196,5/4,READY,C072A,"{""limit_feasible"": 2, ""FEASIBLE"": 4}",6,0,26.590736099984497,143.19140625,,,,,0.11597819998860359,,,,,,,,,,,"{""optimal_numerical"": 6}",6,6,2.7550683000590652,231.8671875,0.004905350040644407,0.09710955002810806,2.4750781500479206,0.02616414986550808,0.13586204987950623,,,,,,,,,,,"{""FEASIBLE"": 6}",6,0,0.14387615001760423,144.53515625,,,,,0.11895505001302809,"{""limit_feasible"": 6}",6,0,27.21112639992498,144.359375,,,,,0.16403700003866106,"{""optimal_numerical"": 6}",6,6,0.31801474990788847,146.32421875,0.16631355008576065,0.0027327999705448747,0.015352449961937964,0.0005290500121191144,0.12622525007463992,"{""optimal_numerical"": 6}",6,6,0.8090417500352487,146.33984375,0.1655995500041172,0.13529305043630302,0.1743338000960648,0.0057242498733103275,0.12858699983917177
72,matplotlib,compact,1000000,1004814,3/2,READY,C072A,"{""limit_feasible"": 6}",6,0,28.439860749989748,591.33203125,,,,,0.9935376499779522,,,,,,,,,,,"{""optimal_numerical"": 6}",6,6,25.09820230002515,984.23046875,0.02292469993699342,0.7000278499908745,21.978735450073145,0.24072970007546246,1.985532750026323,,,,,,,,,,,"{""FEASIBLE"": 6}",6,0,2.0528533500619233,607.69140625,,,,,1.7966890500392765,"{""limit_feasible"": 6}",6,0,29.46779624989722,641.34765625,,,,,2.0733510000864044,"{""optimal_numerical"": 6}",6,6,3.8996960999211296,610.703125,1.9156035999767482,0.005345049896277487,0.02453529986087233,0.0016174499178305268,1.9191696499474347,"{""optimal_numerical"": 6}",6,6,6.727264099987224,588.76953125,1.9188156998716295,0.8698390988865867,0.8974291993072256,0.03391440003179014,2.0047862499486655
73,pydantic,compact,1000000,366328,3/2,READY,C072A,"{""limit_feasible"": 6}",6,0,27.656112600117922,249.359375,,,,,0.5430108000291511,,,,,,,,,,,"{""optimal_numerical"": 6}",6,6,6.8223491499666125,400.47265625,0.008902000030502677,0.23123464989475906,5.8513141999719664,0.07374240003991872,0.6331267500063404,,,,,,,,,,,"{""FEASIBLE"": 6}",6,0,0.6243030000478029,246.78515625,,,,,0.5499457499245182,"{""limit_feasible"": 6}",6,0,27.7756785498932,263.63671875,,,,,0.643195700016804,"{""optimal_numerical"": 6}",6,6,1.1506628999486566,254.46484375,0.5181081000482664,0.0037272500339895487,0.013758699991740286,0.0008927499875426292,0.6030689500039443,"{""optimal_numerical"": 6}",6,6,2.552329650032334,253.0390625,0.5201420499943197,0.38800444931257516,0.4619159997673705,0.01661535049788654,0.6420610001077875
74,aiohttp,compact,1000000,231531,3/2,READY,C072A,"{""limit_feasible"": 6}",6,0,27.254721049917862,184.0546875,,,,,0.19334404997061938,,,,,,,,,,,"{""optimal_numerical"": 6}",6,6,2.5780366000253707,268.2578125,0.006966200075112283,0.1421679500490427,2.1314030499197543,0.04129704996012151,0.23637880012392998,,,,,,,,,,,"{""FEASIBLE"": 6}",6,0,0.23718805005773902,181.5078125,,,,,0.1938674000557512,"{""limit_feasible"": 6}",6,0,27.413378249970265,188.359375,,,,,0.35530155000742525,"{""optimal_numerical"": 6}",6,6,0.6658736498793587,190.51953125,0.29193724994547665,0.0030805000569671392,0.009570150054059923,0.0005191999953240156,0.3567332000238821,"{""optimal_numerical"": 6}",6,6,1.4269330999813974,190.95703125,0.28796684998087585,0.20983500115107745,0.25346819951664656,0.009454900166019797,0.3759902499150485
75,jsonschema,compact,1000000,91848,3/2,ALIAS_IDENTICAL_PREFIX,,"{""ALIAS_NOT_EXECUTED"": 6}",0,0,,,,,,,,,,,,,,,,,,"{""ALIAS_NOT_EXECUTED"": 6}",0,0,,,,,,,,,,,,,,,,,,"{""ALIAS_NOT_EXECUTED"": 6}",0,0,,,,,,,,"{""ALIAS_NOT_EXECUTED"": 6}",0,0,,,,,,,,"{""ALIAS_NOT_EXECUTED"": 6}",0,0,,,,,,,,"{""ALIAS_NOT_EXECUTED"": 6}",0,0,,,,,,,
76,matplotlib,fielded,1000000,1011144,3/2,READY,C072A,"{""limit_feasible"": 6}",6,0,28.417934500030242,567.61328125,,,,,1.0593304500216618,,,,,,,,,,,"{""limit_feasible"": 6}",6,0,28.783863450051285,1022.28515625,0.02654214994981885,0.7261507000075653,26.550587349920534,0.219636750058271,1.1572533999569714,,,,,,,,,,,"{""FEASIBLE"": 6}",6,0,1.2584099000087008,560.4921875,,,,,1.0457711999770254,"{""limit_feasible"": 6}",6,0,29.44294370012358,612.2421875,,,,,2.2010327000170946,"{""optimal_numerical"": 6}",6,6,3.024453450110741,563.0390625,1.7816056499723345,0.006696950062178075,0.06515064986888319,0.001984999980777502,1.1449196499306709,"{""optimal_numerical"": 6}",6,6,5.950055949972011,574.78125,1.7410135999089107,0.9345471998676658,0.9960507998475805,0.03664614993613213,1.1823538000462577
77,pydantic,fielded,1000000,668703,3/2,READY,C072A,"{""limit_feasible"": 6}",6,0,27.79252134996932,377.65234375,,,,,0.5796708000125363,,,,,,,,,,,"{""limit_feasible"": 6}",6,0,27.93313749996014,784.16015625,0.013592750066891313,0.3956124499673024,26.683569799992256,0.126542350044474,0.6140697499504313,,,,,,,,,,,"{""FEASIBLE"": 6}",6,0,0.7130276499083266,373.38671875,,,,,0.5855126000242308,"{""limit_feasible"": 6}",6,0,28.358920649974607,396.8125,,,,,1.1594614500645548,"{""optimal_numerical"": 6}",6,6,1.6914010000182316,375.28515625,0.9627275500679389,0.00478679989464581,0.04104084987193346,0.0015614001313224435,0.6595417499775067,"{""optimal_numerical"": 6}",6,6,3.8156351500656456,372.55859375,0.9888075499329716,0.6082057502353564,0.7159376493655145,0.02456544851884246,0.6706367001170292
78,aiohttp,fielded,1000000,426119,3/2,READY,C072A,"{""limit_feasible"": 6}",6,0,27.479741550050676,259.921875,,,,,0.3791284499457106,,,,,,,,,,,"{""optimal_numerical"": 6}",6,6,9.930029949988239,468.96875,0.009045299957506359,0.22744545002933592,9.294437250006013,0.0656328999903053,0.31346690002828836,,,,,,,,,,,"{""FEASIBLE"": 6}",6,0,0.3435675000073388,260.046875,,,,,0.28126584994606674,"{""limit_feasible"": 6}",6,0,27.62219769996591,273.90625,,,,,0.5322759998962283,"{""optimal_numerical"": 6}",6,6,0.8060341998934746,263.6875,0.46368844993412495,0.0033246501116082072,0.023615050013177097,0.0008300000336021185,0.30506295000668615,"{""optimal_numerical"": 6}",6,6,1.9188536499859765,264.51953125,0.4620401000138372,0.3009263501735404,0.3936697995522991,0.010907599236816168,0.3308439999818802
79,jsonschema,fielded,1000000,167196,3/2,READY,C072A,"{""FEASIBLE"": 6}",6,0,23.5471663500648,143.03125,,,,,0.09922715008724481,,,,,,,,,,,"{""optimal_numerical"": 6}",6,6,2.7363090498838574,235.328125,0.004361950093880296,0.08450624998658895,2.507385350065306,0.023012649966403842,0.10811915004160255,,,,,,,,,,,"{""FEASIBLE"": 6}",6,0,0.11993964994326234,143.49609375,,,,,0.0982831500004977,"{""limit_feasible"": 6}",6,0,27.134759499924257,144.04296875,,,,,0.09643480007071048,"{""optimal_numerical"": 6}",6,6,0.27024640003219247,146.40625,0.14310400001704693,0.002390950103290379,0.012068399926647544,0.00040270015597343445,0.10671129997354001,"{""optimal_numerical"": 6}",6,6,0.7076768998522311,145.7578125,0.14491460018325597,0.11431590013671666,0.15671834896784276,0.004465499776415527,0.1069582998752594
80,matplotlib,compact,1000000,1004814,2,READY,C072A,"{""limit_feasible"": 6}",6,0,28.85716560005676,593.9375,,,,,1.481064600055106,,,,,,,,,,,"{""optimal_numerical"": 6}",6,6,16.542310849996284,937.18359375,0.02026474999729544,0.5999421500600874,13.983570200041868,0.2174513500649482,1.660423650057055,,,,,,,,,,,"{""FEASIBLE"": 6}",6,0,1.7166720499517396,589.98046875,,,,,1.487713749986142,"{""limit_feasible"": 6}",6,0,29.771991149988025,671.34765625,,,,,2.3710043500177562,"{""optimal_numerical"": 6}",6,6,3.3742984499549493,593.96875,1.722471000161022,0.0033033499494194984,0.01114600000437349,0.000742150004953146,1.628566849976778,"{""optimal_numerical"": 6}",6,6,4.520346499979496,612.32421875,1.7150923499139026,0.32942585041746497,0.3641495011979714,0.010682800319045782,1.669425250031054
81,pydantic,compact,1000000,366328,2,READY,C072A,"{""limit_feasible"": 6}",6,0,27.525896950042807,246.546875,,,,,0.40679424989502877,,,,,,,,,,,"{""optimal_numerical"": 6}",6,6,6.4976666499860585,408.26953125,0.0078068498987704515,0.19409760006237775,5.7502138001145795,0.06448954995721579,0.4666563000064343,,,,,,,,,,,"{""FEASIBLE"": 6}",6,0,0.4918013500282541,253.828125,,,,,0.42633934994228184,"{""limit_feasible"": 6}",6,0,27.570573549950495,273.828125,,,,,0.4570304499939084,"{""optimal_numerical"": 6}",6,6,0.9314356500981376,244.94921875,0.4575211498886347,0.0024547999491915107,0.006943550077266991,0.0003856499679386616,0.4569440499180928,"{""optimal_numerical"": 6}",6,6,1.4386580000864342,245.71875,0.4588747000088915,0.1420353993307799,0.17151300108525902,0.004737799987196922,0.46721030003391206
82,aiohttp,compact,1000000,231531,2,READY,C072A,"{""limit_feasible"": 6}",6,0,27.28675165004097,184.47265625,,,,,0.23988309991545975,,,,,,,,,,,"{""optimal_numerical"": 6}",6,6,2.195798799977638,270.421875,0.0055740000680089,0.11549044994171709,1.856616000062786,0.03517390007618815,0.16980074997991323,,,,,,,,,,,"{""FEASIBLE"": 6}",6,0,0.1827627499587834,182.19140625,,,,,0.14590654999483377,"{""limit_feasible"": 6}",6,0,27.314561699982733,186.0546875,,,,,0.25402270001359284,"{""optimal_numerical"": 6}",6,6,0.5256970500340685,185.59375,0.24213000002782792,0.0020909999730065465,0.005285099963657558,0.0002749999985098839,0.2684868999058381,"{""optimal_numerical"": 6}",6,6,0.8256302500376478,186.7421875,0.24311299994587898,0.08263800060376525,0.1097056003054604,0.003077099332585931,0.26944589999038726
83,jsonschema,compact,1000000,91848,2,ALIAS_IDENTICAL_PREFIX,,"{""ALIAS_NOT_EXECUTED"": 6}",0,0,,,,,,,,,,,,,,,,,,"{""ALIAS_NOT_EXECUTED"": 6}",0,0,,,,,,,,,,,,,,,,,,"{""ALIAS_NOT_EXECUTED"": 6}",0,0,,,,,,,,"{""ALIAS_NOT_EXECUTED"": 6}",0,0,,,,,,,,"{""ALIAS_NOT_EXECUTED"": 6}",0,0,,,,,,,,"{""ALIAS_NOT_EXECUTED"": 6}",0,0,,,,,,,
84,matplotlib,fielded,1000000,1011144,2,READY,C072A,"{""limit_feasible"": 6}",6,0,28.73029774997849,560.515625,,,,,1.4512933499645442,,,,,,,,,,,"{""limit_feasible"": 6}",6,0,28.639916050015017,1022.03515625,0.022009899839758873,0.6194428500020877,26.81776884989813,0.19189484987873584,0.9301084999460727,,,,,,,,,,,"{""FEASIBLE"": 6}",6,0,0.9929985000053421,558.875,,,,,0.8094183498760685,"{""limit_feasible"": 6}",6,0,29.63307010009885,602.73046875,,,,,2.3165367001201957,"{""optimal_numerical"": 6}",6,6,2.4698875000467524,562.1796875,1.5353318998822942,0.0032102500554174185,0.01459475012961775,0.0006376499077305198,0.8958724500844255,"{""optimal_numerical"": 6}",6,6,3.1693158000707626,560.84765625,1.5307904499350116,0.2113657002337277,0.2370188491186127,0.006313100922852755,0.9211057500215247
85,pydantic,fielded,1000000,668703,2,READY,C072A,"{""limit_feasible"": 6}",6,0,27.637879049987532,376.73828125,,,,,0.46998649998568,,,,,,,,,,,"{""limit_feasible"": 6}",6,0,27.93880264996551,789.93359375,0.012658950057812035,0.3737065999303013,26.837831799988635,0.12147909996565431,0.5529502000426874,,,,,,,,,,,"{""FEASIBLE"": 6}",6,0,0.5994531500618905,370.765625,,,,,0.48390630003996193,"{""limit_feasible"": 6}",6,0,28.15385384997353,406.87109375,,,,,0.9655384499346837,"{""optimal_numerical"": 6}",6,6,1.4958635499933735,371.9609375,0.9259824998443946,0.002952600014396012,0.012973299948498607,0.0006198500050231814,0.5403153999941424,"{""optimal_numerical"": 6}",6,6,2.1193424001103267,373.05078125,0.923708000103943,0.17486775072757155,0.19446054950822145,0.0058318988885730505,0.5815924500348046
86,aiohttp,fielded,1000000,426119,2,READY,C072A,"{""limit_feasible"": 6}",6,0,27.373932499904186,260.2109375,,,,,0.2742568500107154,,,,,,,,,,,"{""optimal_numerical"": 6}",6,6,11.9698174999794,482.859375,0.00913229992147535,0.22686529997736216,11.330962850013748,0.06595404993277043,0.3164979999419302,,,,,,,,,,,"{""FEASIBLE"": 6}",6,0,0.34375050000380725,258.4609375,,,,,0.2816705999430269,"{""limit_feasible"": 6}",6,0,27.653394300024956,270.47265625,,,,,0.5425064500886947,"{""optimal_numerical"": 6}",6,6,0.7960095999296755,261.84765625,0.4691673500929028,0.0022750499192625284,0.008471400011330843,0.0003500500461086631,0.3065834000008181,"{""optimal_numerical"": 6}",6,6,1.0763059500604868,266.0625,0.46877859998494387,0.07948279997799546,0.09654570044949651,0.002742150449194014,0.3079474000260234
87,jsonschema,fielded,1000000,167196,2,READY,C072A,"{""FEASIBLE"": 6}",6,0,23.717256349977106,144.16796875,,,,,0.09979110001586378,,,,,,,,,,,"{""optimal_numerical"": 6}",6,6,2.5328755500959232,237.61328125,0.004585849936120212,0.08567755005788058,2.2947413000511006,0.023542100097984076,0.11279500008095056,,,,,,,,,,,"{""FEASIBLE"": 6}",6,0,0.11977499991189688,142.65234375,,,,,0.09819254989270121,"{""limit_feasible"": 6}",6,0,27.129685699939728,144.19140625,,,,,0.09817000001203269,"{""optimal_numerical"": 6}",6,6,0.26769715000409633,145.7421875,0.14519925008062273,0.0019125500693917274,0.007744850008748472,0.00025219994131475687,0.10700234991963953,"{""optimal_numerical"": 6}",6,6,0.43922200007364154,145.15234375,0.14533420000225306,0.046983149950392544,0.05955999996513128,0.0016887496458366513,0.10889825003687292
88,matplotlib,compact,1000000,1004814,32,READY,C072A,"{""limit_feasible"": 6}",6,0,28.871679549920373,589.3828125,,,,,1.485311200027354,,,,,,,,,,,"{""optimal_numerical"": 6}",6,6,15.623074750066735,948.40234375,0.019976350013166666,0.6021438500611112,12.984993850113824,0.21691349998582155,1.7456463500857353,,,,,,,,,,,"{""FEASIBLE"": 6}",6,0,1.724382699932903,607.88671875,,,,,1.4925826500402763,"{""limit_feasible"": 6}",6,0,29.75037385011092,671.84765625,,,,,2.4172504000598565,"{""optimal_numerical"": 6}",6,6,7.733333199983463,638.703125,5.936416199896485,0.011457050102762878,0.07503219996578991,0.0068649499444290996,1.6816073500085622,"{""optimal_numerical"": 6}",6,6,9.138032049871981,614.921875,5.933605400030501,0.4411678508622572,0.47319765051361173,0.02003695082385093,1.7235572999343276
89,pydantic,compact,1000000,366328,32,READY,C072A,"{""limit_feasible"": 6}",6,0,27.50093109998852,248.4296875,,,,,0.4114856000524014,,,,,,,,,,,"{""optimal_numerical"": 6}",6,6,8.234429500065744,427.6796875,0.007793650031089783,0.19420399994123727,7.45603795000352,0.06455689994618297,0.4961737999692559,,,,,,,,,,,"{""FEASIBLE"": 6}",6,0,0.4895976501284167,245.6484375,,,,,0.4239015500061214,"{""limit_feasible"": 6}",6,0,27.56457515002694,263.671875,,,,,0.4681426999159157,"{""optimal_numerical"": 6}",6,6,1.5792970500187948,270.05859375,0.9883502499433234,0.00866535003297031,0.07872915000189096,0.004808950005099177,0.48786524997558445,"{""optimal_numerical"": 6}",6,6,2.3356759001035243,259.0078125,0.9895000999094918,0.20912380050867796,0.27890174998901784,0.012484950944781303,0.5304092498263344
90,aiohttp,compact,1000000,231531,32,READY,C072A,"{""limit_feasible"": 6}",6,0,27.221079399925657,183.765625,,,,,0.14807245007250458,,,,,,,,,,,"{""optimal_numerical"": 6}",6,6,3.7535702500026673,279.953125,0.005479350103996694,0.11713055009022355,3.288579300045967,0.03458039998076856,0.29138750000856817,,,,,,,,,,,"{""FEASIBLE"": 6}",6,0,0.18637839995790273,180.1015625,,,,,0.15042820002418011,"{""FEASIBLE"": 6}",6,0,24.14752740005497,186.61328125,,,,,0.25772560003679246,"{""optimal_numerical"": 6}",6,6,0.95652475010138,198.84375,0.6287021499592811,0.004104999941773713,0.030696799978613853,0.0017698000883683562,0.286468549980782,"{""optimal_numerical"": 6}",6,6,1.284634800045751,187.84375,0.6261180499568582,0.09595614927820861,0.12751855025999248,0.005142500041984022,0.29129410011228174
91,jsonschema,compact,1000000,91848,32,ALIAS_IDENTICAL_PREFIX,,"{""ALIAS_NOT_EXECUTED"": 6}",0,0,,,,,,,,,,,,,,,,,,"{""ALIAS_NOT_EXECUTED"": 6}",0,0,,,,,,,,,,,,,,,,,,"{""ALIAS_NOT_EXECUTED"": 6}",0,0,,,,,,,,"{""ALIAS_NOT_EXECUTED"": 6}",0,0,,,,,,,,"{""ALIAS_NOT_EXECUTED"": 6}",0,0,,,,,,,,"{""ALIAS_NOT_EXECUTED"": 6}",0,0,,,,,,,
92,matplotlib,fielded,1000000,1011144,32,READY,C072A,"{""limit_feasible"": 6}",6,0,28.726724150008522,558.8515625,,,,,1.4641107999486849,,,,,,,,,,,"{""limit_feasible"": 6}",6,0,29.51595210004598,1083.63671875,0.02212974987924099,0.6229175499174744,26.92340194992721,0.1921884500188753,1.6968305498594418,,,,,,,,,,,"{""FEASIBLE"": 6}",6,0,1.0063444999977946,560.13671875,,,,,0.8204243499785662,"{""limit_feasible"": 6}",6,0,29.311898299958557,602.12890625,,,,,1.9945477000437677,"{""optimal_numerical"": 6}",6,6,6.08162185002584,584.3671875,4.088253799942322,0.023067899863235652,0.276442650007084,0.014270799933001399,1.656034999876283,"{""optimal_numerical"": 6}",6,6,7.138661200064234,580.734375,4.079937650007196,0.3435594002949074,0.536683150799945,0.024634351604618132,1.7074696499621496
93,pydantic,fielded,1000000,668703,32,READY,"C072A,C072B","{""limit_feasible"": 6}",6,0,27.710880349972285,371.0859375,,,,,0.5058627500002331,,,,,,,,,,,"{""limit_feasible"": 6}",6,0,28.213961599999948,791.69921875,0.012903249943519768,0.3909342999982073,27.073147349999545,0.121989599977951,0.5938866999024413,,,,,,,,,,,"{""FEASIBLE"": 6}",6,0,0.6029594000001453,368.19921875,,,,,0.48697774995684995,"{""limit_feasible"": 6}",6,0,28.184744800035787,408.15625,,,,,1.0050786000001608,"{""optimal_numerical"": 6}",6,6,3.643479249995835,384.171875,2.2787552499539743,0.023991350027927183,0.28087360002859896,0.015123150035833532,1.0215391000015188,"{""optimal_numerical"": 6}",6,6,4.141833050060086,385.9375,2.2776190500007942,0.18888480006717145,0.3772178506305863,0.021405500001492328,1.0334358499139853
94,aiohttp,fielded,1000000,426119,32,READY,C072B,"{""limit_feasible"": 6}",6,0,27.41463130000011,260.48828125,,,,,0.30079630000045654,,,,,,,,,,,"{""limit_feasible"": 6}",6,0,27.525191300000188,606.9296875,0.00905670000020109,0.2329954999995607,26.83300629999985,0.06738049999967188,0.3663465999998152,,,,,,,,,,,"{""FEASIBLE"": 6}",6,0,0.36918329999980415,263.3984375,,,,,0.30617125000026135,"{""limit_feasible"": 6}",6,0,27.65890085000001,279.0078125,,,,,0.5687150500002645,"{""optimal_numerical"": 6}",6,6,1.9867628500001047,270.75,1.1029912500002865,0.014214499999980035,0.21956779999982245,0.008318400000007387,0.61663204999968,"{""optimal_numerical"": 6}",6,6,2.354179049999857,270.05078125,1.0936538000000837,0.12159384999858958,0.32433234999871274,0.012912999998206942,0.6199677500003418
95,jsonschema,fielded,1000000,167196,32,READY,C072B,"{""limit_feasible"": 6}",6,0,27.151714399999946,143.01953125,,,,,0.11785544999975173,,,,,,,,,,,"{""optimal_numerical"": 6}",6,6,5.252890349999689,255.50390625,0.005022699999699398,0.08538774999988163,5.002760250000392,0.023170050000317133,0.12462349999987055,,,,,,,,,,,"{""FEASIBLE"": 6}",6,0,0.13004034999994474,141.75,,,,,0.10699464999970587,"{""FEASIBLE"": 6}",6,0,12.213989299999866,144.98828125,,,,,0.11534034999976939,"{""optimal_numerical"": 6}",6,6,0.4159708499996668,150.390625,0.21487690000003568,0.0071882500001265726,0.06584764999979598,0.0033465999999862106,0.11926740000035352,"{""optimal_numerical"": 6}",6,6,0.5221175499996207,151.24609375,0.21102375000009488,0.03554450000046927,0.1028000999995129,0.004476950000025681,0.12109164999992572
96,matplotlib,compact,10000000,1856156,1,READY,C072B,"{""METHOD_TIME_CAP"": 6}",0,0,,884.359375,,,,,,"{""THEOREM_EXACT"": 6}",6,6,7.635411849999855,1076.48828125,,,,,,"{""METHOD_TIME_CAP"": 6}",0,0,,1543.57421875,,,,,,"{""FEASIBLE"": 6}",6,0,7.0538212000001295,1201.01953125,,,,,6.494091349999962,"{""FEASIBLE"": 6}",6,0,4.352428250000685,998.23046875,,,,,3.8021287999999913,"{""METHOD_TIME_CAP"": 6}",0,0,,912.74609375,,,,,,,,,,,,,,,,,,,,,,,,,
97,pydantic,compact,10000000,366328,1,ALIAS_IDENTICAL_PREFIX,,"{""ALIAS_NOT_EXECUTED"": 6}",0,0,,,,,,,,"{""ALIAS_NOT_EXECUTED"": 6}",0,0,,,,,,,,"{""ALIAS_NOT_EXECUTED"": 6}",0,0,,,,,,,,"{""ALIAS_NOT_EXECUTED"": 6}",0,0,,,,,,,,"{""ALIAS_NOT_EXECUTED"": 6}",0,0,,,,,,,,"{""ALIAS_NOT_EXECUTED"": 6}",0,0,,,,,,,,,,,,,,,,,,,,,,,,,,,
98,aiohttp,compact,10000000,231531,1,ALIAS_IDENTICAL_PREFIX,,"{""ALIAS_NOT_EXECUTED"": 6}",0,0,,,,,,,,"{""ALIAS_NOT_EXECUTED"": 6}",0,0,,,,,,,,"{""ALIAS_NOT_EXECUTED"": 6}",0,0,,,,,,,,"{""ALIAS_NOT_EXECUTED"": 6}",0,0,,,,,,,,"{""ALIAS_NOT_EXECUTED"": 6}",0,0,,,,,,,,"{""ALIAS_NOT_EXECUTED"": 6}",0,0,,,,,,,,,,,,,,,,,,,,,,,,,,,
99,jsonschema,compact,10000000,91848,1,ALIAS_IDENTICAL_PREFIX,,"{""ALIAS_NOT_EXECUTED"": 6}",0,0,,,,,,,,"{""ALIAS_NOT_EXECUTED"": 6}",0,0,,,,,,,,"{""ALIAS_NOT_EXECUTED"": 6}",0,0,,,,,,,,"{""ALIAS_NOT_EXECUTED"": 6}",0,0,,,,,,,,"{""ALIAS_NOT_EXECUTED"": 6}",0,0,,,,,,,,"{""ALIAS_NOT_EXECUTED"": 6}",0,0,,,,,,,,,,,,,,,,,,,,,,,,,,,
100,matplotlib,fielded,10000000,3373699,1,READY,C072B,"{""METHOD_TIME_CAP"": 6}",0,0,,1424.33984375,,,,,,"{""THEOREM_EXACT"": 6}",6,6,10.646692399999665,1773.4765625,,,,,,"{""METHOD_TIME_CAP"": 6}",0,0,,2707.55859375,,,,,,"{""FEASIBLE"": 6}",6,0,14.633830599999783,1985.83203125,,,,,13.688718249999965,"{""FEASIBLE"": 6}",6,0,4.608278599999721,1573.21875,,,,,3.682677749999584,"{""METHOD_TIME_CAP"": 6}",0,0,,1424.61328125,,,,,,,,,,,,,,,,,,,,,,,,,
101,pydantic,fielded,10000000,668703,1,ALIAS_IDENTICAL_PREFIX,,"{""ALIAS_NOT_EXECUTED"": 6}",0,0,,,,,,,,"{""ALIAS_NOT_EXECUTED"": 6}",0,0,,,,,,,,"{""ALIAS_NOT_EXECUTED"": 6}",0,0,,,,,,,,"{""ALIAS_NOT_EXECUTED"": 6}",0,0,,,,,,,,"{""ALIAS_NOT_EXECUTED"": 6}",0,0,,,,,,,,"{""ALIAS_NOT_EXECUTED"": 6}",0,0,,,,,,,,,,,,,,,,,,,,,,,,,,,
102,aiohttp,fielded,10000000,426119,1,ALIAS_IDENTICAL_PREFIX,,"{""ALIAS_NOT_EXECUTED"": 6}",0,0,,,,,,,,"{""ALIAS_NOT_EXECUTED"": 6}",0,0,,,,,,,,"{""ALIAS_NOT_EXECUTED"": 6}",0,0,,,,,,,,"{""ALIAS_NOT_EXECUTED"": 6}",0,0,,,,,,,,"{""ALIAS_NOT_EXECUTED"": 6}",0,0,,,,,,,,"{""ALIAS_NOT_EXECUTED"": 6}",0,0,,,,,,,,,,,,,,,,,,,,,,,,,,,
103,jsonschema,fielded,10000000,167196,1,ALIAS_IDENTICAL_PREFIX,,"{""ALIAS_NOT_EXECUTED"": 6}",0,0,,,,,,,,"{""ALIAS_NOT_EXECUTED"": 6}",0,0,,,,,,,,"{""ALIAS_NOT_EXECUTED"": 6}",0,0,,,,,,,,"{""ALIAS_NOT_EXECUTED"": 6}",0,0,,,,,,,,"{""ALIAS_NOT_EXECUTED"": 6}",0,0,,,,,,,,"{""ALIAS_NOT_EXECUTED"": 6}",0,0,,,,,,,,,,,,,,,,,,,,,,,,,,,
104,matplotlib,compact,10000000,1856156,11/10,READY,C072B,"{""METHOD_TIME_CAP"": 2, ""limit_feasible"": 3, ""input_budget_exceeded_feasible"": 1}",3,0,29.919069299999137,997.734375,,,,,2.0014711000003444,,,,,,,,,,,"{""METHOD_TIME_CAP"": 6}",0,0,,1543.43359375,,,,,,,,,,,,,,,,"{""FEASIBLE"": 6}",6,0,4.38755595000066,968.41796875,,,,,3.795521999999437,"{""METHOD_TIME_CAP"": 6}",0,0,,913.16796875,,,,,,"{""optimal_numerical"": 6}",6,6,8.601709949999986,1005.3984375,4.347046650000266,0.008905050000066694,0.04866519999995944,0.0032949500000540866,4.1305161499999485,"{""optimal_numerical"": 6}",6,6,14.134104299999308,1004.4140625,4.337164949999988,1.8959774500021922,1.6684828499987816,0.06641260000105831,4.164460950000375
105,pydantic,compact,10000000,366328,11/10,ALIAS_IDENTICAL_PREFIX,,"{""ALIAS_NOT_EXECUTED"": 6}",0,0,,,,,,,,,,,,,,,,,,"{""ALIAS_NOT_EXECUTED"": 6}",0,0,,,,,,,,,,,,,,,,,,"{""ALIAS_NOT_EXECUTED"": 6}",0,0,,,,,,,,"{""ALIAS_NOT_EXECUTED"": 6}",0,0,,,,,,,,"{""ALIAS_NOT_EXECUTED"": 6}",0,0,,,,,,,,"{""ALIAS_NOT_EXECUTED"": 6}",0,0,,,,,,,
106,aiohttp,compact,10000000,231531,11/10,ALIAS_IDENTICAL_PREFIX,,"{""ALIAS_NOT_EXECUTED"": 6}",0,0,,,,,,,,,,,,,,,,,,"{""ALIAS_NOT_EXECUTED"": 6}",0,0,,,,,,,,,,,,,,,,,,"{""ALIAS_NOT_EXECUTED"": 6}",0,0,,,,,,,,"{""ALIAS_NOT_EXECUTED"": 6}",0,0,,,,,,,,"{""ALIAS_NOT_EXECUTED"": 6}",0,0,,,,,,,,"{""ALIAS_NOT_EXECUTED"": 6}",0,0,,,,,,,
107,jsonschema,compact,10000000,91848,11/10,ALIAS_IDENTICAL_PREFIX,,"{""ALIAS_NOT_EXECUTED"": 6}",0,0,,,,,,,,,,,,,,,,,,"{""ALIAS_NOT_EXECUTED"": 6}",0,0,,,,,,,,,,,,,,,,,,"{""ALIAS_NOT_EXECUTED"": 6}",0,0,,,,,,,,"{""ALIAS_NOT_EXECUTED"": 6}",0,0,,,,,,,,"{""ALIAS_NOT_EXECUTED"": 6}",0,0,,,,,,,,"{""ALIAS_NOT_EXECUTED"": 6}",0,0,,,,,,,
108,matplotlib,fielded,10000000,3373699,11/10,READY,C072B,"{""METHOD_TIME_CAP"": 6}",0,0,,1424.49609375,,,,,,,,,,,,,,,,"{""METHOD_TIME_CAP"": 6}",0,0,,2705.82421875,,,,,,,,,,,,,,,,"{""FEASIBLE"": 6}",6,0,4.468307850000201,1561.85546875,,,,,3.555285399999775,"{""METHOD_TIME_CAP"": 6}",0,0,,1426.6796875,,,,,,"{""optimal_numerical"": 6}",6,6,17.698516550000022,1579.78125,13.206274149999444,0.01673084999947605,0.21875025000008463,0.007912549999673502,4.249237449999782,"{""optimal_numerical"": 6}",6,6,28.148995449999347,1579.73828125,13.322518750001109,3.819397249991198,3.0733967499809296,0.11736074998498225,4.254275250000319
109,pydantic,fielded,10000000,668703,11/10,ALIAS_IDENTICAL_PREFIX,,"{""ALIAS_NOT_EXECUTED"": 6}",0,0,,,,,,,,,,,,,,,,,,"{""ALIAS_NOT_EXECUTED"": 6}",0,0,,,,,,,,,,,,,,,,,,"{""ALIAS_NOT_EXECUTED"": 6}",0,0,,,,,,,,"{""ALIAS_NOT_EXECUTED"": 6}",0,0,,,,,,,,"{""ALIAS_NOT_EXECUTED"": 6}",0,0,,,,,,,,"{""ALIAS_NOT_EXECUTED"": 6}",0,0,,,,,,,
110,aiohttp,fielded,10000000,426119,11/10,ALIAS_IDENTICAL_PREFIX,,"{""ALIAS_NOT_EXECUTED"": 6}",0,0,,,,,,,,,,,,,,,,,,"{""ALIAS_NOT_EXECUTED"": 6}",0,0,,,,,,,,,,,,,,,,,,"{""ALIAS_NOT_EXECUTED"": 6}",0,0,,,,,,,,"{""ALIAS_NOT_EXECUTED"": 6}",0,0,,,,,,,,"{""ALIAS_NOT_EXECUTED"": 6}",0,0,,,,,,,,"{""ALIAS_NOT_EXECUTED"": 6}",0,0,,,,,,,
111,jsonschema,fielded,10000000,167196,11/10,ALIAS_IDENTICAL_PREFIX,,"{""ALIAS_NOT_EXECUTED"": 6}",0,0,,,,,,,,,,,,,,,,,,"{""ALIAS_NOT_EXECUTED"": 6}",0,0,,,,,,,,,,,,,,,,,,"{""ALIAS_NOT_EXECUTED"": 6}",0,0,,,,,,,,"{""ALIAS_NOT_EXECUTED"": 6}",0,0,,,,,,,,"{""ALIAS_NOT_EXECUTED"": 6}",0,0,,,,,,,,"{""ALIAS_NOT_EXECUTED"": 6}",0,0,,,,,,,
112,matplotlib,compact,10000000,1856156,5/4,READY,C072B,"{""limit_feasible"": 4, ""METHOD_TIME_CAP"": 2}",4,0,29.914534250000543,997.8984375,,,,,2.013239350000731,,,,,,,,,,,"{""METHOD_TIME_CAP"": 6}",0,0,,1548.703125,,,,,,,,,,,,,,,,"{""FEASIBLE"": 6}",6,0,4.121612050000294,992.72265625,,,,,3.5657110499996634,"{""METHOD_TIME_CAP"": 6}",0,0,,911.57421875,,,,,,"{""optimal_numerical"": 6}",6,6,8.754049500000292,975.48046875,4.561331300000347,0.009870099998806836,0.04646879999927478,0.0033423500008211704,4.096218949999638,"{""optimal_numerical"": 6}",6,6,14.189835450000828,979.2265625,4.400100949999796,1.8752474999901096,1.7276941999998598,0.0655554999866581,4.028541799999402
113,pydantic,compact,10000000,366328,5/4,ALIAS_IDENTICAL_PREFIX,,"{""ALIAS_NOT_EXECUTED"": 6}",0,0,,,,,,,,,,,,,,,,,,"{""ALIAS_NOT_EXECUTED"": 6}",0,0,,,,,,,,,,,,,,,,,,"{""ALIAS_NOT_EXECUTED"": 6}",0,0,,,,,,,,"{""ALIAS_NOT_EXECUTED"": 6}",0,0,,,,,,,,"{""ALIAS_NOT_EXECUTED"": 6}",0,0,,,,,,,,"{""ALIAS_NOT_EXECUTED"": 6}",0,0,,,,,,,
114,aiohttp,compact,10000000,231531,5/4,ALIAS_IDENTICAL_PREFIX,,"{""ALIAS_NOT_EXECUTED"": 6}",0,0,,,,,,,,,,,,,,,,,,"{""ALIAS_NOT_EXECUTED"": 6}",0,0,,,,,,,,,,,,,,,,,,"{""ALIAS_NOT_EXECUTED"": 6}",0,0,,,,,,,,"{""ALIAS_NOT_EXECUTED"": 6}",0,0,,,,,,,,"{""ALIAS_NOT_EXECUTED"": 6}",0,0,,,,,,,,"{""ALIAS_NOT_EXECUTED"": 6}",0,0,,,,,,,
115,jsonschema,compact,10000000,91848,5/4,ALIAS_IDENTICAL_PREFIX,,"{""ALIAS_NOT_EXECUTED"": 6}",0,0,,,,,,,,,,,,,,,,,,"{""ALIAS_NOT_EXECUTED"": 6}",0,0,,,,,,,,,,,,,,,,,,"{""ALIAS_NOT_EXECUTED"": 6}",0,0,,,,,,,,"{""ALIAS_NOT_EXECUTED"": 6}",0,0,,,,,,,,"{""ALIAS_NOT_EXECUTED"": 6}",0,0,,,,,,,,"{""ALIAS_NOT_EXECUTED"": 6}",0,0,,,,,,,
116,matplotlib,fielded,10000000,3373699,5/4,READY,C072B,"{""METHOD_TIME_CAP"": 6}",0,0,,1423.91796875,,,,,,,,,,,,,,,,"{""METHOD_TIME_CAP"": 6}",0,0,,2708.46484375,,,,,,,,,,,,,,,,"{""FEASIBLE"": 6}",6,0,4.505150250000042,1573.6953125,,,,,3.592308650000632,"{""METHOD_TIME_CAP"": 6}",0,0,,1424.7265625,,,,,,"{""optimal_numerical"": 6}",6,6,18.14457989999937,1575.28515625,13.489731050000046,0.017226400000254216,0.3204789500005063,0.007963650000419875,4.248814199999288,"{""optimal_numerical"": 6}",6,6,28.357820449999053,1580.1953125,13.264935250000235,3.811916699987705,3.0812585500189016,0.11584594999567344,4.251816649999455
117,pydantic,fielded,10000000,668703,5/4,ALIAS_IDENTICAL_PREFIX,,"{""ALIAS_NOT_EXECUTED"": 6}",0,0,,,,,,,,,,,,,,,,,,"{""ALIAS_NOT_EXECUTED"": 6}",0,0,,,,,,,,,,,,,,,,,,"{""ALIAS_NOT_EXECUTED"": 6}",0,0,,,,,,,,"{""ALIAS_NOT_EXECUTED"": 6}",0,0,,,,,,,,"{""ALIAS_NOT_EXECUTED"": 6}",0,0,,,,,,,,"{""ALIAS_NOT_EXECUTED"": 6}",0,0,,,,,,,
118,aiohttp,fielded,10000000,426119,5/4,ALIAS_IDENTICAL_PREFIX,,"{""ALIAS_NOT_EXECUTED"": 6}",0,0,,,,,,,,,,,,,,,,,,"{""ALIAS_NOT_EXECUTED"": 6}",0,0,,,,,,,,,,,,,,,,,,"{""ALIAS_NOT_EXECUTED"": 6}",0,0,,,,,,,,"{""ALIAS_NOT_EXECUTED"": 6}",0,0,,,,,,,,"{""ALIAS_NOT_EXECUTED"": 6}",0,0,,,,,,,,"{""ALIAS_NOT_EXECUTED"": 6}",0,0,,,,,,,
119,jsonschema,fielded,10000000,167196,5/4,ALIAS_IDENTICAL_PREFIX,,"{""ALIAS_NOT_EXECUTED"": 6}",0,0,,,,,,,,,,,,,,,,,,"{""ALIAS_NOT_EXECUTED"": 6}",0,0,,,,,,,,,,,,,,,,,,"{""ALIAS_NOT_EXECUTED"": 6}",0,0,,,,,,,,"{""ALIAS_NOT_EXECUTED"": 6}",0,0,,,,,,,,"{""ALIAS_NOT_EXECUTED"": 6}",0,0,,,,,,,,"{""ALIAS_NOT_EXECUTED"": 6}",0,0,,,,,,,
120,matplotlib,compact,10000000,1856156,3/2,READY,C072B,"{""limit_feasible"": 6}",6,0,29.792520350000814,998.16015625,,,,,1.929352000000108,,,,,,,,,,,"{""METHOD_TIME_CAP"": 6}",0,0,,1549.328125,,,,,,,,,,,,,,,,"{""FEASIBLE"": 6}",6,0,4.086584499999844,998.609375,,,,,3.542833700000301,"{""METHOD_TIME_CAP"": 6}",0,0,,914.0234375,,,,,,"{""optimal_numerical"": 6}",6,6,8.372014600000512,1004.23046875,4.319435450000128,0.008039749999625201,0.04490985000120418,0.003254999999626307,3.9493409999995492,"{""optimal_numerical"": 6}",6,6,13.82889725000041,970.2109375,4.375997550000648,1.8510949500196148,1.6478879999922356,0.06461689999468945,3.8716903499998807
121,pydantic,compact,10000000,366328,3/2,ALIAS_IDENTICAL_PREFIX,,"{""ALIAS_NOT_EXECUTED"": 6}",0,0,,,,,,,,,,,,,,,,,,"{""ALIAS_NOT_EXECUTED"": 6}",0,0,,,,,,,,,,,,,,,,,,"{""ALIAS_NOT_EXECUTED"": 6}",0,0,,,,,,,,"{""ALIAS_NOT_EXECUTED"": 6}",0,0,,,,,,,,"{""ALIAS_NOT_EXECUTED"": 6}",0,0,,,,,,,,"{""ALIAS_NOT_EXECUTED"": 6}",0,0,,,,,,,
122,aiohttp,compact,10000000,231531,3/2,ALIAS_IDENTICAL_PREFIX,,"{""ALIAS_NOT_EXECUTED"": 6}",0,0,,,,,,,,,,,,,,,,,,"{""ALIAS_NOT_EXECUTED"": 6}",0,0,,,,,,,,,,,,,,,,,,"{""ALIAS_NOT_EXECUTED"": 6}",0,0,,,,,,,,"{""ALIAS_NOT_EXECUTED"": 6}",0,0,,,,,,,,"{""ALIAS_NOT_EXECUTED"": 6}",0,0,,,,,,,,"{""ALIAS_NOT_EXECUTED"": 6}",0,0,,,,,,,
123,jsonschema,compact,10000000,91848,3/2,ALIAS_IDENTICAL_PREFIX,,"{""ALIAS_NOT_EXECUTED"": 6}",0,0,,,,,,,,,,,,,,,,,,"{""ALIAS_NOT_EXECUTED"": 6}",0,0,,,,,,,,,,,,,,,,,,"{""ALIAS_NOT_EXECUTED"": 6}",0,0,,,,,,,,"{""ALIAS_NOT_EXECUTED"": 6}",0,0,,,,,,,,"{""ALIAS_NOT_EXECUTED"": 6}",0,0,,,,,,,,"{""ALIAS_NOT_EXECUTED"": 6}",0,0,,,,,,,
124,matplotlib,fielded,10000000,3373699,3/2,READY,C072B,"{""METHOD_TIME_CAP"": 6}",0,0,,1423.6796875,,,,,,,,,,,,,,,,"{""METHOD_TIME_CAP"": 6}",0,0,,2698.73828125,,,,,,,,,,,,,,,,"{""FEASIBLE"": 6}",6,0,4.540477499999724,1572.0078125,,,,,3.597872299998926,"{""METHOD_TIME_CAP"": 6}",0,0,,1424.94140625,,,,,,"{""optimal_numerical"": 6}",6,6,17.761278450000646,1566.8828125,13.132298899999114,0.01656254999943485,0.35151910000058706,0.007833049999135255,4.220098449999568,"{""optimal_numerical"": 6}",6,6,28.19534980000026,1579.57421875,13.343087550000746,3.8328248999869174,3.057670899992445,0.11945350003497879,4.15309950000028
125,pydantic,fielded,10000000,668703,3/2,ALIAS_IDENTICAL_PREFIX,,"{""ALIAS_NOT_EXECUTED"": 6}",0,0,,,,,,,,,,,,,,,,,,"{""ALIAS_NOT_EXECUTED"": 6}",0,0,,,,,,,,,,,,,,,,,,"{""ALIAS_NOT_EXECUTED"": 6}",0,0,,,,,,,,"{""ALIAS_NOT_EXECUTED"": 6}",0,0,,,,,,,,"{""ALIAS_NOT_EXECUTED"": 6}",0,0,,,,,,,,"{""ALIAS_NOT_EXECUTED"": 6}",0,0,,,,,,,
126,aiohttp,fielded,10000000,426119,3/2,ALIAS_IDENTICAL_PREFIX,,"{""ALIAS_NOT_EXECUTED"": 6}",0,0,,,,,,,,,,,,,,,,,,"{""ALIAS_NOT_EXECUTED"": 6}",0,0,,,,,,,,,,,,,,,,,,"{""ALIAS_NOT_EXECUTED"": 6}",0,0,,,,,,,,"{""ALIAS_NOT_EXECUTED"": 6}",0,0,,,,,,,,"{""ALIAS_NOT_EXECUTED"": 6}",0,0,,,,,,,,"{""ALIAS_NOT_EXECUTED"": 6}",0,0,,,,,,,
127,jsonschema,fielded,10000000,167196,3/2,ALIAS_IDENTICAL_PREFIX,,"{""ALIAS_NOT_EXECUTED"": 6}",0,0,,,,,,,,,,,,,,,,,,"{""ALIAS_NOT_EXECUTED"": 6}",0,0,,,,,,,,,,,,,,,,,,"{""ALIAS_NOT_EXECUTED"": 6}",0,0,,,,,,,,"{""ALIAS_NOT_EXECUTED"": 6}",0,0,,,,,,,,"{""ALIAS_NOT_EXECUTED"": 6}",0,0,,,,,,,,"{""ALIAS_NOT_EXECUTED"": 6}",0,0,,,,,,,
128,matplotlib,compact,10000000,1856156,2,READY,C072B,"{""METHOD_TIME_CAP"": 3, ""limit_feasible"": 3}",3,0,29.67309589999968,999.26953125,,,,,1.9509140999998635,,,,,,,,,,,"{""METHOD_TIME_CAP"": 6}",0,0,,1549.0234375,,,,,,,,,,,,,,,,"{""FEASIBLE"": 6}",6,0,4.060277499999756,997.68359375,,,,,3.507566050000605,"{""METHOD_TIME_CAP"": 6}",0,0,,912.88671875,,,,,,"{""optimal_numerical"": 6}",6,6,8.194864599999164,998.42578125,4.2836750999995274,0.005382700000154728,0.0186719000002995,0.0017757499999788706,3.8425002500007395,"{""optimal_numerical"": 6}",6,6,10.833472500000425,1002.9609375,4.317087600000377,0.8265188000041235,0.7983906000035859,0.028727299996717193,3.903525400000035
129,pydantic,compact,10000000,366328,2,ALIAS_IDENTICAL_PREFIX,,"{""ALIAS_NOT_EXECUTED"": 6}",0,0,,,,,,,,,,,,,,,,,,"{""ALIAS_NOT_EXECUTED"": 6}",0,0,,,,,,,,,,,,,,,,,,"{""ALIAS_NOT_EXECUTED"": 6}",0,0,,,,,,,,"{""ALIAS_NOT_EXECUTED"": 6}",0,0,,,,,,,,"{""ALIAS_NOT_EXECUTED"": 6}",0,0,,,,,,,,"{""ALIAS_NOT_EXECUTED"": 6}",0,0,,,,,,,
130,aiohttp,compact,10000000,231531,2,ALIAS_IDENTICAL_PREFIX,,"{""ALIAS_NOT_EXECUTED"": 6}",0,0,,,,,,,,,,,,,,,,,,"{""ALIAS_NOT_EXECUTED"": 6}",0,0,,,,,,,,,,,,,,,,,,"{""ALIAS_NOT_EXECUTED"": 6}",0,0,,,,,,,,"{""ALIAS_NOT_EXECUTED"": 6}",0,0,,,,,,,,"{""ALIAS_NOT_EXECUTED"": 6}",0,0,,,,,,,,"{""ALIAS_NOT_EXECUTED"": 6}",0,0,,,,,,,
131,jsonschema,compact,10000000,91848,2,ALIAS_IDENTICAL_PREFIX,,"{""ALIAS_NOT_EXECUTED"": 6}",0,0,,,,,,,,,,,,,,,,,,"{""ALIAS_NOT_EXECUTED"": 6}",0,0,,,,,,,,,,,,,,,,,,"{""ALIAS_NOT_EXECUTED"": 6}",0,0,,,,,,,,"{""ALIAS_NOT_EXECUTED"": 6}",0,0,,,,,,,,"{""ALIAS_NOT_EXECUTED"": 6}",0,0,,,,,,,,"{""ALIAS_NOT_EXECUTED"": 6}",0,0,,,,,,,
132,matplotlib,fielded,10000000,3373699,2,READY,C072B,"{""METHOD_TIME_CAP"": 6}",0,0,,1425.3828125,,,,,,,,,,,,,,,,"{""METHOD_TIME_CAP"": 6}",0,0,,2707.546875,,,,,,,,,,,,,,,,"{""FEASIBLE"": 6}",6,0,4.496549499999674,1573.37890625,,,,,3.585655900000347,"{""METHOD_TIME_CAP"": 6}",0,0,,1424.58984375,,,,,,"{""optimal_numerical"": 6}",6,6,14.835201199999574,1575.93359375,10.474289050001971,0.007740649998595472,0.04261589999987336,0.0023713999999017688,4.285440300000118,"{""optimal_numerical"": 6}",6,6,17.132363750000877,1575.1875,10.243583800000124,0.9675432499843737,0.7766020999988541,0.0290473000077327,4.240775049998774
133,pydantic,fielded,10000000,668703,2,ALIAS_IDENTICAL_PREFIX,,"{""ALIAS_NOT_EXECUTED"": 6}",0,0,,,,,,,,,,,,,,,,,,"{""ALIAS_NOT_EXECUTED"": 6}",0,0,,,,,,,,,,,,,,,,,,"{""ALIAS_NOT_EXECUTED"": 6}",0,0,,,,,,,,"{""ALIAS_NOT_EXECUTED"": 6}",0,0,,,,,,,,"{""ALIAS_NOT_EXECUTED"": 6}",0,0,,,,,,,,"{""ALIAS_NOT_EXECUTED"": 6}",0,0,,,,,,,
134,aiohttp,fielded,10000000,426119,2,ALIAS_IDENTICAL_PREFIX,,"{""ALIAS_NOT_EXECUTED"": 6}",0,0,,,,,,,,,,,,,,,,,,"{""ALIAS_NOT_EXECUTED"": 6}",0,0,,,,,,,,,,,,,,,,,,"{""ALIAS_NOT_EXECUTED"": 6}",0,0,,,,,,,,"{""ALIAS_NOT_EXECUTED"": 6}",0,0,,,,,,,,"{""ALIAS_NOT_EXECUTED"": 6}",0,0,,,,,,,,"{""ALIAS_NOT_EXECUTED"": 6}",0,0,,,,,,,
135,jsonschema,fielded,10000000,167196,2,ALIAS_IDENTICAL_PREFIX,,"{""ALIAS_NOT_EXECUTED"": 6}",0,0,,,,,,,,,,,,,,,,,,"{""ALIAS_NOT_EXECUTED"": 6}",0,0,,,,,,,,,,,,,,,,,,"{""ALIAS_NOT_EXECUTED"": 6}",0,0,,,,,,,,"{""ALIAS_NOT_EXECUTED"": 6}",0,0,,,,,,,,"{""ALIAS_NOT_EXECUTED"": 6}",0,0,,,,,,,,"{""ALIAS_NOT_EXECUTED"": 6}",0,0,,,,,,,
136,matplotlib,compact,10000000,1856156,32,READY,C072B,"{""limit_feasible"": 4, ""METHOD_TIME_CAP"": 2}",4,0,29.716607399997883,967.32421875,,,,,2.008734850001929,,,,,,,,,,,"{""METHOD_TIME_CAP"": 6}",0,0,,1543.6640625,,,,,,,,,,,,,,,,"{""FEASIBLE"": 6}",6,0,4.096557549999488,967.8359375,,,,,3.549983800001428,"{""METHOD_TIME_CAP"": 6}",0,0,,913.22265625,,,,,,"{""optimal_numerical"": 6}",6,6,20.33831939999982,1047.625,15.766673499998433,0.030823499999314663,0.3600702000003366,0.02079214999866963,4.090106949999608,"{""optimal_numerical"": 6}",6,6,23.393530649998866,1050.4609375,15.574310299998615,1.1474991000122827,1.233202000028541,0.0650192000248353,4.0253049499988265
137,pydantic,compact,10000000,366328,32,ALIAS_IDENTICAL_PREFIX,,"{""ALIAS_NOT_EXECUTED"": 6}",0,0,,,,,,,,,,,,,,,,,,"{""ALIAS_NOT_EXECUTED"": 6}",0,0,,,,,,,,,,,,,,,,,,"{""ALIAS_NOT_EXECUTED"": 6}",0,0,,,,,,,,"{""ALIAS_NOT_EXECUTED"": 6}",0,0,,,,,,,,"{""ALIAS_NOT_EXECUTED"": 6}",0,0,,,,,,,,"{""ALIAS_NOT_EXECUTED"": 6}",0,0,,,,,,,
138,aiohttp,compact,10000000,231531,32,ALIAS_IDENTICAL_PREFIX,,"{""ALIAS_NOT_EXECUTED"": 6}",0,0,,,,,,,,,,,,,,,,,,"{""ALIAS_NOT_EXECUTED"": 6}",0,0,,,,,,,,,,,,,,,,,,"{""ALIAS_NOT_EXECUTED"": 6}",0,0,,,,,,,,"{""ALIAS_NOT_EXECUTED"": 6}",0,0,,,,,,,,"{""ALIAS_NOT_EXECUTED"": 6}",0,0,,,,,,,,"{""ALIAS_NOT_EXECUTED"": 6}",0,0,,,,,,,
139,jsonschema,compact,10000000,91848,32,ALIAS_IDENTICAL_PREFIX,,"{""ALIAS_NOT_EXECUTED"": 6}",0,0,,,,,,,,,,,,,,,,,,"{""ALIAS_NOT_EXECUTED"": 6}",0,0,,,,,,,,,,,,,,,,,,"{""ALIAS_NOT_EXECUTED"": 6}",0,0,,,,,,,,"{""ALIAS_NOT_EXECUTED"": 6}",0,0,,,,,,,,"{""ALIAS_NOT_EXECUTED"": 6}",0,0,,,,,,,,"{""ALIAS_NOT_EXECUTED"": 6}",0,0,,,,,,,
140,matplotlib,fielded,10000000,3373699,32,READY,C072B,"{""METHOD_TIME_CAP"": 6}",0,0,,1424.10546875,,,,,,,,,,,,,,,,"{""METHOD_TIME_CAP"": 6}",0,0,,2707.859375,,,,,,,,,,,,,,,,"{""FEASIBLE"": 6}",6,0,4.588977200000954,1547.05078125,,,,,3.643887349999204,"{""METHOD_TIME_CAP"": 6}",0,0,,1423.7109375,,,,,,"{""METHOD_TIME_CAP"": 6}",0,0,,1423.72265625,,,,,,"{""METHOD_TIME_CAP"": 6}",0,0,,1423.71484375,,,,,
141,pydantic,fielded,10000000,668703,32,ALIAS_IDENTICAL_PREFIX,,"{""ALIAS_NOT_EXECUTED"": 6}",0,0,,,,,,,,,,,,,,,,,,"{""ALIAS_NOT_EXECUTED"": 6}",0,0,,,,,,,,,,,,,,,,,,"{""ALIAS_NOT_EXECUTED"": 6}",0,0,,,,,,,,"{""ALIAS_NOT_EXECUTED"": 6}",0,0,,,,,,,,"{""ALIAS_NOT_EXECUTED"": 6}",0,0,,,,,,,,"{""ALIAS_NOT_EXECUTED"": 6}",0,0,,,,,,,
142,aiohttp,fielded,10000000,426119,32,ALIAS_IDENTICAL_PREFIX,,"{""ALIAS_NOT_EXECUTED"": 6}",0,0,,,,,,,,,,,,,,,,,,"{""ALIAS_NOT_EXECUTED"": 6}",0,0,,,,,,,,,,,,,,,,,,"{""ALIAS_NOT_EXECUTED"": 6}",0,0,,,,,,,,"{""ALIAS_NOT_EXECUTED"": 6}",0,0,,,,,,,,"{""ALIAS_NOT_EXECUTED"": 6}",0,0,,,,,,,,"{""ALIAS_NOT_EXECUTED"": 6}",0,0,,,,,,,
143,jsonschema,fielded,10000000,167196,32,ALIAS_IDENTICAL_PREFIX,,"{""ALIAS_NOT_EXECUTED"": 6}",0,0,,,,,,,,,,,,,,,,,,"{""ALIAS_NOT_EXECUTED"": 6}",0,0,,,,,,,,,,,,,,,,,,"{""ALIAS_NOT_EXECUTED"": 6}",0,0,,,,,,,,"{""ALIAS_NOT_EXECUTED"": 6}",0,0,,,,,,,,"{""ALIAS_NOT_EXECUTED"": 6}",0,0,,,,,,,,"{""ALIAS_NOT_EXECUTED"": 6}",0,0,,,,,,,
