condition,source,representation,target_nodes,N,h,method,attempted,valid,optimal,complete,statuses,peak_rss_mib_median,process_wall_median,valid_time_primary_median,valid_time_preprocess_median,valid_time_model_median,valid_time_solver_median,valid_time_interpret_median,valid_time_reconstruct_median,initial_candidates,joins,forced,excluded,variables,constraints,components,max_component_candidates,fixed_count_vertices,reference_optimum_cost
0,matplotlib,compact,100000,109859,11/10,Global MILP baseline,6,6,6,True,"{""optimal_numerical"": 6}",167.68359375,1.086412199998449,0.33294430000387365,0.0038744500052416697,0.06046805000369204,0.12823724999907427,0.01690585000324063,0.11502019999898039,23711,2400,0,0,47422,71133,1,23711,0,756903/10
0,matplotlib,compact,100000,109859,11/10,Join-restricted MILP,6,6,6,True,"{""optimal_numerical"": 6}",138.119140625,0.974347850002232,0.23617940000258386,0.0029238999995868653,0.03136344999074936,0.07147150000673719,0.013632700000016484,0.10923400000319816,23711,2400,0,0,26111,28511,1,2400,0,756903/10
0,matplotlib,compact,100000,109859,11/10,Preprocessed global MILP,6,6,6,True,"{""optimal_numerical"": 6}",133.3984375,0.9503382000038982,0.21670190000440925,0.09582344999944326,0.001820749996113591,0.003496049997920636,0.0001793000046745874,0.11188685000524856,23711,2400,1684,697,38,57,9,3,23692,756903/10
1,pydantic,compact,100000,100042,11/10,Global MILP baseline,6,6,6,True,"{""optimal_numerical"": 6}",161.7578125,1.3680568499912624,0.6555966500018258,0.003569499996956438,0.05966940000507748,0.4913643000036245,0.016530599998077378,0.0738831500057131,21398,3251,0,0,42796,64194,1,21398,0,615989/10
1,pydantic,compact,100000,100042,11/10,Join-restricted MILP,6,6,6,True,"{""optimal_numerical"": 6}",138.009765625,1.0617647499966552,0.34700484999484615,0.002798000001348555,0.03549534999183379,0.21122679999825777,0.01472210000792984,0.07542075000674231,21398,3251,0,0,24649,27900,1,3251,0,615989/10
1,pydantic,compact,100000,100042,11/10,Preprocessed global MILP,6,6,6,True,"{""optimal_numerical"": 6}",123.037109375,0.9549291000002995,0.20631365000008373,0.1209458499943139,0.002555999999458436,0.007502000000386033,0.00036729999555973336,0.07293685000331607,21398,3251,2313,824,229,343,55,4,21283,615989/10
2,aiohttp,compact,100000,108915,11/10,Global MILP baseline,6,6,6,True,"{""optimal_numerical"": 6}",167.587890625,1.451430650005932,0.7136343499951181,0.003893150009389501,0.060152499994728714,0.546287700002722,0.01625229999626754,0.07689464999566553,21572,3338,0,0,43144,64716,1,21572,0,320797/5
2,aiohttp,compact,100000,108915,11/10,Join-restricted MILP,6,6,6,True,"{""optimal_numerical"": 6}",142.76953125,1.09037339999486,0.3626023000033456,0.0028093500004615635,0.03582935000304133,0.22219434999715304,0.014276649999374058,0.07735540000430774,21572,3338,0,0,24910,28248,1,3338,0,320797/5
2,aiohttp,compact,100000,108915,11/10,Preprocessed global MILP,6,6,6,True,"{""optimal_numerical"": 6}",125.892578125,0.9990070499989088,0.20882469999196474,0.11617219999607187,0.0025465000071562827,0.006442600002628751,0.0003245999978389591,0.07677765000698855,21572,3338,2513,723,204,306,50,3,21470,320797/5
3,jsonschema,compact,100000,91848,11/10,Global MILP baseline,6,6,6,True,"{""optimal_numerical"": 6}",148.4609375,1.3490668000013102,0.692320149995794,0.002866449998691678,0.046476300005451776,0.559995550000167,0.013075150003714953,0.06383484999969369,16226,2368,0,0,32452,48678,1,16226,0,472737/10
3,jsonschema,compact,100000,91848,11/10,Join-restricted MILP,6,6,6,True,"{""optimal_numerical"": 6}",126.962890625,0.9276776499973494,0.2691679999988992,0.0024841499980539083,0.027778150004451163,0.15830010000354378,0.011272949996055104,0.062382600001001265,16226,2368,0,0,18594,20962,1,2368,0,472737/10
3,jsonschema,compact,100000,91848,11/10,Preprocessed global MILP,6,6,6,True,"{""optimal_numerical"": 6}",111.79296875,0.8420856500088121,0.16767840000102296,0.09114585000497755,0.0020680499947047792,0.005665149998094421,0.0002952499926323071,0.06271365000429796,16226,2368,1868,420,160,240,39,3,16146,472737/10
4,matplotlib,fielded,100000,130113,11/10,Global MILP baseline,6,6,6,True,"{""optimal_numerical"": 6}",175.451171875,1.8402095999917947,1.0952367999925627,0.003199400001903996,0.04827140000270447,0.9449965999956476,0.013115449997712858,0.07044304999726592,17792,2881,0,0,35584,53376,1,17792,0,253848/5
4,matplotlib,fielded,100000,130113,11/10,Join-restricted MILP,6,6,6,True,"{""optimal_numerical"": 6}",138.416015625,1.0456272500086925,0.314591800000926,0.002395050003542565,0.028200499997183215,0.19193635000556242,0.011032400005206,0.07382995000079973,17792,2881,0,0,20673,23554,1,2881,0,253848/5
4,matplotlib,fielded,100000,130113,11/10,Preprocessed global MILP,6,6,6,True,"{""optimal_numerical"": 6}",123.697265625,0.9079461500004982,0.1709631999983685,0.08377924999513198,0.0021118000004207715,0.006617449995246716,0.0002663999985088594,0.07246075000148267,17792,2881,2391,429,129,190,20,5,17724,253848/5
5,pydantic,fielded,100000,106808,11/10,Global MILP baseline,6,6,6,True,"{""optimal_numerical"": 6}",192.955078125,3.0380554500079597,2.313641449996794,0.0039294500020332634,0.0689016000033007,2.1412609500039252,0.017469500002334826,0.07180779999180231,23855,3131,0,0,47710,71565,1,23855,0,493099/10
5,pydantic,fielded,100000,106808,11/10,Join-restricted MILP,6,6,6,True,"{""optimal_numerical"": 6}",150.025390625,1.4120405499998014,0.6996305499997106,0.0029742999977315776,0.03969820000202162,0.5631137000018498,0.015342950006015599,0.07051225000031991,23855,3131,0,0,26986,30117,1,3131,0,493099/10
5,pydantic,fielded,100000,106808,11/10,Preprocessed global MILP,6,6,6,True,"{""optimal_numerical"": 6}",123.83203125,0.8921437000026344,0.19482509999215836,0.10710169999947539,0.0021964499974274077,0.008898000007320661,0.00036689999978989363,0.06894854999700328,23855,3131,2179,830,257,379,41,4,23720,493099/10
6,aiohttp,fielded,100000,105182,11/10,Global MILP baseline,6,6,6,True,"{""optimal_numerical"": 6}",187.998046875,2.413185949997569,1.7079296500014607,0.003946149990952108,0.06424179999885382,1.544485700003861,0.0166867000007187,0.06969069999468047,22360,3221,0,0,44720,67080,1,22360,0,237831/5
6,aiohttp,fielded,100000,105182,11/10,Join-restricted MILP,6,6,6,True,"{""optimal_numerical"": 6}",145.486328125,1.4476915999985067,0.7413505500007886,0.002904300003137905,0.038448049999715295,0.6012063500020304,0.014981749998696614,0.07050425000488758,22360,3221,0,0,25581,28802,1,3221,0,237831/5
6,aiohttp,fielded,100000,105182,11/10,Preprocessed global MILP,6,6,6,True,"{""optimal_numerical"": 6}",121.525390625,0.8863941000017803,0.1955701000042609,0.10740990000340389,0.0022990500001469627,0.010092200005601626,0.0004043000008095987,0.06896535000851145,22360,3221,2033,1043,311,456,47,5,22194,237831/5
7,jsonschema,fielded,100000,101506,11/10,Global MILP baseline,6,6,6,True,"{""optimal_numerical"": 6}",182.201171875,2.241943250002805,1.5466353000010713,0.003480600003967993,0.0566750499929185,1.3879582500012475,0.01554200000828132,0.07019634999596747,19669,2269,0,0,39338,59007,1,19669,0,407101/10
7,jsonschema,fielded,100000,101506,11/10,Join-restricted MILP,6,6,6,True,"{""optimal_numerical"": 6}",140.58203125,1.2026665999947,0.48848225000256207,0.0027118500001961365,0.032803949994558934,0.3599434999996447,0.01364004999777535,0.07067025000287686,19669,2269,0,0,21938,24207,1,2269,0,407101/10
7,jsonschema,fielded,100000,101506,11/10,Preprocessed global MILP,6,6,6,True,"{""optimal_numerical"": 6}",116.61328125,0.8678288499941118,0.18654855000204407,0.10037799999554409,0.002257350002764724,0.009735050000017509,0.00031865000346442685,0.06946375000552507,19669,2269,1596,593,167,247,27,6,19582,407101/10
8,matplotlib,compact,100000,109859,5/4,Global MILP baseline,6,6,6,True,"{""optimal_numerical"": 6}",157.96484375,1.0577046500038705,0.33839034999982687,0.00405700000555953,0.0583878499965067,0.13432704999286216,0.01617245000670664,0.11027309999917634,23711,2400,0,0,47422,71133,1,23711,0,303777/4
8,matplotlib,compact,100000,109859,5/4,Join-restricted MILP,6,6,6,True,"{""optimal_numerical"": 6}",137.298828125,0.967897050002648,0.24646985000435961,0.0027356499922461808,0.031125500005146023,0.07998469999438385,0.013763000002654735,0.11082639999949606,23711,2400,0,0,26111,28511,1,2400,0,303777/4
8,matplotlib,compact,100000,109859,5/4,Preprocessed global MILP,6,6,6,True,"{""optimal_numerical"": 6}",133.7265625,0.9531547500009765,0.22048935000930214,0.09663089999230579,0.001989300006243866,0.004202300005999859,0.00022089999401941895,0.11359269999957178,23711,2400,1684,697,38,57,9,3,23692,303777/4
9,pydantic,compact,100000,100042,5/4,Global MILP baseline,6,6,6,True,"{""optimal_numerical"": 6}",161.94921875,1.3520008499981486,0.6365322999990894,0.0036551000011968426,0.058535800002573524,0.4759671500069089,0.01646495000750292,0.07367810000141617,21398,3251,0,0,42796,64194,1,21398,0,247817/4
9,pydantic,compact,100000,100042,5/4,Join-restricted MILP,6,6,6,True,"{""optimal_numerical"": 6}",138.05859375,1.0209266000019852,0.32030010000016773,0.002889449999202043,0.03506704999745125,0.18470035000063945,0.014086800001678057,0.07377419999829726,21398,3251,0,0,24649,27900,1,3251,0,247817/4
9,pydantic,compact,100000,100042,5/4,Preprocessed global MILP,6,6,6,True,"{""optimal_numerical"": 6}",123.3125,0.9638029999987339,0.21253839999553747,0.12132624999503605,0.0023320499967667274,0.008094650002021808,0.00038729999505449086,0.07359744999848772,21398,3251,2313,824,229,343,55,4,21283,247817/4
10,aiohttp,compact,100000,108915,5/4,Global MILP baseline,6,6,6,True,"{""optimal_numerical"": 6}",167.501953125,1.3515419000032125,0.6148541500006104,0.00372254999820143,0.06101470000430709,0.4481778999979724,0.016409500000008848,0.07705519999581156,21572,3338,0,0,43144,64716,1,21572,0,64544
10,aiohttp,compact,100000,108915,5/4,Join-restricted MILP,6,6,6,True,"{""optimal_numerical"": 6}",141.873046875,1.094577500000014,0.35142780000023777,0.0031397999919136055,0.03553319999628002,0.21116595000057714,0.014100550004513934,0.07787879999523284,21572,3338,0,0,24910,28248,1,3338,0,64544
10,aiohttp,compact,100000,108915,5/4,Preprocessed global MILP,6,6,6,True,"{""optimal_numerical"": 6}",125.62890625,0.9906097999919439,0.20953679999365704,0.11705375000747154,0.0021896999969612807,0.007795699995767791,0.00034485000651329756,0.0792676500059315,21572,3338,2513,723,204,306,50,3,21470,64544
11,jsonschema,compact,100000,91848,5/4,Global MILP baseline,6,6,6,True,"{""optimal_numerical"": 6}",148.0546875,1.330778850002389,0.6581243499967968,0.0031909000026644208,0.04706655000336468,0.5185067499987781,0.013070500004687347,0.06641079999826616,16226,2368,0,0,32452,48678,1,16226,0,190239/4
11,jsonschema,compact,100000,91848,5/4,Join-restricted MILP,6,6,6,True,"{""optimal_numerical"": 6}",127.642578125,0.9446118500054581,0.28985575000115205,0.0023861500012571923,0.02808579999691574,0.17107849999592872,0.011830550007289276,0.06770654999854742,16226,2368,0,0,18594,20962,1,2368,0,190239/4
11,jsonschema,compact,100000,91848,5/4,Preprocessed global MILP,6,6,6,True,"{""optimal_numerical"": 6}",112.5,0.8354803499969421,0.17562329999782378,0.09495834999688668,0.002157950002583675,0.00706720000016503,0.0003072500039706938,0.06493754999974044,16226,2368,1868,420,160,240,39,3,16146,190239/4
12,matplotlib,fielded,100000,130113,5/4,Global MILP baseline,6,6,6,True,"{""optimal_numerical"": 6}",177.484375,1.937984600001073,1.1743974999990314,0.0034932499984279275,0.05165429999760818,1.0200924499949906,0.013424599994323216,0.07364699999743607,17792,2881,0,0,35584,53376,1,17792,0,51132
12,matplotlib,fielded,100000,130113,5/4,Join-restricted MILP,6,6,6,True,"{""optimal_numerical"": 6}",138.6875,1.0578921499982243,0.3102944499987643,0.0024767499999143183,0.02887400000327034,0.18726489999971818,0.01136545000190381,0.0742018500022823,17792,2881,0,0,20673,23554,1,2881,0,51132
12,matplotlib,fielded,100000,130113,5/4,Preprocessed global MILP,6,6,6,True,"{""optimal_numerical"": 6}",123.642578125,0.943978249997599,0.18153435000567697,0.08809745000326075,0.0022002999976393767,0.007160699999076314,0.000291000003926456,0.07664944999851286,17792,2881,2391,429,129,190,20,5,17724,51132
13,pydantic,fielded,100000,106808,5/4,Global MILP baseline,6,6,6,True,"{""optimal_numerical"": 6}",193.337890625,3.1553572499979055,2.3964606000008644,0.004181449992756825,0.07650939999439288,2.218323650005914,0.017725900004734285,0.07323360000737011,23855,3131,0,0,47710,71565,1,23855,0,198577/4
13,pydantic,fielded,100000,106808,5/4,Join-restricted MILP,6,6,6,True,"{""optimal_numerical"": 6}",147.671875,1.3932698999997228,0.6804659999979776,0.0029661499938811176,0.041027349994692486,0.5326994999995804,0.015895150005235337,0.0749892500025453,23855,3131,0,0,26986,30117,1,3131,0,198577/4
13,pydantic,fielded,100000,106808,5/4,Preprocessed global MILP,6,6,6,True,"{""optimal_numerical"": 6}",122.939453125,0.9220477999915602,0.1999750499962829,0.11146174999885261,0.0023164500016719103,0.009132499995757826,0.0003656000044429675,0.07114630000432953,23855,3131,2179,830,257,379,41,4,23720,198577/4
14,aiohttp,fielded,100000,105182,5/4,Global MILP baseline,6,6,6,True,"{""optimal_numerical"": 6}",187.283203125,2.5628033000029973,1.83923815000162,0.004166600003372878,0.07088525000290247,1.6565609999888693,0.01728164999803994,0.07602529998985119,22360,3221,0,0,44720,67080,1,22360,0,47880
14,aiohttp,fielded,100000,105182,5/4,Join-restricted MILP,6,6,6,True,"{""optimal_numerical"": 6}",145.353515625,1.5134432499980903,0.796010700003535,0.0029853999949409626,0.03933234999567503,0.6541227499983506,0.015241900000546593,0.07517390000430169,22360,3221,0,0,25581,28802,1,3221,0,47880
14,aiohttp,fielded,100000,105182,5/4,Preprocessed global MILP,6,6,6,True,"{""optimal_numerical"": 6}",122.447265625,0.9221405999996932,0.20672690000355942,0.1143207999994047,0.0025178500000038184,0.010964300003251992,0.0004307999988668598,0.07213220000267029,22360,3221,2033,1043,311,456,47,5,22194,47880
15,jsonschema,fielded,100000,101506,5/4,Global MILP baseline,6,6,6,True,"{""optimal_numerical"": 6}",181.43359375,2.2385637999977916,1.5433635000008508,0.003796550001425203,0.05885494999529328,1.384280550002586,0.01619304999621818,0.07032180000533117,19669,2269,0,0,39338,59007,1,19669,0,163819/4
15,jsonschema,fielded,100000,101506,5/4,Join-restricted MILP,6,6,6,True,"{""optimal_numerical"": 6}",137.16796875,1.1331783999994514,0.4468162500052131,0.002751150001131464,0.03413860000000568,0.32003044999873964,0.014080500004638452,0.06782494999788469,19669,2269,0,0,21938,24207,1,2269,0,163819/4
15,jsonschema,fielded,100000,101506,5/4,Preprocessed global MILP,6,6,6,True,"{""optimal_numerical"": 6}",116.75390625,0.864356450001651,0.18626209999638377,0.10030155000276864,0.0023535000000265427,0.00850545000139391,0.00031670000316808,0.06643064999661874,19669,2269,1596,593,167,247,27,6,19582,163819/4
16,matplotlib,compact,100000,109859,3/2,Global MILP baseline,6,6,6,True,"{""optimal_numerical"": 6}",158.8046875,1.0821708500079694,0.35043040000164183,0.0037391500009107403,0.061276799999177456,0.14600309999514138,0.016640000001643784,0.11363125000207219,23711,2400,0,0,47422,71133,1,23711,0,152735/2
16,matplotlib,compact,100000,109859,3/2,Join-restricted MILP,6,6,6,True,"{""optimal_numerical"": 6}",138.466796875,0.9943567000009352,0.2591137499985052,0.0030904000013833866,0.031870000006165355,0.0876873999950476,0.014162650004436728,0.11339329999464098,23711,2400,0,0,26111,28511,1,2400,0,152735/2
16,matplotlib,compact,100000,109859,3/2,Preprocessed global MILP,6,6,6,True,"{""optimal_numerical"": 6}",133.61328125,0.9690222999997786,0.22455099999933736,0.09796415000164416,0.002141050004865974,0.004395550007757265,0.00017529999604448676,0.11417434999748366,23711,2400,1684,697,38,57,9,3,23692,152735/2
17,pydantic,compact,100000,100042,3/2,Global MILP baseline,6,6,6,True,"{""optimal_numerical"": 6}",164.251953125,1.4646073499970953,0.7465554500013241,0.0037399000066216104,0.06151999999565305,0.5779779000004055,0.016896149994863663,0.0756489000050351,21398,3251,0,0,42796,64194,1,21398,0,125093/2
17,pydantic,compact,100000,100042,3/2,Join-restricted MILP,6,6,6,True,"{""optimal_numerical"": 6}",137.990234375,1.0422260499981348,0.3248467499943217,0.002842900008545257,0.03673795000213431,0.18753750000178115,0.014917200001946185,0.07614594999904511,21398,3251,0,0,24649,27900,1,3251,0,125093/2
17,pydantic,compact,100000,100042,3/2,Preprocessed global MILP,6,6,6,True,"{""optimal_numerical"": 6}",123.056640625,0.9657863000029465,0.21185775000049034,0.12127345000772038,0.0022618000002694316,0.008492600005411077,0.00037585000245599076,0.07468220000009751,21398,3251,2313,824,229,343,55,4,21283,125093/2
18,aiohttp,compact,100000,108915,3/2,Global MILP baseline,6,6,6,True,"{""optimal_numerical"": 6}",167.423828125,1.4564242499909597,0.7063962500033085,0.004007900002761744,0.06197049999900628,0.5313422499966691,0.017005900001095142,0.08079159999761032,21572,3338,0,0,43144,64716,1,21572,0,65185
18,aiohttp,compact,100000,108915,3/2,Join-restricted MILP,6,6,6,True,"{""optimal_numerical"": 6}",141.6640625,1.1036441500036744,0.3605135500038159,0.003386199998203665,0.036871200005407445,0.21799150000151712,0.014396249993296806,0.07976440000493312,21572,3338,0,0,24910,28248,1,3338,0,65185
18,aiohttp,compact,100000,108915,3/2,Preprocessed global MILP,6,6,6,True,"{""optimal_numerical"": 6}",126.009765625,1.0074831999954768,0.21427089999633608,0.12097450000146637,0.0026341499979025684,0.008244149998063222,0.0003526500004227273,0.0763784000009764,21572,3338,2513,723,204,306,50,3,21470,65185
19,jsonschema,compact,100000,91848,3/2,Global MILP baseline,6,6,6,True,"{""optimal_numerical"": 6}",148.15625,1.2646185999983572,0.6119414499989944,0.0028813000026275404,0.046045900002354756,0.48042335000354797,0.01284214999031974,0.06256075000419514,16226,2368,0,0,32452,48678,1,16226,0,96073/2
19,jsonschema,compact,100000,91848,3/2,Join-restricted MILP,6,6,6,True,"{""optimal_numerical"": 6}",127.07421875,0.9391337999986717,0.2741669000024558,0.0023522999981651083,0.027831649997096974,0.16079534999880707,0.011685999998007901,0.06428529999539023,16226,2368,0,0,18594,20962,1,2368,0,96073/2
19,jsonschema,compact,100000,91848,3/2,Preprocessed global MILP,6,6,6,True,"{""optimal_numerical"": 6}",112.08203125,0.8194151499992586,0.1670602499943925,0.09111299999494804,0.002516450003895443,0.0067372999983490445,0.00030130000232020393,0.06235554999875603,16226,2368,1868,420,160,240,39,3,16146,96073/2
20,matplotlib,fielded,100000,130113,3/2,Global MILP baseline,6,6,6,True,"{""optimal_numerical"": 6}",174.771484375,1.7558996000007028,1.0351512000052026,0.0032092500041471794,0.04799835001176689,0.8905902000042261,0.012938700005179271,0.07043115000851685,17792,2881,0,0,35584,53376,1,17792,0,51736
20,matplotlib,fielded,100000,130113,3/2,Join-restricted MILP,6,6,6,True,"{""optimal_numerical"": 6}",139.220703125,1.0335348000007798,0.31589645000349265,0.0026919000010821037,0.02797679999639513,0.19852049999462906,0.010767999992822297,0.06950929999584332,17792,2881,0,0,20673,23554,1,2881,0,51736
20,matplotlib,fielded,100000,130113,3/2,Preprocessed global MILP,6,6,6,True,"{""optimal_numerical"": 6}",123.66796875,0.9050133999990067,0.16475974999775644,0.08136150000791531,0.0019297999970149249,0.007018499993137084,0.000262100002146326,0.07026489999407204,17792,2881,2391,429,129,190,20,5,17724,51736
21,pydantic,fielded,100000,106808,3/2,Global MILP baseline,6,6,6,True,"{""optimal_numerical"": 6}",193.126953125,3.0356674999929965,2.3415625500056194,0.003962100010539871,0.06851824999466771,2.1709631999983685,0.017238399988855235,0.06857945000228938,23855,3131,0,0,47710,71565,1,23855,0,100403/2
21,pydantic,fielded,100000,106808,3/2,Join-restricted MILP,6,6,6,True,"{""optimal_numerical"": 6}",147.46484375,1.2775879999971949,0.5782231499906629,0.0028648499937844463,0.03829940000287024,0.4423960999920382,0.015057849988806993,0.06955695000215201,23855,3131,0,0,26986,30117,1,3131,0,100403/2
21,pydantic,fielded,100000,106808,3/2,Preprocessed global MILP,6,6,6,True,"{""optimal_numerical"": 6}",123.134765625,0.9001196500030346,0.19216589999996359,0.10521130000415724,0.0023307000010390766,0.00947979999909876,0.0003738000086741522,0.06869259999803035,23855,3131,2179,830,257,379,41,4,23720,100403/2
22,aiohttp,fielded,100000,105182,3/2,Global MILP baseline,6,6,6,True,"{""optimal_numerical"": 6}",189.251953125,2.4711155499971937,1.7871661499957554,0.0036588000002666377,0.06413095000607427,1.620392750002793,0.016525049992196728,0.0693433999986155,22360,3221,0,0,44720,67080,1,22360,0,48403
22,aiohttp,fielded,100000,105182,3/2,Join-restricted MILP,6,6,6,True,"{""optimal_numerical"": 6}",144.197265625,1.4626916999914101,0.7723809000090114,0.00282320000405889,0.037168049995671026,0.6404068500050926,0.01438044999667909,0.06828005000716075,22360,3221,0,0,25581,28802,1,3221,0,48403
22,aiohttp,fielded,100000,105182,3/2,Preprocessed global MILP,6,6,6,True,"{""optimal_numerical"": 6}",121.892578125,0.8802776000011363,0.1945659999983036,0.1075163499917835,0.002136849994712975,0.010795749993121717,0.000396099996578414,0.06798614998842822,22360,3221,2033,1043,311,456,47,5,22194,48403
23,jsonschema,fielded,100000,101506,3/2,Global MILP baseline,6,6,6,True,"{""optimal_numerical"": 6}",183.794921875,2.343857799998659,1.6750111500077765,0.003579700001864694,0.05669895000028191,1.5226072000004933,0.015547449998848606,0.06784990000596736,19669,2269,0,0,39338,59007,1,19669,0,82725/2
23,jsonschema,fielded,100000,101506,3/2,Join-restricted MILP,6,6,6,True,"{""optimal_numerical"": 6}",139.375,1.1263238999963505,0.4638347499931115,0.0025894500067806803,0.03263554999284679,0.33898739999131067,0.01344194999546744,0.06671755000570556,19669,2269,0,0,21938,24207,1,2269,0,82725/2
23,jsonschema,fielded,100000,101506,3/2,Preprocessed global MILP,6,6,6,True,"{""optimal_numerical"": 6}",116.546875,0.8511866999979247,0.1816899499972351,0.09934640000574291,0.0022630000094068237,0.008420900005148724,0.0003117499945801683,0.06642750000901287,19669,2269,1596,593,167,247,27,6,19582,82725/2
24,matplotlib,compact,100000,109859,2,Global MILP baseline,6,6,6,True,"{""optimal_numerical"": 6}",158.166015625,1.083394799999951,0.35460909999528667,0.003851450004731305,0.05953690000023926,0.1558329000035883,0.01606230000470532,0.10764125000423519,23711,2400,0,0,47422,71133,1,23711,0,77214
24,matplotlib,compact,100000,109859,2,Join-restricted MILP,6,6,6,True,"{""optimal_numerical"": 6}",136.779296875,0.9583354499991401,0.2458418999958667,0.0027134999982081354,0.0303524999981164,0.08318564999353839,0.013727850004215725,0.10915635000128532,23711,2400,0,0,26111,28511,1,2400,0,77214
24,matplotlib,compact,100000,109859,2,Preprocessed global MILP,6,6,6,True,"{""optimal_numerical"": 6}",133.935546875,0.9479355500006932,0.23884060000273166,0.12155680000432767,0.0020774999939021654,0.004685099993366748,0.00016089999553514645,0.10482429999683518,23711,2400,1691,704,10,15,2,3,23706,77214
25,pydantic,compact,100000,100042,2,Global MILP baseline,6,6,6,True,"{""optimal_numerical"": 6}",160.421875,1.3245992500014836,0.628571400004148,0.003634150001744274,0.060010549997969065,0.4685431000034441,0.016238750002230518,0.07086110000091139,21398,3251,0,0,42796,64194,1,21398,0,63731
25,pydantic,compact,100000,100042,2,Join-restricted MILP,6,6,6,True,"{""optimal_numerical"": 6}",138.119140625,1.041226800000004,0.35208564999629743,0.002843450005457271,0.035023950003960636,0.22029945000394946,0.014527100000123028,0.07120680000662105,21398,3251,0,0,24649,27900,1,3251,0,63731
25,pydantic,compact,100000,100042,2,Preprocessed global MILP,6,6,6,True,"{""optimal_numerical"": 6}",122.509765625,0.9317014499974903,0.19841945000371197,0.11290084999927785,0.0018537500000093132,0.006355400000757072,0.00023474999761674553,0.06970449999789707,21398,3251,2344,858,98,147,23,4,21349,63731
26,aiohttp,compact,100000,108915,2,Global MILP baseline,6,6,6,True,"{""optimal_numerical"": 6}",166.978515625,1.3844346499972744,0.6210177000102703,0.0037389999997685663,0.05992679999326356,0.45799059999990277,0.016161200001079123,0.07394950000161771,21572,3338,0,0,43144,64716,1,21572,0,66467
26,aiohttp,compact,100000,108915,2,Join-restricted MILP,6,6,6,True,"{""optimal_numerical"": 6}",140.0546875,1.107891549996566,0.36211450000701007,0.002884250003262423,0.034683449994190596,0.22266959999979008,0.014229599997634068,0.07632079999166308,21572,3338,0,0,24910,28248,1,3338,0,66467
26,aiohttp,compact,100000,108915,2,Preprocessed global MILP,6,6,6,True,"{""optimal_numerical"": 6}",125.521484375,0.9601309499994386,0.20000874999823282,0.11282489999575773,0.0022152499950607307,0.004991399997379631,0.00022879999596625566,0.0746655999973882,21572,3338,2539,753,92,138,22,3,21526,66467
27,jsonschema,compact,100000,91848,2,Global MILP baseline,6,6,6,True,"{""optimal_numerical"": 6}",147.59765625,1.2914899500028696,0.6408142000000225,0.003141200002573896,0.046326900002895854,0.5078339499959839,0.0130063499964308,0.06055305000336375,16226,2368,0,0,32452,48678,1,16226,0,48990
27,jsonschema,compact,100000,91848,2,Join-restricted MILP,6,6,6,True,"{""optimal_numerical"": 6}",127.6015625,0.9404182500002207,0.296327600008226,0.0022984999959589913,0.02763290000439156,0.18688510000356473,0.011320850004267413,0.06031024999538204,16226,2368,0,0,18594,20962,1,2368,0,48990
27,jsonschema,compact,100000,91848,2,Preprocessed global MILP,6,6,6,True,"{""optimal_numerical"": 6}",113.11328125,0.8045667999977013,0.16393785000400385,0.08872500000143191,0.002021450003667269,0.005563600003370084,0.00021580000611720607,0.05994730000384152,16226,2368,1892,453,46,69,11,3,16203,48990
28,matplotlib,fielded,100000,130113,2,Global MILP baseline,6,6,6,True,"{""optimal_numerical"": 6}",175.416015625,1.8575793499912834,1.1135871499936911,0.003312750006443821,0.04767015000106767,0.9725908000036725,0.012569899998197798,0.06925870000122814,17792,2881,0,0,35584,53376,1,17792,0,52944
28,matplotlib,fielded,100000,130113,2,Join-restricted MILP,6,6,6,True,"{""optimal_numerical"": 6}",138.564453125,1.0641604499978712,0.3216150999942329,0.002680149998923298,0.02839000000676606,0.2046453000002657,0.010877950000576675,0.06993664999754401,17792,2881,0,0,20673,23554,1,2881,0,52944
28,matplotlib,fielded,100000,130113,2,Preprocessed global MILP,6,6,6,True,"{""optimal_numerical"": 6}",123.666015625,0.8752477499947418,0.15881819999049185,0.07900184999743942,0.0019121500008623116,0.005405949996202253,0.00018584999634185806,0.06815249999635853,17792,2881,2333,527,46,67,6,5,17767,52944
29,pydantic,fielded,100000,106808,2,Global MILP baseline,6,6,6,True,"{""optimal_numerical"": 6}",194.08984375,3.0606617500016,2.3601983499975177,0.0038627999965683557,0.06803599999693688,2.1946716499951435,0.017303850007010624,0.06535385000461247,23855,3131,0,0,47710,71565,1,23855,0,51316
29,pydantic,fielded,100000,106808,2,Join-restricted MILP,6,6,6,True,"{""optimal_numerical"": 6}",145.892578125,1.3142733500062604,0.6254871999990428,0.0028038500022375956,0.038097049997304566,0.49248489999445155,0.014900850001140498,0.06735235000087414,23855,3131,0,0,26986,30117,1,3131,0,51316
29,pydantic,fielded,100000,106808,2,Preprocessed global MILP,6,6,6,True,"{""optimal_numerical"": 6}",122.25390625,0.8880277999996906,0.18428765000135172,0.10870974999852479,0.0018950000012409873,0.004609350005921442,0.00019800000154646114,0.06421844998840243,23855,3131,2101,997,71,104,10,4,23817,51316
30,aiohttp,fielded,100000,105182,2,Global MILP baseline,6,6,6,True,"{""optimal_numerical"": 6}",184.705078125,2.5244022000042605,1.8351196500007063,0.0038398000033339486,0.06346279999706894,1.6732031499923323,0.016423649998614565,0.06725305000145454,22360,3221,0,0,44720,67080,1,22360,0,49449
30,aiohttp,fielded,100000,105182,2,Join-restricted MILP,6,6,6,True,"{""optimal_numerical"": 6}",144.873046875,1.578330799995456,0.8843340000021271,0.0027756499985116534,0.037896349997026846,0.7536653500064858,0.014439800004765857,0.06914469999901485,22360,3221,0,0,25581,28802,1,3221,0,49449
30,aiohttp,fielded,100000,105182,2,Preprocessed global MILP,6,6,6,True,"{""optimal_numerical"": 6}",121.15234375,0.8692162999941502,0.1893190000046161,0.10682154999085469,0.0022680999973090366,0.005383499999879859,0.00021899999410379678,0.06823125000664731,22360,3221,1962,1226,77,110,10,5,22316,49449
31,jsonschema,fielded,100000,101506,2,Global MILP baseline,6,6,6,True,"{""optimal_numerical"": 6}",179.107421875,2.0819811999972444,1.4084900499947253,0.003467349997663405,0.056804649997502565,1.2587790499965195,0.015213700004096609,0.06549865000124555,19669,2269,0,0,39338,59007,1,19669,0,42178
31,jsonschema,fielded,100000,101506,2,Join-restricted MILP,6,6,6,True,"{""optimal_numerical"": 6}",139.94921875,1.1388609499990707,0.456312499998603,0.002601050007797312,0.03278764999413397,0.3300440500024706,0.013129449995176401,0.06883755000308156,19669,2269,0,0,21938,24207,1,2269,0,42178
31,jsonschema,fielded,100000,101506,2,Preprocessed global MILP,6,6,6,True,"{""optimal_numerical"": 6}",115.83203125,0.8643298499955563,0.17578314999263966,0.09572214999934658,0.0021194500077399425,0.006729699998686556,0.00022305000311462209,0.065865450000274,19669,2269,1549,686,76,110,11,5,19627,42178
32,matplotlib,compact,100000,109859,32,Global MILP baseline,6,6,6,True,"{""optimal_numerical"": 6}",157.53125,1.1330649999945308,0.3875626499939244,0.0037797500044689514,0.05914004999794997,0.1743931499950122,0.016161599996848963,0.12317475000600098,23711,2400,0,0,47422,71133,1,23711,0,99010
32,matplotlib,compact,100000,109859,32,Join-restricted MILP,6,6,6,True,"{""optimal_numerical"": 6}",136.435546875,1.0049282499967376,0.2685277499986114,0.0028189999939058907,0.030508049996569753,0.09128269999928307,0.01404999999795109,0.12004539999907138,23711,2400,0,0,26111,28511,1,2400,0,99010
32,matplotlib,compact,100000,109859,32,Preprocessed global MILP,6,6,6,True,"{""optimal_numerical"": 6}",135.037109375,1.0295881000056397,0.29440449999674456,0.16459429999667918,0.002072549999866169,0.009690150007372722,0.0003278500007581897,0.11236350000399398,23711,2400,375,2001,130,154,6,13,23605,99010
33,pydantic,compact,100000,100042,32,Global MILP baseline,6,6,6,True,"{""optimal_numerical"": 6}",160.1953125,1.450086149990966,0.7423026999967988,0.0038841499990667216,0.06003584999416489,0.5321678499967675,0.01631374999851687,0.11969364999822574,21398,3251,0,0,42796,64194,1,21398,0,82260
33,pydantic,compact,100000,100042,32,Join-restricted MILP,6,6,6,True,"{""optimal_numerical"": 6}",141.89453125,1.128893050008628,0.42412194999633357,0.002744550001807511,0.03544685000088066,0.23366750000423053,0.014381699998921249,0.1277479000054882,21398,3251,0,0,24649,27900,1,3251,0,82260
33,pydantic,compact,100000,100042,32,Preprocessed global MILP,6,6,6,True,"{""optimal_numerical"": 6}",125.015625,1.087360150006134,0.36011744999996154,0.22345960000529885,0.0028512000062619336,0.012500149998231791,0.0008840500013320707,0.11741430000256514,21398,3251,183,2996,629,701,15,23,20841,82260
34,aiohttp,compact,100000,108915,32,Global MILP baseline,6,6,6,True,"{""optimal_numerical"": 6}",171.578125,1.4999497499957215,0.774173450001399,0.0037587499973597005,0.0595575999977882,0.5543265999949654,0.016177149998839013,0.12926590000279248,21572,3338,0,0,43144,64716,1,21572,0,86228
34,aiohttp,compact,100000,108915,32,Join-restricted MILP,6,6,6,True,"{""optimal_numerical"": 6}",141.220703125,1.1545333500034758,0.41485584999463754,0.002868899995519314,0.03514595000160625,0.2252892000033171,0.014129150004009716,0.13073734999488806,21572,3338,0,0,24910,28248,1,3338,0,86228
34,aiohttp,compact,100000,108915,32,Preprocessed global MILP,6,6,6,True,"{""optimal_numerical"": 6}",128.22265625,1.060632099994109,0.34005639999668347,0.19336725000175647,0.0026585499945213087,0.010792450004373677,0.0006813999934820458,0.1278367499980959,21572,3338,194,3087,482,539,17,7,21147,86228
35,jsonschema,compact,100000,91848,32,Global MILP baseline,6,6,6,True,"{""optimal_numerical"": 6}",157.791015625,1.6699857999992673,1.0085848499948042,0.002903650005464442,0.044925050002348144,0.8710875500037218,0.012895550004031975,0.06810655000299448,16226,2368,0,0,32452,48678,1,16226,0,67553
35,jsonschema,compact,100000,91848,32,Join-restricted MILP,6,6,6,True,"{""optimal_numerical"": 6}",131.525390625,1.0173156499949982,0.3640455000058864,0.002475300003425218,0.027623700007097796,0.24931474999903003,0.011660799995297566,0.0680246999982046,16226,2368,0,0,18594,20962,1,2368,0,67553
35,jsonschema,compact,100000,91848,32,Preprocessed global MILP,6,6,6,True,"{""optimal_numerical"": 6}",114.453125,0.8902761000063037,0.23179729999537813,0.12827775000187103,0.003711850004037842,0.02025110000249697,0.0013501500070560724,0.07014364999486133,16226,2368,208,2028,1151,1283,17,74,15207,67553
36,matplotlib,fielded,100000,130113,32,Global MILP baseline,6,6,6,True,"{""optimal_numerical"": 6}",181.125,2.1838017999980366,1.3627771500032395,0.0032998500028043054,0.04778834999888204,1.2152384000000893,0.012659350002650172,0.07657184999698075,17792,2881,0,0,35584,53376,1,17792,0,82157
36,matplotlib,fielded,100000,130113,32,Join-restricted MILP,6,6,6,True,"{""optimal_numerical"": 6}",137.64453125,1.1135603000002448,0.3183961000031559,0.002394399998593144,0.028390200001013,0.19378364999283804,0.011186600000655744,0.07776020000164863,17792,2881,0,0,20673,23554,1,2881,0,82157
36,matplotlib,fielded,100000,130113,32,Preprocessed global MILP,6,6,6,True,"{""optimal_numerical"": 6}",126.482421875,1.036320049999631,0.22612020000087796,0.131883399997605,0.003009050000400748,0.013827449998643715,0.0008697000084794126,0.07414120000612456,17792,2881,551,2263,779,846,6,53,17080,82157
37,pydantic,fielded,100000,106808,32,Global MILP baseline,6,6,6,True,"{""optimal_numerical"": 6}",205.740234375,4.089114000002155,3.333301449994906,0.003939499998523388,0.06763064999540802,3.163763550001022,0.01733500000409549,0.07101354999758769,23855,3131,0,0,47710,71565,1,23855,0,70166
37,pydantic,fielded,100000,106808,32,Join-restricted MILP,6,6,6,True,"{""optimal_numerical"": 6}",154.017578125,1.5432624500026577,0.7805416499977582,0.0028301999991526827,0.03837539999949513,0.6438133500050753,0.014905449999787379,0.07115134999912698,23855,3131,0,0,26986,30117,1,3131,0,70166
37,pydantic,fielded,100000,106808,32,Preprocessed global MILP,6,6,6,True,"{""optimal_numerical"": 6}",126.638671875,1.0586062499933178,0.3058820000005653,0.18741510000108974,0.004914949997328222,0.035662750000483356,0.002080099999147933,0.07034099999873433,23855,3131,208,2752,2223,2394,5,149,21803,70166
38,aiohttp,fielded,100000,105182,32,Global MILP baseline,6,6,6,True,"{""optimal_numerical"": 6}",196.3828125,3.481459950002318,2.79016350000893,0.003631599996879231,0.06414960000256542,2.622259949996078,0.0162502500024857,0.07090754999808269,22360,3221,0,0,44720,67080,1,22360,0,67011
38,aiohttp,fielded,100000,105182,32,Join-restricted MILP,6,6,6,True,"{""optimal_numerical"": 6}",152.576171875,1.6236680500005605,0.9386011000024155,0.002725250000366941,0.0373557500060997,0.8010156999953324,0.014078350002819207,0.07536174999404466,22360,3221,0,0,25581,28802,1,3221,0,67011
38,aiohttp,fielded,100000,105182,32,Preprocessed global MILP,6,6,6,True,"{""optimal_numerical"": 6}",123.888671875,1.0131253500076127,0.26912815000105184,0.1578000500012422,0.004282900001271628,0.02958444999967469,0.0018180000042775646,0.0714605000030133,22360,3221,176,2888,1898,2055,13,96,20619,67011
39,jsonschema,fielded,100000,101506,32,Global MILP baseline,6,6,6,True,"{""optimal_numerical"": 6}",194.8359375,3.3623780500056455,2.677827449995675,0.003647199999250006,0.05702124999515945,2.51701779999712,0.015451250001206063,0.07384560000355123,19669,2269,0,0,39338,59007,1,19669,0,60722
39,jsonschema,fielded,100000,101506,32,Join-restricted MILP,6,6,6,True,"{""optimal_numerical"": 6}",143.8828125,1.5296282499912195,0.8293450499986648,0.002829549994203262,0.0331758000102127,0.702775699995982,0.013349950000701938,0.06992360000731423,19669,2269,0,0,21938,24207,1,2269,0,60722
39,jsonschema,fielded,100000,101506,32,Preprocessed global MILP,6,6,6,True,"{""optimal_numerical"": 6}",118.85546875,0.921602400005213,0.2571732999931555,0.1323742999957176,0.0049703500044415705,0.043933050001214724,0.002289199997903779,0.06737324999267003,19669,2269,229,1837,2441,2644,17,143,17431,60722
40,matplotlib,compact,1000000,1004814,11/10,Global MILP baseline,6,6,6,True,"{""optimal_numerical"": 6}",947.90625,29.02230910000071,24.23091750000458,0.020840650002355687,0.6195994000008795,21.547269399998186,0.22315360000357032,1.7434981999977026,188125,25190,0,0,376250,564375,1,188125,0,5621249/10
40,matplotlib,compact,1000000,1004814,11/10,Join-restricted MILP,6,6,6,True,"{""optimal_numerical"": 6}",707.580078125,10.824879850006255,6.079746049996174,0.012946250004461035,0.39515284999652067,3.690050950004661,0.2057612499993411,1.7305548500007717,188125,25190,0,0,213315,238505,1,25190,0,5621249/10
40,matplotlib,compact,1000000,1004814,11/10,Preprocessed global MILP,6,6,6,True,"{""optimal_numerical"": 6}",591.517578125,8.340961450005125,3.5530990499973996,1.780827999995381,0.004478950002521742,0.023727050000161398,0.0014376500039361417,1.7181465000030585,188125,25190,19744,4848,1197,1795,292,5,187526,5621249/10
41,pydantic,compact,1000000,366328,11/10,Global MILP baseline,6,6,6,True,"{""optimal_numerical"": 6}",399.396484375,7.590006999998877,5.851207299994712,0.007934000001114327,0.20000514999992447,5.059559250003076,0.06644545000744984,0.49685869999666465,64637,10045,0,0,129274,193911,1,64637,0,1937137/10
41,pydantic,compact,1000000,366328,11/10,Join-restricted MILP,6,6,6,True,"{""optimal_numerical"": 6}",297.849609375,3.8082454000032158,2.0261443499985035,0.00518079999164911,0.12714649999543326,1.3211873499967624,0.06006155000068247,0.5065314500025124,64637,10045,0,0,74682,84727,1,10045,0,1937137/10
41,pydantic,compact,1000000,366328,11/10,Preprocessed global MILP,6,6,6,True,"{""optimal_numerical"": 6}",246.544921875,2.730989800002135,0.9767293999975664,0.47369145000266144,0.0030799999949522316,0.012663499997870531,0.0007320500008063391,0.4769081000049482,64637,10045,7821,1926,601,899,143,4,64334,1937137/10
42,aiohttp,compact,1000000,231531,11/10,Global MILP baseline,6,6,6,True,"{""optimal_numerical"": 6}",264.8515625,3.4627427499945043,2.1626656000007642,0.005604699996183626,0.12063924999529263,1.80844034999609,0.035581800002546515,0.17702059999282937,41231,6397,0,0,82462,123693,1,41231,0,1250127/10
42,aiohttp,compact,1000000,231531,11/10,Join-restricted MILP,6,6,6,True,"{""optimal_numerical"": 6}",214.4375,2.22756720000325,0.917653850003262,0.00397740000335034,0.07384080000338145,0.6233327000081772,0.03181650000624359,0.1728928000011365,41231,6397,0,0,47628,54025,1,6397,0,1250127/10
42,aiohttp,compact,1000000,231531,11/10,Preprocessed global MILP,6,6,6,True,"{""optimal_numerical"": 6}",181.875,1.7245771499947296,0.5541766999958782,0.2552471000017249,0.0023243000032380223,0.008587499993154779,0.00040344999433727935,0.28079930000239983,41231,6397,4900,1340,314,471,77,3,41074,1250127/10
43,matplotlib,fielded,1000000,1011144,11/10,Global MILP baseline,6,6,0,False,"{""limit_feasible"": 6}",1019.623046875,33.04693145000056,28.41057345000445,0.02268730000650976,0.6439659999959986,26.510881999995036,0.1980732000010903,0.9696075499959989,204845,21803,0,0,409690,614535,1,204845,0,4383747/10
43,matplotlib,fielded,1000000,1011144,11/10,Join-restricted MILP,6,6,6,True,"{""optimal_numerical"": 6}",726.94140625,16.769799749999947,12.137430649992893,0.013827099995978642,0.3884441999907722,10.539288700005272,0.17737389999820152,0.9664073499952792,204845,21803,0,0,226648,248451,1,21803,0,4383747/10
43,matplotlib,fielded,1000000,1011144,11/10,Preprocessed global MILP,6,6,6,True,"{""optimal_numerical"": 6}",562.873046875,7.195829500007676,2.576491200008604,1.553639199999452,0.005416150001110509,0.05061379999824567,0.0017984500009333715,0.942265599995153,204845,21803,15087,5829,1850,2737,294,7,203882,4383747/10
44,pydantic,fielded,1000000,668703,11/10,Global MILP baseline,6,6,0,False,"{""limit_feasible"": 6}",761.814453125,30.86386504999973,27.87946699999884,0.01336299999820767,0.38483769999584183,26.73626890000014,0.12551585000619525,0.5816917999982252,118557,15146,0,0,237114,355671,1,118557,0,1275108/5
44,pydantic,fielded,1000000,668703,11/10,Join-restricted MILP,6,6,6,True,"{""optimal_numerical"": 6}",491.078125,10.972683849999157,8.021755750000011,0.008567300006689038,0.239536400003999,7.051533799996832,0.11416915000154404,0.5944782000005944,118557,15146,0,0,133703,148849,1,15146,0,1275108/5
44,pydantic,fielded,1000000,668703,11/10,Preprocessed global MILP,6,6,6,True,"{""optimal_numerical"": 6}",370.33984375,4.487176650007314,1.5479004500011797,0.9329415999964112,0.0046856499975547194,0.03423004999058321,0.0014490999965346418,0.5591400000048452,118557,15146,10418,4065,1398,2061,223,5,117822,1275108/5
45,aiohttp,fielded,1000000,426119,11/10,Global MILP baseline,6,6,6,True,"{""optimal_numerical"": 6}",478.197265625,13.431378200002655,11.488862049998716,0.009037949996127281,0.23236850000103004,10.837979449999693,0.06659034999756841,0.3294236000001547,76746,10321,0,0,153492,230238,1,76746,0,830788/5
45,aiohttp,fielded,1000000,426119,11/10,Join-restricted MILP,6,6,6,True,"{""optimal_numerical"": 6}",344.556640625,6.340841299992462,4.4117585999993025,0.0061269000070751645,0.14112865000060992,3.8560399999987567,0.059817500005010515,0.3293541499951971,76746,10321,0,0,87067,97388,1,10321,0,830788/5
45,aiohttp,fielded,1000000,426119,11/10,Preprocessed global MILP,6,6,6,True,"{""optimal_numerical"": 6}",262.029296875,2.7239568500008318,0.8217725500071538,0.4728734499949496,0.003362600000400562,0.021884400004637428,0.0008682500047143549,0.3141931999998633,76746,10321,6764,3179,801,1179,126,5,76323,830788/5
46,jsonschema,fielded,1000000,167196,11/10,Global MILP baseline,6,6,6,True,"{""optimal_numerical"": 6}",223.0078125,3.401795049998327,2.4787227000051644,0.004490999999688938,0.08620630000223173,2.2372449999966193,0.024111999999149702,0.1154797499984852,29576,3473,0,0,59152,88728,1,29576,0,622909/10
46,jsonschema,fielded,1000000,167196,11/10,Join-restricted MILP,6,6,6,True,"{""optimal_numerical"": 6}",174.232421875,1.730871150000894,0.8145228499997756,0.0030538499922840856,0.04962035000062315,0.6168129500001669,0.021013800003856886,0.1137339500055532,29576,3473,0,0,33049,36522,1,3473,0,622909/10
46,jsonschema,fielded,1000000,167196,11/10,Preprocessed global MILP,6,6,6,True,"{""optimal_numerical"": 6}",143.69140625,1.1915109499968821,0.281502649988397,0.15012155000295024,0.0025359999999636784,0.0158095999940997,0.00044895000610267743,0.10737270000390708,29576,3473,2464,854,326,481,52,6,29405,622909/10
47,matplotlib,compact,1000000,1004814,5/4,Global MILP baseline,6,6,6,True,"{""optimal_numerical"": 6}",936.884765625,21.357768850000866,16.56902395000361,0.020729950003442355,0.6177333500017994,13.926251550001325,0.22206405000179075,1.7278917000076035,188125,25190,0,0,376250,564375,1,188125,0,2260523/4
47,matplotlib,compact,1000000,1004814,5/4,Join-restricted MILP,6,6,6,True,"{""optimal_numerical"": 6}",708.072265625,11.058448399999179,6.3463010499981465,0.012957300001289696,0.4071928499979549,3.896593599994958,0.20701289999851724,1.767761299997801,188125,25190,0,0,213315,238505,1,25190,0,2260523/4
47,matplotlib,compact,1000000,1004814,5/4,Preprocessed global MILP,6,6,6,True,"{""optimal_numerical"": 6}",589.48046875,8.290012450001086,3.5140163999967626,1.770656049993704,0.004447300001629628,0.02312260000326205,0.0014788999978918582,1.7010656500060577,188125,25190,19744,4848,1197,1795,292,5,187526,2260523/4
48,pydantic,compact,1000000,366328,5/4,Global MILP baseline,6,6,6,True,"{""optimal_numerical"": 6}",398.646484375,7.616007900003751,5.849825249992136,0.007712799997534603,0.2010983000000124,5.070281400003296,0.06621760000416543,0.4841708999956609,64637,10045,0,0,129274,193911,1,64637,0,779635/4
48,pydantic,compact,1000000,366328,5/4,Join-restricted MILP,6,6,6,True,"{""optimal_numerical"": 6}",298.814453125,3.8241027500043856,2.084443050000118,0.005449550008052029,0.12705670000286773,1.3545158999986597,0.0606411499902606,0.5141666500057909,64637,10045,0,0,74682,84727,1,10045,0,779635/4
48,pydantic,compact,1000000,366328,5/4,Preprocessed global MILP,6,6,6,True,"{""optimal_numerical"": 6}",245.513671875,2.692701849991863,0.9674294500000542,0.471098849993723,0.003038999995624181,0.012515649992565159,0.0007150000019464642,0.47209550000115996,64637,10045,7821,1926,601,899,143,4,64334,779635/4
49,aiohttp,compact,1000000,231531,5/4,Global MILP baseline,6,6,6,True,"{""optimal_numerical"": 6}",266.2109375,3.4156119999970542,2.1333718999958364,0.005540999998629559,0.11882695000531385,1.7870087999981479,0.03509104999830015,0.17181120000168448,41231,6397,0,0,82462,123693,1,41231,0,503037/4
49,aiohttp,compact,1000000,231531,5/4,Join-restricted MILP,6,6,6,True,"{""optimal_numerical"": 6}",214.05859375,2.2150635999933,0.9205847499979427,0.003845749990432523,0.0734001500022714,0.6313582000002498,0.03142010000010487,0.1713138000050094,41231,6397,0,0,47628,54025,1,6397,0,503037/4
49,aiohttp,compact,1000000,231531,5/4,Preprocessed global MILP,6,6,6,True,"{""optimal_numerical"": 6}",183.986328125,1.7193907000037143,0.5441638999982388,0.24734799999714596,0.0024937499983934686,0.00853810000262456,0.0004112999959033914,0.28109465000306955,41231,6397,4900,1340,314,471,77,3,41074,503037/4
50,matplotlib,fielded,1000000,1011144,5/4,Global MILP baseline,6,6,0,False,"{""limit_feasible"": 6}",1019.62109375,33.193613550007285,28.466034949997265,0.02193740000075195,0.6443190499994671,26.51572010000382,0.1976843500015093,0.943574949997128,204845,21803,0,0,409690,614535,1,204845,0,1762767/4
50,matplotlib,fielded,1000000,1011144,5/4,Join-restricted MILP,6,6,6,True,"{""optimal_numerical"": 6}",726.416015625,16.497651649995532,11.875782350005466,0.014044750001630746,0.3927396500002942,10.278935050002474,0.17773215000488563,0.9625709499960067,204845,21803,0,0,226648,248451,1,21803,0,1762767/4
50,matplotlib,fielded,1000000,1011144,5/4,Preprocessed global MILP,6,6,6,True,"{""optimal_numerical"": 6}",564.525390625,7.195997850009007,2.5767842499990365,1.5417935500081512,0.005582949997915421,0.053352800001448486,0.001764300002832897,0.954395349996048,204845,21803,15087,5829,1850,2737,294,7,203882,1762767/4
51,pydantic,fielded,1000000,668703,5/4,Global MILP baseline,6,6,0,False,"{""limit_feasible"": 6}",838.017578125,31.274289749999298,28.234026400001312,0.01371044999541482,0.4013469499986968,27.05630794999888,0.12683264999941457,0.5969820500031346,118557,15146,0,0,237114,355671,1,118557,0,513249/2
51,pydantic,fielded,1000000,668703,5/4,Join-restricted MILP,6,6,6,True,"{""optimal_numerical"": 6}",490.248046875,11.283397799998056,8.258383899999899,0.008735600000363775,0.24661130000458797,7.272779549995903,0.11786420000134967,0.6032686499966076,118557,15146,0,0,133703,148849,1,15146,0,513249/2
51,pydantic,fielded,1000000,668703,5/4,Preprocessed global MILP,6,6,6,True,"{""optimal_numerical"": 6}",368.5078125,4.57526610000059,1.600606850006443,0.9656465500011109,0.0049156499953824095,0.036050449998583645,0.0015000499988673255,0.5792570499979774,118557,15146,10418,4065,1398,2061,223,5,117822,513249/2
52,aiohttp,fielded,1000000,426119,5/4,Global MILP baseline,6,6,6,True,"{""optimal_numerical"": 6}",474.794921875,12.564697800000431,10.64630125000258,0.009528050002700184,0.2332867500008433,9.994534099998418,0.06659600000421051,0.3260510499967495,76746,10321,0,0,153492,230238,1,76746,0,334393/2
52,aiohttp,fielded,1000000,426119,5/4,Join-restricted MILP,6,6,6,True,"{""optimal_numerical"": 6}",344.564453125,6.477979850009433,4.543884300001082,0.006000699999276549,0.14083894999930635,3.996925100000226,0.0604567499976838,0.326358149999578,76746,10321,0,0,87067,97388,1,10321,0,334393/2
52,aiohttp,fielded,1000000,426119,5/4,Preprocessed global MILP,6,6,6,True,"{""optimal_numerical"": 6}",260.369140625,2.727739099995233,0.83650045000104,0.47616260000359034,0.003558650001650676,0.022201150000910275,0.0008442999969702214,0.32414680000511,76746,10321,6764,3179,801,1179,126,5,76323,334393/2
53,jsonschema,fielded,1000000,167196,5/4,Global MILP baseline,6,6,6,True,"{""optimal_numerical"": 6}",231.884765625,3.5789815000025555,2.654652699995495,0.004621999993105419,0.0919299500019406,2.400115199998254,0.025584499999240506,0.12173049999546492,29576,3473,0,0,59152,88728,1,29576,0,250681/4
53,jsonschema,fielded,1000000,167196,5/4,Join-restricted MILP,6,6,6,True,"{""optimal_numerical"": 6}",175.37109375,1.8068383499921765,0.8738675499989768,0.00344694999512285,0.05526274999283487,0.6585847999958787,0.022099549998529255,0.1210763499911991,29576,3473,0,0,33049,36522,1,3473,0,250681/4
53,jsonschema,fielded,1000000,167196,5/4,Preprocessed global MILP,6,6,6,True,"{""optimal_numerical"": 6}",145.15234375,1.211717049998697,0.2972640500011039,0.15688394999597222,0.0027455500021460466,0.014863450000120793,0.00046189999557100236,0.11771419999422505,29576,3473,2464,854,326,481,52,6,29405,250681/4
54,matplotlib,compact,1000000,1004814,3/2,Global MILP baseline,6,6,6,True,"{""optimal_numerical"": 6}",978.169921875,27.4386730000042,22.69564900000114,0.021161300006497186,0.6231757999994443,20.062583099999756,0.22226270000101067,1.7292017500076327,188125,25190,0,0,376250,564375,1,188125,0,1140281/2
54,matplotlib,compact,1000000,1004814,3/2,Join-restricted MILP,6,6,6,True,"{""optimal_numerical"": 6}",708.04296875,11.462323700005072,6.7080858499975875,0.013593449999461882,0.3955421499995282,4.313887750002323,0.20424685000034515,1.7203507000012905,188125,25190,0,0,213315,238505,1,25190,0,1140281/2
54,matplotlib,compact,1000000,1004814,3/2,Preprocessed global MILP,6,6,6,True,"{""optimal_numerical"": 6}",587.869140625,8.260564799995336,3.5214500999936718,1.7658037999935914,0.004602600005455315,0.023252999999385793,0.0013919000048190355,1.7067417500002193,188125,25190,19744,4848,1197,1795,292,5,187526,1140281/2
55,pydantic,compact,1000000,366328,3/2,Global MILP baseline,6,6,6,True,"{""optimal_numerical"": 6}",400.01171875,7.811338799998339,6.080915899990941,0.007865849998779595,0.20309830000041984,5.297161000002234,0.06658840000454802,0.48913134999747854,64637,10045,0,0,129274,193911,1,64637,0,393801/2
55,pydantic,compact,1000000,366328,3/2,Join-restricted MILP,6,6,6,True,"{""optimal_numerical"": 6}",298.390625,3.907573800002865,2.114651200005028,0.005133949998707976,0.12841655000374885,1.358843699999852,0.06011245000263443,0.5321668499964289,64637,10045,0,0,74682,84727,1,10045,0,393801/2
55,pydantic,compact,1000000,366328,3/2,Preprocessed global MILP,6,6,6,True,"{""optimal_numerical"": 6}",248.6171875,2.6991401499981293,0.9824834499959252,0.47355764999520034,0.003093049999733921,0.01286969999637222,0.0007313500027521513,0.48458739999477984,64637,10045,7821,1926,601,899,143,4,64334,393801/2
56,aiohttp,compact,1000000,231531,3/2,Global MILP baseline,6,6,6,True,"{""optimal_numerical"": 6}",267.888671875,3.47885734999727,2.184916300007899,0.005543000006582588,0.1193703499957337,1.8371321499944315,0.03583554999931948,0.17469025000173133,41231,6397,0,0,82462,123693,1,41231,0,254007/2
56,aiohttp,compact,1000000,231531,3/2,Join-restricted MILP,6,6,6,True,"{""optimal_numerical"": 6}",216.759765625,2.2821356499916874,0.9891050500009442,0.004024849993584212,0.07326409999950556,0.6949048500027857,0.031790249995538034,0.17418774999532616,41231,6397,0,0,47628,54025,1,6397,0,254007/2
56,aiohttp,compact,1000000,231531,3/2,Preprocessed global MILP,6,6,6,True,"{""optimal_numerical"": 6}",182.33203125,1.7160218999924837,0.5402818500006106,0.2491623499954585,0.002566700008173939,0.007676950001041405,0.00039325000398093835,0.27301019999868004,41231,6397,4900,1340,314,471,77,3,41074,254007/2
57,matplotlib,fielded,1000000,1011144,3/2,Global MILP baseline,6,6,0,False,"{""limit_feasible"": 6}",1019.947265625,32.917335800004366,28.33816780000052,0.02249685000424506,0.6394712500041351,26.463606949997484,0.19641845000296598,0.9620035999978427,204845,21803,0,0,409690,614535,1,204845,0,889107/2
57,matplotlib,fielded,1000000,1011144,3/2,Join-restricted MILP,6,6,6,True,"{""optimal_numerical"": 6}",730.6171875,17.614706849999493,13.012967249997018,0.013853099997504614,0.3886587500019232,11.412873250003031,0.17665884999587433,0.9502630499991938,204845,21803,0,0,226648,248451,1,21803,0,889107/2
57,matplotlib,fielded,1000000,1011144,3/2,Preprocessed global MILP,6,6,6,True,"{""optimal_numerical"": 6}",563.828125,7.158546450002177,2.5649399000030826,1.545052850000502,0.005675849999533966,0.05810945000121137,0.0018189500042353757,0.9313431499977014,204845,21803,15087,5829,1850,2737,294,7,203882,889107/2
58,pydantic,fielded,1000000,668703,3/2,Global MILP baseline,6,6,0,False,"{""limit_feasible"": 6}",787.322265625,30.842662950002705,27.864191100001335,0.013403099997958634,0.3891196999975364,26.705396850004036,0.1247462999963318,0.5857818500080612,118557,15146,0,0,237114,355671,1,118557,0,259296
58,pydantic,fielded,1000000,668703,3/2,Join-restricted MILP,6,6,6,True,"{""optimal_numerical"": 6}",494.1875,11.905634249997092,8.933408950004377,0.00859850000415463,0.239278450004349,7.964256949999253,0.11258509999606758,0.5829007499996806,118557,15146,0,0,133703,148849,1,15146,0,259296
58,pydantic,fielded,1000000,668703,3/2,Preprocessed global MILP,6,6,6,True,"{""optimal_numerical"": 6}",372.404296875,4.50375055000768,1.5588424500019755,0.9374532000074396,0.004560749999654945,0.03948189999937313,0.0014415500045288354,0.5570284999994328,118557,15146,10418,4065,1398,2061,223,5,117822,259296
59,aiohttp,fielded,1000000,426119,3/2,Global MILP baseline,6,6,6,True,"{""optimal_numerical"": 6}",467.1328125,12.214901050007029,10.250858349994814,0.00932680000551045,0.23539824999897974,9.586024650001491,0.06720945000415668,0.33485259999724803,76746,10321,0,0,153492,230238,1,76746,0,168928
59,aiohttp,fielded,1000000,426119,3/2,Join-restricted MILP,6,6,6,True,"{""optimal_numerical"": 6}",343.375,6.300921850001032,4.37174529999902,0.006232949999684934,0.14412494999851333,3.8177003499949933,0.06019680000463268,0.328963849999127,76746,10321,0,0,87067,97388,1,10321,0,168928
59,aiohttp,fielded,1000000,426119,3/2,Preprocessed global MILP,6,6,6,True,"{""optimal_numerical"": 6}",261.328125,2.7501329999940936,0.8411903500018525,0.47802925000723917,0.003350699997099582,0.024161699999240227,0.0008431500027654693,0.3242940499985707,76746,10321,6764,3179,801,1179,126,5,76323,168928
60,jsonschema,fielded,1000000,167196,3/2,Global MILP baseline,6,6,6,True,"{""optimal_numerical"": 6}",233.869140625,3.906515999995463,2.9728088499978185,0.00450220000493573,0.09185070000239648,2.7094027499988442,0.02532785000221338,0.12208315000316361,29576,3473,0,0,59152,88728,1,29576,0,126605/2
60,jsonschema,fielded,1000000,167196,3/2,Join-restricted MILP,6,6,6,True,"{""optimal_numerical"": 6}",175.0390625,1.8765238000050886,0.9443773999955738,0.0032718499933253042,0.054383149996283464,0.7331692500010831,0.022405550007533748,0.12124300000141375,29576,3473,0,0,33049,36522,1,3473,0,126605/2
60,jsonschema,fielded,1000000,167196,3/2,Preprocessed global MILP,6,6,6,True,"{""optimal_numerical"": 6}",144.810546875,1.238623599994753,0.300087950003217,0.15810839999176096,0.002418300005956553,0.01386830000410555,0.0004499499991652556,0.11764364999544341,29576,3473,2464,854,326,481,52,6,29405,126605/2
61,matplotlib,compact,1000000,1004814,2,Global MILP baseline,6,6,6,True,"{""optimal_numerical"": 6}",937.044921875,22.112220649993105,17.278636299997743,0.02086824998696102,0.6295440500034601,14.562718450004468,0.2268620499962708,1.7937200000014855,188125,25190,0,0,376250,564375,1,188125,0,580160
61,matplotlib,compact,1000000,1004814,2,Join-restricted MILP,6,6,6,True,"{""optimal_numerical"": 6}",708.03125,11.77778920000128,6.992784449997998,0.01342415000544861,0.39893929999379907,4.5807414000009885,0.20843910000257893,1.7524554499977967,188125,25190,0,0,213315,238505,1,25190,0,580160
61,matplotlib,compact,1000000,1004814,2,Preprocessed global MILP,6,6,6,True,"{""optimal_numerical"": 6}",589.611328125,8.320117000002938,3.531484350001847,1.7812333999972907,0.0033189500027219765,0.011598649994994048,0.0007530499933636747,1.7140739500027848,188125,25190,19907,5019,529,793,126,4,187860,580160
62,pydantic,compact,1000000,366328,2,Global MILP baseline,6,6,6,True,"{""optimal_numerical"": 6}",407.7890625,8.511883999999554,6.765473350002139,0.008034400001633912,0.20475390000501648,5.975595700001577,0.06647150000208057,0.49189704999298556,64637,10045,0,0,129274,193911,1,64637,0,200884
62,pydantic,compact,1000000,366328,2,Join-restricted MILP,6,6,6,True,"{""optimal_numerical"": 6}",301.07421875,4.022318800001813,2.238511899995501,0.0053338500001700595,0.1282590499977232,1.4998157000009087,0.06099789999279892,0.5236099999965518,64637,10045,0,0,74682,84727,1,10045,0,200884
62,pydantic,compact,1000000,366328,2,Preprocessed global MILP,6,6,6,True,"{""optimal_numerical"": 6}",244.9921875,2.7110763999953633,0.9748037500030478,0.47306620000017574,0.0023479000010411255,0.0068617500000982545,0.0003805999949690886,0.48542195000482025,64637,10045,7906,2019,243,363,57,3,64514,200884
63,aiohttp,compact,1000000,231531,2,Global MILP baseline,6,6,6,True,"{""optimal_numerical"": 6}",268.275390625,3.593303500005277,2.2692270499974256,0.005712949998269323,0.12050965000526048,1.915484800003469,0.03627155000867788,0.17823090000456432,41231,6397,0,0,82462,123693,1,41231,0,129492
63,aiohttp,compact,1000000,231531,2,Join-restricted MILP,6,6,6,True,"{""optimal_numerical"": 6}",214.283203125,2.238092899999174,0.9288223999974434,0.003866849991027266,0.07452140000532381,0.6305995499933488,0.031982550004613586,0.17459549999330193,41231,6397,0,0,47628,54025,1,6397,0,129492
63,aiohttp,compact,1000000,231531,2,Preprocessed global MILP,6,6,6,True,"{""optimal_numerical"": 6}",182.05859375,1.745704150001984,0.558449300006032,0.25145705000613816,0.0024201500054914504,0.006212300002516713,0.0003110999969067052,0.293311100002029,41231,6397,4938,1387,144,216,35,3,41159,129492
64,matplotlib,fielded,1000000,1011144,2,Global MILP baseline,6,6,0,False,"{""limit_feasible"": 6}",1020.32421875,33.34389860000374,28.6866530000043,0.022395499996491708,0.6519269999989774,26.781400099993334,0.19782970000233036,0.9640466000055312,204845,21803,0,0,409690,614535,1,204845,0,452277
64,matplotlib,fielded,1000000,1011144,2,Join-restricted MILP,6,6,6,True,"{""optimal_numerical"": 6}",727.234375,20.392053500007023,15.769152649998432,0.01352865000080783,0.39362095000979025,14.172908849999658,0.17857745000219438,0.9635849000042072,204845,21803,0,0,226648,248451,1,21803,0,452277
64,matplotlib,fielded,1000000,1011144,2,Preprocessed global MILP,6,6,6,True,"{""optimal_numerical"": 6}",563.912109375,7.976345749993925,2.5597491999942577,1.5844761000043945,0.00330394999764394,0.01436979999562027,0.0006963999985600822,0.9367375500078197,204845,21803,14644,6922,518,755,74,6,204564,452277
65,pydantic,fielded,1000000,668703,2,Global MILP baseline,6,6,0,False,"{""limit_feasible"": 6}",766.58203125,31.031831100001,28.090966750001826,0.013299149999511428,0.3873290499977884,26.94620564999059,0.12370525000005728,0.5671874000036041,118557,15146,0,0,237114,355671,1,118557,0,264639
65,pydantic,fielded,1000000,668703,2,Join-restricted MILP,6,6,6,True,"{""optimal_numerical"": 6}",489.958984375,12.520898549999401,9.549805500006187,0.008879850000084843,0.2447161500022048,8.578832449995389,0.1129931499963277,0.5800961999993888,118557,15146,0,0,133703,148849,1,15146,0,264639
65,pydantic,fielded,1000000,668703,2,Preprocessed global MILP,6,6,6,True,"{""optimal_numerical"": 6}",369.3671875,4.518518199998653,1.5643192499992438,0.9565673000033712,0.002911700008553453,0.012964150002517272,0.0006193499939399771,0.5813185500082909,118557,15146,10104,4833,468,677,69,5,118298,264639
66,aiohttp,fielded,1000000,426119,2,Global MILP baseline,6,6,6,True,"{""optimal_numerical"": 6}",480.927734375,14.073401000001468,12.15232035000372,0.009207699993567076,0.23300650000601308,11.499647199998435,0.06641694999416359,0.3257618999996339,76746,10321,0,0,153492,230238,1,76746,0,172391
66,aiohttp,fielded,1000000,426119,2,Join-restricted MILP,6,6,6,True,"{""optimal_numerical"": 6}",341.392578125,6.379129850000027,4.46217125000112,0.005724299997382332,0.1424758000066504,3.914796250006475,0.05960944999969797,0.32970215000386816,76746,10321,0,0,87067,97388,1,10321,0,172391
66,aiohttp,fielded,1000000,426119,2,Preprocessed global MILP,6,6,6,True,"{""optimal_numerical"": 6}",259.1640625,2.7220264000061434,0.8088016000037896,0.47623469999962253,0.0022514000011142343,0.009141800001088995,0.0003613500011852011,0.31196045000251615,76746,10321,6564,3655,233,335,33,5,76615,172391
67,jsonschema,fielded,1000000,167196,2,Global MILP baseline,6,6,6,True,"{""optimal_numerical"": 6}",234.923828125,3.4828741000019363,2.5601003500050865,0.004359899998235051,0.08627770000020973,2.321644200004812,0.024533199997677002,0.11446715000056429,29576,3473,0,0,59152,88728,1,29576,0,64567
67,jsonschema,fielded,1000000,167196,2,Join-restricted MILP,6,6,6,True,"{""optimal_numerical"": 6}",173.3125,1.75453109999944,0.8468567000018083,0.003089350000664126,0.05076569999800995,0.6509170999997878,0.02091744999779621,0.109980050008744,29576,3473,0,0,33049,36522,1,3473,0,64567
67,jsonschema,fielded,1000000,167196,2,Preprocessed global MILP,6,6,6,True,"{""optimal_numerical"": 6}",144.45703125,1.1936408000037773,0.2783188500034157,0.15059540000220295,0.001963000002433546,0.008131899994623382,0.00025145000108750537,0.11057674999756273,29576,3473,2407,1008,130,188,20,5,29504,64567
68,matplotlib,compact,1000000,1004814,32,Global MILP baseline,6,6,6,True,"{""optimal_numerical"": 6}",936.703125,20.696866949998366,15.86421005000011,0.020966099997167476,0.6179771499955677,13.173010350008553,0.2197237500004121,1.7761577499986743,188125,25190,0,0,376250,564375,1,188125,0,755194
68,matplotlib,compact,1000000,1004814,32,Join-restricted MILP,6,6,6,True,"{""optimal_numerical"": 6}",709.5546875,11.170809249997546,6.3746029999965685,0.012846800003899261,0.3926897499986808,3.938477449999482,0.20277945000270847,1.7869157499953872,188125,25190,0,0,213315,238505,1,25190,0,755194
68,matplotlib,compact,1000000,1004814,32,Preprocessed global MILP,6,6,6,True,"{""optimal_numerical"": 6}",618.451171875,12.671908199998143,7.892312249998213,6.033689449999656,0.012072699995769653,0.07568655000795843,0.00700025000696769,1.7429819500030135,188125,25190,2055,22535,4394,4994,150,33,184331,755194
69,pydantic,compact,1000000,366328,32,Global MILP baseline,6,6,6,True,"{""optimal_numerical"": 6}",425.5546875,10.138341399993806,8.387358899999526,0.007538650002970826,0.1986659999965923,7.595715299990843,0.06503770000563236,0.5063022000031197,64637,10045,0,0,129274,193911,1,64637,0,271102
69,pydantic,compact,1000000,366328,32,Join-restricted MILP,6,6,6,True,"{""optimal_numerical"": 6}",311.607421875,4.516412149991083,2.7714517499989597,0.005143249996763188,0.12676549999741837,2.0562678999995114,0.05959340000117663,0.5092118500033394,64637,10045,0,0,74682,84727,1,10045,0,271102
69,pydantic,compact,1000000,366328,32,Preprocessed global MILP,6,6,6,True,"{""optimal_numerical"": 6}",251.916015625,3.3678613500014762,1.6168379000009736,1.0026076499998453,0.008669949995237403,0.08077060000505298,0.00488565000705421,0.5115488999945228,64637,10045,744,8926,3635,4010,86,43,61377,271102
70,aiohttp,compact,1000000,231531,32,Global MILP baseline,6,6,6,True,"{""optimal_numerical"": 6}",277.837890625,5.020211150003888,3.8163466499972856,0.005790999995952006,0.11945550000382354,3.344418950000545,0.03485559999535326,0.29927609999867855,41231,6397,0,0,82462,123693,1,41231,0,172031
70,aiohttp,compact,1000000,231531,32,Join-restricted MILP,6,6,6,True,"{""optimal_numerical"": 6}",220.9140625,2.559698050004954,1.3704299999953946,0.003917649999493733,0.07368014999519801,0.9484738499959349,0.0312652499997057,0.2983850499949767,41231,6397,0,0,47628,54025,1,6397,0,172031
70,aiohttp,compact,1000000,231531,32,Preprocessed global MILP,6,6,6,True,"{""optimal_numerical"": 6}",189.068359375,2.1709965000045486,0.9758060500025749,0.6386837000100059,0.004528649995336309,0.032044500003394205,0.0018585500001790933,0.28966645000036806,41231,6397,444,5770,1354,1537,40,37,40060,172031
71,matplotlib,fielded,1000000,1011144,32,Global MILP baseline,6,6,0,False,"{""limit_feasible"": 6}",1068.083984375,33.88456600000063,29.125875399993674,0.02232364999508718,0.6535596000030637,26.409830300006433,0.19601610000245273,1.7513743000017712,204845,21803,0,0,409690,614535,1,204845,0,603322
71,matplotlib,fielded,1000000,1011144,32,Join-restricted MILP,6,6,6,True,"{""optimal_numerical"": 6}",768.560546875,24.942594400003145,20.245637749998423,0.014120250009000301,0.39356635000149254,17.850925949998782,0.17716954999923473,1.7391439999992144,204845,21803,0,0,226648,248451,1,21803,0,603322
71,matplotlib,fielded,1000000,1011144,32,Preprocessed global MILP,6,6,6,True,"{""optimal_numerical"": 6}",576.826171875,10.988389300000563,6.294350949996442,4.198647600002005,0.02415110000583809,0.28741995000018505,0.014884000003803521,1.7249081000045408,204845,21803,1827,18873,12274,13377,116,662,193674,603322
72,pydantic,fielded,1000000,668703,32,Global MILP baseline,6,6,0,False,"{""limit_feasible"": 6}",776.98828125,31.585217200001352,28.13928109999688,0.01316404998942744,0.3855557499991846,26.973757899999327,0.12262860000191722,0.6100882000027923,118557,15146,0,0,237114,355671,1,118557,0,370927
72,pydantic,fielded,1000000,668703,32,Join-restricted MILP,6,6,6,True,"{""optimal_numerical"": 6}",514.27734375,17.068045100000745,13.613603099991451,0.008912299999792594,0.23885754999355413,12.615018850003253,0.11144090000016149,0.5944029000020237,118557,15146,0,0,133703,148849,1,15146,0,370927
72,pydantic,fielded,1000000,668703,32,Preprocessed global MILP,6,6,6,True,"{""optimal_numerical"": 6}",381.591796875,6.620754349998606,3.659750549995806,2.2997682499917573,0.023590949989738874,0.28314305000094464,0.015155850007431582,1.0203521000003093,118557,15146,1205,12937,12615,13619,65,783,106946,370927
73,aiohttp,fielded,1000000,426119,32,Global MILP baseline,6,6,0,False,"{""limit_feasible"": 6}",605.619140625,29.737807750003412,27.526030850000097,0.009062800003448501,0.23158250000415137,26.84759665000456,0.06676164999953471,0.35098175000894116,76746,10321,0,0,153492,230238,1,76746,0,238726
73,aiohttp,fielded,1000000,426119,32,Join-restricted MILP,6,6,6,True,"{""optimal_numerical"": 6}",357.091796875,8.450025049998658,6.284873650001828,0.005809100002807099,0.14142575000005309,5.714442199998302,0.06043805000081193,0.3432576000050176,76746,10321,0,0,87067,97388,1,10321,0,238726
73,aiohttp,fielded,1000000,426119,32,Preprocessed global MILP,6,6,6,True,"{""optimal_numerical"": 6}",268.640625,3.922828800001298,1.9946409999975003,1.1039095499945688,0.014173949995893054,0.2251560500008054,0.00844525000138674,0.6361007499945117,76746,10321,658,8892,7773,8544,44,620,69744,238726
74,jsonschema,fielded,1000000,167196,32,Global MILP baseline,6,6,6,True,"{""optimal_numerical"": 6}",254.162109375,6.197709799991571,5.298357899999246,0.004433949994563591,0.0876468999995268,5.050711200005026,0.023454250003851485,0.11948340000526514,29576,3473,0,0,59152,88728,1,29576,0,92748
74,jsonschema,fielded,1000000,167196,32,Join-restricted MILP,6,6,6,True,"{""optimal_numerical"": 6}",183.654296875,2.403958249997231,1.501606650002941,0.0030017000026418827,0.04955270000209566,1.3030342999991262,0.020613849999790546,0.11866035000275588,29576,3473,0,0,33049,36522,1,3473,0,92748
74,jsonschema,fielded,1000000,167196,32,Preprocessed global MILP,6,6,6,True,"{""optimal_numerical"": 6}",149.080078125,1.3334498500043992,0.4218613999983063,0.21716030000243336,0.006674399999610614,0.0671697499928996,0.0032788499956950545,0.1196360999965691,29576,3473,349,2834,3367,3657,14,248,26499,92748
75,matplotlib,compact,10000000,1856156,11/10,Global MILP baseline,6,0,0,False,"{""METHOD_TIME_CAP"": 6}",1543.47265625,36.760433150004246,,,,,,,,,,,,,,,,4594799/5
75,matplotlib,compact,10000000,1856156,11/10,Join-restricted MILP,6,6,6,True,"{""optimal_numerical"": 6}",1168.900390625,22.86989924999216,14.450010149994341,0.020095799998671282,0.7702627500038943,9.817174300005718,0.4385850499966182,3.343472050008131,308786,41812,0,0,350598,392410,1,41812,0,4594799/5
75,matplotlib,compact,10000000,1856156,11/10,Preprocessed global MILP,6,6,6,True,"{""optimal_numerical"": 6}",971.916015625,15.791462950001005,7.372305349999806,3.889434299999266,0.007185250004113186,0.04241770000226097,0.0029704000044148415,3.394507450000674,308786,41812,33309,7385,2237,3355,544,4,307667,4594799/5
76,matplotlib,fielded,10000000,3373699,11/10,Global MILP baseline,6,0,0,False,"{""METHOD_TIME_CAP"": 6}",2697.8359375,42.493629149998014,,,,,,,,,,,,,,,,5948179/5
76,matplotlib,fielded,10000000,3373699,11/10,Join-restricted MILP,6,0,0,False,"{""METHOD_TIME_CAP"": 6}",2009.4453125,42.38425625000673,,,,,,,,,,,,,,,,5948179/5
76,matplotlib,fielded,10000000,3373699,11/10,Preprocessed global MILP,6,6,6,True,"{""optimal_numerical"": 6}",1548.294921875,30.870288099999016,15.798541099997237,11.886548200003745,0.015070200002810452,0.19191185000090627,0.00742875000287313,3.6324063500069315,550187,62008,43115,16215,5599,8277,932,6,547266,5948179/5
77,matplotlib,compact,10000000,1856156,5/4,Global MILP baseline,6,6,6,True,"{""optimal_numerical"": 6}",1543.384765625,36.894516700005624,28.441134049993707,0.034379700002318714,1.1206873000046471,23.386143700001412,0.4664855000009993,3.363786200003233,308786,41812,0,0,617572,926358,1,308786,0,1848077/2
77,matplotlib,compact,10000000,1856156,5/4,Join-restricted MILP,6,6,6,True,"{""optimal_numerical"": 6}",1167.783203125,22.749291949992767,14.353117849997943,0.0199975500072469,0.7661932499977411,9.723655300003884,0.4373926499974914,3.3376348499950836,308786,41812,0,0,350598,392410,1,41812,0,1848077/2
77,matplotlib,compact,10000000,1856156,5/4,Preprocessed global MILP,6,6,6,True,"{""optimal_numerical"": 6}",972.251953125,15.81369110000378,7.372706049995031,3.894596049998654,0.007260099999257363,0.040236900000309106,0.0029421500003081746,3.405849999995553,308786,41812,33309,7385,2237,3355,544,4,307667,1848077/2
78,matplotlib,fielded,10000000,3373699,5/4,Global MILP baseline,6,0,0,False,"{""METHOD_TIME_CAP"": 6}",2699.02734375,42.45299479999812,,,,,,,,,,,,,,,,1196267
78,matplotlib,fielded,10000000,3373699,5/4,Join-restricted MILP,6,0,0,False,"{""METHOD_TIME_CAP"": 6}",2009.595703125,42.4800123499881,,,,,,,,,,,,,,,,1196267
78,matplotlib,fielded,10000000,3373699,5/4,Preprocessed global MILP,6,6,6,True,"{""optimal_numerical"": 6}",1549.716796875,30.968688250002742,15.866091399999277,11.848848399997223,0.0148935499964864,0.2840884499892127,0.006912299999385141,3.6627728000021307,550187,62008,43115,16215,5599,8277,932,6,547266,1196267
79,matplotlib,compact,10000000,1856156,3/2,Global MILP baseline,6,0,0,False,"{""METHOD_TIME_CAP"": 6}",1543.341796875,36.776870099994994,,,,,,,,,,,,,,,,932503
79,matplotlib,compact,10000000,1856156,3/2,Join-restricted MILP,6,6,6,True,"{""optimal_numerical"": 6}",1167.861328125,23.295745149996947,14.88479560000269,0.02023929999995744,0.767461600000388,10.245446499990067,0.4384338000090793,3.33745810000255,308786,41812,0,0,350598,392410,1,41812,0,932503
79,matplotlib,compact,10000000,1856156,3/2,Preprocessed global MILP,6,6,6,True,"{""optimal_numerical"": 6}",969.4609375,15.800320000002102,7.3521120000004885,3.891812599998957,0.007398900001135189,0.03982769999856828,0.002841549998265691,3.368249500003003,308786,41812,33309,7385,2237,3355,544,4,307667,932503
80,matplotlib,fielded,10000000,3373699,3/2,Global MILP baseline,6,0,0,False,"{""METHOD_TIME_CAP"": 6}",2702.958984375,42.443166349999956,,,,,,,,,,,,,,,,1207319
80,matplotlib,fielded,10000000,3373699,3/2,Join-restricted MILP,6,0,0,False,"{""METHOD_TIME_CAP"": 6}",2009.390625,42.43292619999556,,,,,,,,,,,,,,,,1207319
80,matplotlib,fielded,10000000,3373699,3/2,Preprocessed global MILP,6,6,6,True,"{""optimal_numerical"": 6}",1561.40234375,30.964305449997482,15.85824305001006,11.836724149994552,0.014679700005217455,0.32028345000435365,0.007025549995887559,3.6421426000015344,550187,62008,43115,16215,5599,8277,932,6,547266,1207319
81,matplotlib,compact,10000000,1856156,2,Global MILP baseline,6,0,0,False,"{""METHOD_TIME_CAP"": 6}",1543.056640625,36.799230650001846,,,,,,,,,,,,,,,,949432
81,matplotlib,compact,10000000,1856156,2,Join-restricted MILP,6,6,6,True,"{""optimal_numerical"": 6}",1168.240234375,25.290557150001405,16.837274300007266,0.02037160000327276,0.7665163499987102,12.220363250002265,0.4415087000015774,3.343395350006176,308786,41812,0,0,350598,392410,1,41812,0,949432
81,matplotlib,compact,10000000,1856156,2,Preprocessed global MILP,6,6,6,True,"{""optimal_numerical"": 6}",969.845703125,15.687096500005282,7.289685150004516,3.854027050001605,0.005167600000277162,0.017309600007138215,0.0015000999992480502,3.382317100004002,308786,41812,33595,7696,1042,1563,247,4,308265,949432
82,matplotlib,fielded,10000000,3373699,2,Global MILP baseline,6,0,0,False,"{""METHOD_TIME_CAP"": 6}",2702.453125,42.43484224999702,,,,,,,,,,,,,,,,1229423
82,matplotlib,fielded,10000000,3373699,2,Join-restricted MILP,6,0,0,False,"{""METHOD_TIME_CAP"": 6}",2009.947265625,42.44465749998926,,,,,,,,,,,,,,,,1229423
82,matplotlib,fielded,10000000,3373699,2,Preprocessed global MILP,6,6,6,True,"{""optimal_numerical"": 6}",1546.451171875,27.98324235000473,12.870772100002796,9.14389785000094,0.006777200003853068,0.03836480000609299,0.002279200001794379,3.638395700007095,550187,62008,42051,19265,1511,2203,233,6,549368,1229423
83,matplotlib,compact,10000000,1856156,32,Global MILP baseline,6,0,0,False,"{""METHOD_TIME_CAP"": 6}",1543.318359375,36.73597344999871,,,,,,,,,,,,,,,,1258573
83,matplotlib,compact,10000000,1856156,32,Join-restricted MILP,6,6,6,True,"{""optimal_numerical"": 6}",1186.78515625,31.292457449999347,22.695035149998148,0.020429299998795614,0.7672931500055711,17.91097604999959,0.4395509000023594,3.4844444499976817,308786,41812,0,0,350598,392410,1,41812,0,1258573
83,matplotlib,compact,10000000,1856156,32,Preprocessed global MILP,6,6,6,True,"{""optimal_numerical"": 6}",1009.431640625,26.482333499996457,17.93673200000194,14.11494975000096,0.02719529999740189,0.3310277999989921,0.018937799999548588,3.408929849989363,308786,41812,3692,36736,10013,11397,330,100,300157,1258573
84,matplotlib,fielded,10000000,3373699,32,Global MILP baseline,6,0,0,False,"{""METHOD_TIME_CAP"": 6}",2698.376953125,42.46850115000416,,,,,,,,,,,,,,,,
84,matplotlib,fielded,10000000,3373699,32,Join-restricted MILP,6,0,0,False,"{""METHOD_TIME_CAP"": 6}",2009.234375,42.46900819999428,,,,,,,,,,,,,,,,
84,matplotlib,fielded,10000000,3373699,32,Preprocessed global MILP,6,0,0,False,"{""METHOD_TIME_CAP"": 6}",1434.6640625,42.41758380000101,,,,,,,,,,,,,,,,
