condition,distribution,representation,target_nodes,actual_nodes,h,input_status,repeat,status,solver_invoked,nrows_before,nvars_before,nrows_after,nvars_after,separation_lp_iterations,nodes,residual_candidates,max_component_candidates
8,matplotlib,compact,100000,109859,11/10,READY,0,optimal_numerical,True,57,38,30,29,3,1,19,3
9,pydantic,compact,100000,100042,11/10,READY,0,optimal_numerical,True,343,229,174,172,28,1,114,4
10,aiohttp,compact,100000,108915,11/10,READY,0,optimal_numerical,True,306,204,153,153,25,1,102,3
11,jsonschema,compact,100000,91848,11/10,READY,0,optimal_numerical,True,240,160,123,121,15,1,80,3
12,matplotlib,fielded,100000,130113,11/10,READY,0,optimal_numerical,True,190,129,102,91,28,1,61,5
13,pydantic,fielded,100000,106808,11/10,READY,0,optimal_numerical,True,379,257,204,183,56,1,122,4
14,aiohttp,fielded,100000,105182,11/10,READY,0,optimal_numerical,True,456,311,249,221,68,1,145,5
15,jsonschema,fielded,100000,101506,11/10,READY,0,optimal_numerical,True,247,167,132,122,38,1,80,6
16,matplotlib,compact,100000,109859,5/4,READY,0,optimal_numerical,True,57,38,30,29,3,1,19,3
17,pydantic,compact,100000,100042,5/4,READY,0,optimal_numerical,True,343,229,174,172,28,1,114,4
18,aiohttp,compact,100000,108915,5/4,READY,0,optimal_numerical,True,306,204,153,153,25,1,102,3
19,jsonschema,compact,100000,91848,5/4,READY,0,optimal_numerical,True,240,160,123,121,15,1,80,3
20,matplotlib,fielded,100000,130113,5/4,READY,0,optimal_numerical,True,190,129,102,91,28,1,61,5
21,pydantic,fielded,100000,106808,5/4,READY,0,optimal_numerical,True,379,257,204,183,56,1,122,4
22,aiohttp,fielded,100000,105182,5/4,READY,0,optimal_numerical,True,456,311,249,221,68,1,145,5
23,jsonschema,fielded,100000,101506,5/4,READY,0,optimal_numerical,True,247,167,132,122,39,1,80,6
24,matplotlib,compact,100000,109859,3/2,READY,0,optimal_numerical,True,57,38,30,29,3,1,19,3
25,pydantic,compact,100000,100042,3/2,READY,0,optimal_numerical,True,343,229,174,172,28,1,114,4
26,aiohttp,compact,100000,108915,3/2,READY,0,optimal_numerical,True,306,204,153,153,25,1,102,3
27,jsonschema,compact,100000,91848,3/2,READY,0,optimal_numerical,True,240,160,123,121,15,1,80,3
28,matplotlib,fielded,100000,130113,3/2,READY,0,optimal_numerical,True,190,129,102,91,28,1,61,5
29,pydantic,fielded,100000,106808,3/2,READY,0,optimal_numerical,True,379,257,204,183,59,1,122,4
30,aiohttp,fielded,100000,105182,3/2,READY,0,optimal_numerical,True,456,311,249,221,70,1,145,5
31,jsonschema,fielded,100000,101506,3/2,READY,0,optimal_numerical,True,247,167,132,122,41,1,80,6
32,matplotlib,compact,100000,109859,2,READY,0,optimal_numerical,True,15,10,9,8,3,1,5,3
33,pydantic,compact,100000,100042,2,READY,0,optimal_numerical,True,147,98,78,75,27,1,49,4
34,aiohttp,compact,100000,108915,2,READY,0,optimal_numerical,True,138,92,69,69,24,1,46,3
35,jsonschema,compact,100000,91848,2,READY,0,optimal_numerical,True,69,46,36,35,12,1,23,3
36,matplotlib,fielded,100000,130113,2,READY,0,optimal_numerical,True,67,46,36,33,10,1,21,5
37,pydantic,fielded,100000,106808,2,READY,0,optimal_numerical,True,104,71,57,51,17,1,33,4
38,aiohttp,fielded,100000,105182,2,READY,0,optimal_numerical,True,110,77,57,52,15,1,33,5
39,jsonschema,fielded,100000,101506,2,READY,0,optimal_numerical,True,110,76,60,54,16,1,34,5
40,matplotlib,compact,100000,109859,32,READY,0,optimal_numerical,True,154,130,39,37,29,1,24,13
41,pydantic,compact,100000,100042,32,READY,0,optimal_numerical,True,701,629,120,112,42,1,72,23
42,aiohttp,compact,100000,108915,32,READY,0,optimal_numerical,True,539,482,105,91,39,1,57,7
43,jsonschema,compact,100000,91848,32,READY,0,optimal_numerical,True,1283,1151,252,216,95,1,132,74
44,matplotlib,fielded,100000,130113,32,READY,0,optimal_numerical,True,846,779,123,107,48,1,67,53
45,pydantic,fielded,100000,106808,32,READY,0,optimal_numerical,True,2394,2223,336,281,175,1,171,149
46,aiohttp,fielded,100000,105182,32,READY,0,optimal_numerical,True,2055,1898,288,252,124,1,157,96
47,jsonschema,fielded,100000,101506,32,READY,0,optimal_numerical,True,2644,2441,411,338,189,1,203,143
56,matplotlib,compact,1000000,1004814,11/10,READY,0,optimal_numerical,True,1795,1197,903,897,136,1,598,5
57,pydantic,compact,1000000,366328,11/10,READY,0,optimal_numerical,True,899,601,453,448,71,1,298,4
58,aiohttp,compact,1000000,231531,11/10,READY,0,optimal_numerical,True,471,314,231,233,36,1,157,3
60,matplotlib,fielded,1000000,1011144,11/10,READY,0,optimal_numerical,True,2737,1850,1536,1353,393,1,887,7
61,pydantic,fielded,1000000,668703,11/10,READY,0,optimal_numerical,True,2061,1398,1170,1032,301,1,663,5
62,aiohttp,fielded,1000000,426119,11/10,READY,0,optimal_numerical,True,1179,801,630,563,172,1,378,5
63,jsonschema,fielded,1000000,167196,11/10,READY,0,optimal_numerical,True,481,326,270,240,77,1,155,6
64,matplotlib,compact,1000000,1004814,5/4,READY,0,optimal_numerical,True,1795,1197,903,897,136,1,598,5
65,pydantic,compact,1000000,366328,5/4,READY,0,optimal_numerical,True,899,601,453,448,71,1,298,4
66,aiohttp,compact,1000000,231531,5/4,READY,0,optimal_numerical,True,471,314,231,233,36,1,157,3
68,matplotlib,fielded,1000000,1011144,5/4,READY,0,optimal_numerical,True,2737,1850,1536,1353,393,1,887,7
69,pydantic,fielded,1000000,668703,5/4,READY,0,optimal_numerical,True,2061,1398,1170,1032,301,1,663,5
70,aiohttp,fielded,1000000,426119,5/4,READY,0,optimal_numerical,True,1179,801,630,563,172,1,378,5
71,jsonschema,fielded,1000000,167196,5/4,READY,0,optimal_numerical,True,481,326,270,240,78,1,155,6
72,matplotlib,compact,1000000,1004814,3/2,READY,0,optimal_numerical,True,1795,1197,903,897,136,1,598,5
73,pydantic,compact,1000000,366328,3/2,READY,0,optimal_numerical,True,899,601,453,448,71,1,298,4
74,aiohttp,compact,1000000,231531,3/2,READY,0,optimal_numerical,True,471,314,231,233,36,1,157,3
76,matplotlib,fielded,1000000,1011144,3/2,READY,0,optimal_numerical,True,2737,1850,1536,1353,407,1,887,7
77,pydantic,fielded,1000000,668703,3/2,READY,0,optimal_numerical,True,2061,1398,1170,1032,312,1,663,5
78,aiohttp,fielded,1000000,426119,3/2,READY,0,optimal_numerical,True,1179,801,630,563,180,1,378,5
79,jsonschema,fielded,1000000,167196,3/2,READY,0,optimal_numerical,True,481,326,270,240,80,1,155,6
80,matplotlib,compact,1000000,1004814,2,READY,0,optimal_numerical,True,793,529,402,396,133,1,264,4
81,pydantic,compact,1000000,366328,2,READY,0,optimal_numerical,True,363,243,189,183,64,1,120,3
82,aiohttp,compact,1000000,231531,2,READY,0,optimal_numerical,True,216,144,105,106,34,1,72,3
84,matplotlib,fielded,1000000,1011144,2,READY,0,optimal_numerical,True,755,518,426,374,128,1,237,6
85,pydantic,fielded,1000000,668703,2,READY,0,optimal_numerical,True,677,468,387,337,117,1,209,5
86,aiohttp,fielded,1000000,426119,2,READY,0,optimal_numerical,True,335,233,180,159,57,1,102,5
87,jsonschema,fielded,1000000,167196,2,READY,0,optimal_numerical,True,188,130,99,90,26,1,58,5
88,matplotlib,compact,1000000,1004814,32,READY,0,optimal_numerical,True,4994,4394,1050,935,384,1,600,33
89,pydantic,compact,1000000,366328,32,READY,0,optimal_numerical,True,4010,3635,690,602,278,1,375,43
90,aiohttp,compact,1000000,231531,32,READY,0,optimal_numerical,True,1537,1354,351,299,149,1,183,37
92,matplotlib,fielded,1000000,1011144,32,READY,0,optimal_numerical,True,13377,12274,2073,1782,830,1,1103,662
93,pydantic,fielded,1000000,668703,32,READY,0,optimal_numerical,True,13619,12615,1887,1623,819,1,1004,783
94,aiohttp,fielded,1000000,426119,32,READY,0,optimal_numerical,True,8544,7773,1521,1273,679,1,771,620
95,jsonschema,fielded,1000000,167196,32,READY,0,optimal_numerical,True,3657,3367,579,481,283,1,290,248
104,matplotlib,compact,10000000,1856156,11/10,READY,0,optimal_numerical,True,3355,2237,1695,1680,273,1,1118,4
108,matplotlib,fielded,10000000,3373699,11/10,READY,0,optimal_numerical,True,8277,5599,4569,4053,1193,1,2678,6
112,matplotlib,compact,10000000,1856156,5/4,READY,0,optimal_numerical,True,3355,2237,1695,1680,273,1,1118,4
116,matplotlib,fielded,10000000,3373699,5/4,READY,0,optimal_numerical,True,8277,5599,4569,4053,1195,1,2678,6
120,matplotlib,compact,10000000,1856156,3/2,READY,0,optimal_numerical,True,3355,2237,1695,1680,273,1,1118,4
124,matplotlib,fielded,10000000,3373699,3/2,READY,0,optimal_numerical,True,8277,5599,4569,4053,1219,1,2678,6
128,matplotlib,compact,10000000,1856156,2,READY,0,optimal_numerical,True,1563,1042,804,786,264,1,521,4
132,matplotlib,fielded,10000000,3373699,2,READY,0,optimal_numerical,True,2203,1511,1185,1062,363,1,692,6
136,matplotlib,compact,10000000,1856156,32,READY,0,optimal_numerical,True,11397,10013,2412,2159,963,1,1384,100
